/*
SQLyog Ultimate v12.09 (64 bit)
MySQL - 5.5.46-MariaDB : Database - laravel
*********************************************************************
*/

/*!40101 SET NAMES utf8 */;

/*!40101 SET SQL_MODE=''*/;

/*!40014 SET @OLD_UNIQUE_CHECKS=@@UNIQUE_CHECKS, UNIQUE_CHECKS=0 */;
/*!40014 SET @OLD_FOREIGN_KEY_CHECKS=@@FOREIGN_KEY_CHECKS, FOREIGN_KEY_CHECKS=0 */;
/*!40101 SET @OLD_SQL_MODE=@@SQL_MODE, SQL_MODE='NO_AUTO_VALUE_ON_ZERO' */;
/*!40111 SET @OLD_SQL_NOTES=@@SQL_NOTES, SQL_NOTES=0 */;
/*Table structure for table `admin_menu` */

DROP TABLE IF EXISTS `admin_menu`;

CREATE TABLE `admin_menu` (
  `id` int(11) NOT NULL AUTO_INCREMENT,
  `pid` int(10) unsigned NOT NULL DEFAULT '0' COMMENT '父ID',
  `project` varchar(64) NOT NULL DEFAULT 'default' COMMENT '项目名称',
  `name` varchar(64) NOT NULL DEFAULT '' COMMENT '菜单名',
  `english_name` varchar(64) NOT NULL DEFAULT '' COMMENT '菜单英文名，多个单词中间以-分割\n顶部菜单以top为前缀\n侧边菜单以side为前缀\n例：top-system-setting,side-system-setting,system-setting',
  `target` varchar(32) NOT NULL DEFAULT 'navtab' COMMENT '目标窗口类型',
  `url` varchar(128) NOT NULL DEFAULT 'javascript:;' COMMENT '跳转URL',
  `sort` tinyint(3) unsigned NOT NULL DEFAULT '0' COMMENT '排序值',
  `active` tinyint(1) unsigned NOT NULL DEFAULT '0' COMMENT '当前顶部菜单是否为激活状态\n0：否\n1：是',
  `fresh` tinyint(1) unsigned NOT NULL DEFAULT '1' COMMENT '重复打开页面时，是否重新加载\n0：否\n1：是',
  `display` tinyint(1) unsigned NOT NULL DEFAULT '1' COMMENT '是否显示\n0：不显示\n1：显示',
  `created_at` int(10) unsigned NOT NULL DEFAULT '0' COMMENT '创建时间',
  `updated_at` int(10) unsigned NOT NULL DEFAULT '0' COMMENT '更新时间',
  PRIMARY KEY (`id`)
) ENGINE=InnoDB AUTO_INCREMENT=25 DEFAULT CHARSET=utf8 COMMENT='后台管理系统——菜单表';

/*Data for the table `admin_menu` */

insert  into `admin_menu`(`id`,`pid`,`project`,`name`,`english_name`,`target`,`url`,`sort`,`active`,`fresh`,`display`,`created_at`,`updated_at`) values (1,0,'default','系统设置','top-system-setting','navtab','javascript:;',100,0,1,1,1492153824,1492153824),(2,1,'default','系统设置','side-system-setting','navtab','javascript:;',0,0,1,1,1492153824,1492153824),(3,2,'default','用户列表','user-list','navtab','admin/user/role-assignment',0,0,1,1,1492153824,1492153824),(4,2,'default','角色权限','role-permission','navtab','admin/user/authority-management',0,0,1,1,1492153824,1492153824),(5,0,'default','网站设置','top-website-setting','navtab','javascript:;',0,0,1,1,1492153824,1492153824),(6,5,'default','网站设置','side-website-setting','navtab','javascript:;',0,0,1,1,1492153824,1492153824),(7,6,'default','网站信息','website-information','navtab','javascript:;',0,0,1,1,1492153824,1492153824),(8,0,'default','工艺管理','top-process-setting','navtab','javascript:;',0,1,1,1,1508404689,1508404689),(9,8,'default','工艺管理','side-process-setting','navtab','javascript:;',0,0,1,1,1508404809,1508404809),(10,9,'default','工艺列表','process-list','navtab','admin/process/lists',0,0,1,1,1508404809,1508404809),(11,0,'default','产品管理','top-product-manage','navtab','javascript:;',0,0,1,1,1492153824,1492153824),(12,11,'default','产品管理','side-product-manage','navtab','javascript:;',0,0,1,1,1492153824,1492153824),(13,12,'default','产品列表','product-list','navtab','admin/pro/list',0,0,1,1,1492153824,1492153824),(14,12,'default','管理员列表','authority-management','navtab','admin/user/authority-management',0,0,1,1,1492153824,1492153824),(15,12,'default','添加产品','product-add','navtab','admin/pro/add',0,0,1,1,1492153824,1492153824),(16,12,'default','分类管理','category-list','navtab','admin/category/list',0,0,1,1,1492153824,1492153824),(17,12,'default','出入库流水','product-list','navtab','admin/stock/list',0,0,1,1,1492153824,1492153824),(18,2,'default','节点管理','menu-list','navtab','admin/menu/list',0,0,1,1,1492153824,1492153824),(19,9,'default','工序管理','order-type','navtab','admin/order-type/list',0,0,1,1,0,0),(20,9,'default','工艺字典列表','process-filed-list','navtab','admin/process/field-lists',0,0,1,1,0,0),(21,0,'default','企业管理','top-company','navtab','javascript:;',0,0,1,1,0,0),(22,21,'default','企业管理','side-company','navtab','javascript:;',0,0,1,1,0,0),(23,22,'default','部门列表','depart-lists','navtab','admin/company/depart-lists',0,0,1,1,0,0),(24,22,'default','员工列表','depart-user-lists','navtab','admin/company/depart-user-lists',0,0,1,1,0,0);

/*Table structure for table `admin_permission` */

DROP TABLE IF EXISTS `admin_permission`;

CREATE TABLE `admin_permission` (
  `id` int(11) NOT NULL AUTO_INCREMENT,
  `name` varchar(32) NOT NULL DEFAULT '' COMMENT '权限名',
  `display_name` varchar(32) NOT NULL DEFAULT '' COMMENT '人类可读的角色名',
  `description` varchar(255) NOT NULL DEFAULT '' COMMENT '该角色的详细描述',
  `created_at` int(10) unsigned NOT NULL DEFAULT '0' COMMENT '创建时间',
  `updated_at` int(10) unsigned NOT NULL DEFAULT '0' COMMENT '更新时间',
  PRIMARY KEY (`id`)
) ENGINE=InnoDB DEFAULT CHARSET=utf8 COMMENT='后台管理系统——权限表';

/*Data for the table `admin_permission` */

/*Table structure for table `admin_permission_role` */

DROP TABLE IF EXISTS `admin_permission_role`;

CREATE TABLE `admin_permission_role` (
  `id` int(11) NOT NULL AUTO_INCREMENT,
  `admin_permission_id` int(10) unsigned NOT NULL DEFAULT '0',
  `admin_role_id` int(10) unsigned NOT NULL DEFAULT '0',
  `created_at` int(10) unsigned NOT NULL DEFAULT '0' COMMENT '创建时间',
  `updated_at` int(10) unsigned NOT NULL DEFAULT '0' COMMENT '更新时间',
  PRIMARY KEY (`id`)
) ENGINE=InnoDB DEFAULT CHARSET=utf8 COMMENT='后台管理系统——权限和角色多对多关系表';

/*Data for the table `admin_permission_role` */

/*Table structure for table `admin_role` */

DROP TABLE IF EXISTS `admin_role`;

CREATE TABLE `admin_role` (
  `id` int(11) NOT NULL AUTO_INCREMENT,
  `name` varchar(32) NOT NULL DEFAULT '' COMMENT '角色名',
  `display_name` varchar(32) NOT NULL DEFAULT '' COMMENT '人类可读的角色名',
  `description` varchar(255) NOT NULL DEFAULT '' COMMENT '该角色的详细描述',
  `created_at` int(10) unsigned NOT NULL DEFAULT '0' COMMENT '创建时间',
  `updated_at` int(10) unsigned NOT NULL DEFAULT '0' COMMENT '更新时间',
  PRIMARY KEY (`id`),
  UNIQUE KEY `name_UNIQUE` (`name`)
) ENGINE=InnoDB AUTO_INCREMENT=2 DEFAULT CHARSET=utf8 COMMENT='后台管理系统——角色表';

/*Data for the table `admin_role` */

insert  into `admin_role`(`id`,`name`,`display_name`,`description`,`created_at`,`updated_at`) values (1,'admin','管理员','系统管理员',1492153824,1492153824);

/*Table structure for table `admin_role_menu` */

DROP TABLE IF EXISTS `admin_role_menu`;

CREATE TABLE `admin_role_menu` (
  `id` int(11) NOT NULL AUTO_INCREMENT,
  `admin_role_id` int(10) unsigned NOT NULL DEFAULT '0',
  `admin_menu_id` int(10) unsigned NOT NULL DEFAULT '0',
  `deleted_at` int(10) unsigned DEFAULT NULL,
  `created_at` int(10) unsigned NOT NULL DEFAULT '0' COMMENT '创建时间',
  `updated_at` int(10) unsigned NOT NULL DEFAULT '0' COMMENT '更新时间',
  PRIMARY KEY (`id`)
) ENGINE=InnoDB AUTO_INCREMENT=18 DEFAULT CHARSET=utf8 COMMENT='后台管理系统——角色和菜单多对多关系表';

/*Data for the table `admin_role_menu` */

insert  into `admin_role_menu`(`id`,`admin_role_id`,`admin_menu_id`,`deleted_at`,`created_at`,`updated_at`) values (1,1,3,NULL,1492153824,1509514325),(2,1,4,NULL,1492153824,1492153824),(3,1,7,NULL,1492153824,1492153824),(4,1,9,NULL,1492153824,1492153824),(5,1,10,NULL,1492153824,1492153824),(7,1,12,NULL,1492153824,1492153824),(8,1,13,NULL,1492153824,1492153824),(9,1,14,NULL,1492153824,1492153824),(10,1,15,NULL,1492153824,1492153824),(11,1,16,NULL,1492153824,1492153824),(12,1,17,NULL,1492153824,1492153824),(13,1,18,NULL,1492153824,1492153824),(14,1,19,NULL,1492153824,1492153824),(15,1,20,NULL,0,0),(16,1,23,NULL,0,0),(17,1,24,NULL,0,0);

/*Table structure for table `admin_role_user` */

DROP TABLE IF EXISTS `admin_role_user`;

CREATE TABLE `admin_role_user` (
  `id` int(11) NOT NULL AUTO_INCREMENT,
  `admin_role_id` int(10) unsigned NOT NULL DEFAULT '0',
  `admin_user_id` int(10) unsigned NOT NULL DEFAULT '0',
  `deleted_at` int(10) unsigned DEFAULT NULL,
  `created_at` int(10) unsigned NOT NULL DEFAULT '0' COMMENT '创建时间',
  `updated_at` int(10) unsigned NOT NULL DEFAULT '0' COMMENT '更新时间',
  PRIMARY KEY (`id`)
) ENGINE=InnoDB AUTO_INCREMENT=2 DEFAULT CHARSET=utf8 COMMENT='后台管理系统——角色和用户多对多关系表';

/*Data for the table `admin_role_user` */

insert  into `admin_role_user`(`id`,`admin_role_id`,`admin_user_id`,`deleted_at`,`created_at`,`updated_at`) values (1,1,1,NULL,1492153824,1492153824);

/*Table structure for table `admin_user` */

DROP TABLE IF EXISTS `admin_user`;

CREATE TABLE `admin_user` (
  `id` int(10) unsigned NOT NULL AUTO_INCREMENT,
  `username` varchar(32) NOT NULL DEFAULT '' COMMENT '用户名',
  `nickname` varchar(32) NOT NULL DEFAULT '' COMMENT '昵称',
  `email` varchar(64) NOT NULL DEFAULT '' COMMENT 'Email',
  `mobile` char(11) NOT NULL DEFAULT '' COMMENT '手机号',
  `telephone` varchar(16) NOT NULL DEFAULT '' COMMENT '电话',
  `password` varchar(255) NOT NULL DEFAULT '' COMMENT '密码',
  `remember_token` varchar(100) DEFAULT NULL COMMENT '记住密码功能的验证令牌',
  `status` tinyint(2) unsigned NOT NULL DEFAULT '10' COMMENT '状态\n0：禁止\n10：正常',
  `created_at` int(10) unsigned NOT NULL DEFAULT '0' COMMENT '创建时间',
  `updated_at` int(10) unsigned NOT NULL DEFAULT '0' COMMENT '更新时间',
  PRIMARY KEY (`id`),
  UNIQUE KEY `username_UNIQUE` (`username`)
) ENGINE=MyISAM AUTO_INCREMENT=2 DEFAULT CHARSET=utf8 COMMENT='后台管理系统——用户表';

/*Data for the table `admin_user` */

insert  into `admin_user`(`id`,`username`,`nickname`,`email`,`mobile`,`telephone`,`password`,`remember_token`,`status`,`created_at`,`updated_at`) values (1,'admin','','','','','$2y$10$531oRigYV5oasu3zIFidguGyFwWHcknK6Jm9mY7urOXcNzlBTkFIa','gT6aaog4dEbch7vxLpKCAOcyWO2IaU2LjPBMOeiYapTlOyyEhBhKnYYdNvyj',10,1495766873,1509096295);

/*Table structure for table `area` */

DROP TABLE IF EXISTS `area`;

CREATE TABLE `area` (
  `id` int(11) NOT NULL AUTO_INCREMENT,
  `areaID` int(11) NOT NULL,
  `area` varchar(20) CHARACTER SET gbk NOT NULL,
  `fatherID` int(11) NOT NULL,
  PRIMARY KEY (`id`)
) ENGINE=InnoDB AUTO_INCREMENT=3132 DEFAULT CHARSET=gb2312 COMMENT='省市区选择-区-数据表';

/*Data for the table `area` */

insert  into `area`(`id`,`areaID`,`area`,`fatherID`) values (1,110101,'东城区',110100),(2,110102,'西城区',110100),(3,110105,'朝阳区',110100),(4,110106,'丰台区',110100),(5,110107,'石景山区',110100),(6,110108,'海淀区',110100),(7,110109,'门头沟区',110100),(8,110111,'房山区',110100),(9,110112,'通州区',110100),(10,110113,'顺义区',110100),(11,110114,'昌平区',110100),(12,110115,'大兴区',110100),(13,110116,'怀柔区',110100),(14,110117,'平谷区',110100),(15,110118,'密云区',110100),(16,110119,'延庆区',110100),(17,120101,'和平区',120100),(18,120102,'河东区',120100),(19,120103,'河西区',120100),(20,120104,'南开区',120100),(21,120105,'河北区',120100),(22,120106,'红桥区',120100),(23,120110,'东丽区',120100),(24,120111,'西青区',120100),(25,120112,'津南区',120100),(26,120113,'北辰区',120100),(27,120114,'武清区',120100),(28,120115,'宝坻区',120100),(29,120116,'滨海新区',120100),(30,120117,'宁河区',120100),(31,120118,'静海区',120100),(32,120119,'蓟州区',120100),(33,130101,'市辖区',130100),(34,130102,'长安区',130100),(35,130104,'桥西区',130100),(36,130105,'新华区',130100),(37,130107,'井陉矿区',130100),(38,130108,'裕华区',130100),(39,130109,'藁城区',130100),(40,130110,'鹿泉区',130100),(41,130111,'栾城区',130100),(42,130121,'井陉县',130100),(43,130123,'正定县',130100),(44,130125,'行唐县',130100),(45,130126,'灵寿县',130100),(46,130127,'高邑县',130100),(47,130128,'深泽县',130100),(48,130129,'赞皇县',130100),(49,130130,'无极县',130100),(50,130131,'平山县',130100),(51,130132,'元氏县',130100),(52,130133,'赵县',130100),(53,130183,'晋州市',130100),(54,130184,'新乐市',130100),(55,130201,'市辖区',130200),(56,130202,'路南区',130200),(57,130203,'路北区',130200),(58,130204,'古冶区',130200),(59,130205,'开平区',130200),(60,130207,'丰南区',130200),(61,130208,'丰润区',130200),(62,130209,'曹妃甸区',130200),(63,130223,'滦县',130200),(64,130224,'滦南县',130200),(65,130225,'乐亭县',130200),(66,130227,'迁西县',130200),(67,130229,'玉田县',130200),(68,130281,'遵化市',130200),(69,130283,'迁安市',130200),(70,130301,'市辖区',130300),(71,130302,'海港区',130300),(72,130303,'山海关区',130300),(73,130304,'北戴河区',130300),(74,130306,'抚宁区',130300),(75,130321,'青龙满族自治县',130300),(76,130322,'昌黎县',130300),(77,130324,'卢龙县',130300),(78,130401,'市辖区',130400),(79,130402,'邯山区',130400),(80,130403,'丛台区',130400),(81,130404,'复兴区',130400),(82,130406,'峰峰矿区',130400),(83,130421,'邯郸县',130400),(84,130423,'临漳县',130400),(85,130424,'成安县',130400),(86,130425,'大名县',130400),(87,130426,'涉县',130400),(88,130427,'磁县',130400),(89,130428,'肥乡县',130400),(90,130429,'永年县',130400),(91,130430,'邱县',130400),(92,130431,'鸡泽县',130400),(93,130432,'广平县',130400),(94,130433,'馆陶县',130400),(95,130434,'魏县',130400),(96,130435,'曲周县',130400),(97,130481,'武安市',130400),(98,130501,'市辖区',130500),(99,130502,'桥东区',130500),(100,130503,'桥西区',130500),(101,130521,'邢台县',130500),(102,130522,'临城县',130500),(103,130523,'内丘县',130500),(104,130524,'柏乡县',130500),(105,130525,'隆尧县',130500),(106,130526,'任县',130500),(107,130527,'南和县',130500),(108,130528,'宁晋县',130500),(109,130529,'巨鹿县',130500),(110,130530,'新河县',130500),(111,130531,'广宗县',130500),(112,130532,'平乡县',130500),(113,130533,'威县',130500),(114,130534,'清河县',130500),(115,130535,'临西县',130500),(116,130581,'南宫市',130500),(117,130582,'沙河市',130500),(118,130601,'市辖区',130600),(119,130602,'竞秀区',130600),(120,130606,'莲池区',130600),(121,130607,'满城区',130600),(122,130608,'清苑区',130600),(123,130609,'徐水区',130600),(124,130623,'涞水县',130600),(125,130624,'阜平县',130600),(126,130626,'定兴县',130600),(127,130627,'唐县',130600),(128,130628,'高阳县',130600),(129,130629,'容城县',130600),(130,130630,'涞源县',130600),(131,130631,'望都县',130600),(132,130632,'安新县',130600),(133,130633,'易县',130600),(134,130634,'曲阳县',130600),(135,130635,'蠡县',130600),(136,130636,'顺平县',130600),(137,130637,'博野县',130600),(138,130638,'雄县',130600),(139,130681,'涿州市',130600),(140,130683,'安国市',130600),(141,130684,'高碑店市',130600),(142,130701,'市辖区',130700),(143,130702,'桥东区',130700),(144,130703,'桥西区',130700),(145,130705,'宣化区',130700),(146,130706,'下花园区',130700),(147,130708,'万全区',130700),(148,130709,'崇礼区',130700),(149,130722,'张北县',130700),(150,130723,'康保县',130700),(151,130724,'沽源县',130700),(152,130725,'尚义县',130700),(153,130726,'蔚县',130700),(154,130727,'阳原县',130700),(155,130728,'怀安县',130700),(156,130730,'怀来县',130700),(157,130731,'涿鹿县',130700),(158,130732,'赤城县',130700),(159,130801,'市辖区',130800),(160,130802,'双桥区',130800),(161,130803,'双滦区',130800),(162,130804,'鹰手营子矿区',130800),(163,130821,'承德县',130800),(164,130822,'兴隆县',130800),(165,130823,'平泉县',130800),(166,130824,'滦平县',130800),(167,130825,'隆化县',130800),(168,130826,'丰宁满族自治县',130800),(169,130827,'宽城满族自治县',130800),(170,130828,'围场满族蒙古族自治县',130800),(171,130901,'市辖区',130900),(172,130902,'新华区',130900),(173,130903,'运河区',130900),(174,130921,'沧县',130900),(175,130922,'青县',130900),(176,130923,'东光县',130900),(177,130924,'海兴县',130900),(178,130925,'盐山县',130900),(179,130926,'肃宁县',130900),(180,130927,'南皮县',130900),(181,130928,'吴桥县',130900),(182,130929,'献县',130900),(183,130930,'孟村回族自治县',130900),(184,130981,'泊头市',130900),(185,130982,'任丘市',130900),(186,130983,'黄骅市',130900),(187,130984,'河间市',130900),(188,131001,'市辖区',131000),(189,131002,'安次区',131000),(190,131003,'广阳区',131000),(191,131022,'固安县',131000),(192,131023,'永清县',131000),(193,131024,'香河县',131000),(194,131025,'大城县',131000),(195,131026,'文安县',131000),(196,131028,'大厂回族自治县',131000),(197,131081,'霸州市',131000),(198,131082,'三河市',131000),(199,131101,'市辖区',131100),(200,131102,'桃城区',131100),(201,131103,'冀州区',131100),(202,131121,'枣强县',131100),(203,131122,'武邑县',131100),(204,131123,'武强县',131100),(205,131124,'饶阳县',131100),(206,131125,'安平县',131100),(207,131126,'故城县',131100),(208,131127,'景县',131100),(209,131128,'阜城县',131100),(210,131182,'深州市',131100),(211,139001,'定州市',139000),(212,139002,'辛集市',139000),(213,140101,'市辖区',140100),(214,140105,'小店区',140100),(215,140106,'迎泽区',140100),(216,140107,'杏花岭区',140100),(217,140108,'尖草坪区',140100),(218,140109,'万柏林区',140100),(219,140110,'晋源区',140100),(220,140121,'清徐县',140100),(221,140122,'阳曲县',140100),(222,140123,'娄烦县',140100),(223,140181,'古交市',140100),(224,140201,'市辖区',140200),(225,140202,'城区',140200),(226,140203,'矿区',140200),(227,140211,'南郊区',140200),(228,140212,'新荣区',140200),(229,140221,'阳高县',140200),(230,140222,'天镇县',140200),(231,140223,'广灵县',140200),(232,140224,'灵丘县',140200),(233,140225,'浑源县',140200),(234,140226,'左云县',140200),(235,140227,'大同县',140200),(236,140301,'市辖区',140300),(237,140302,'城区',140300),(238,140303,'矿区',140300),(239,140311,'郊区',140300),(240,140321,'平定县',140300),(241,140322,'盂县',140300),(242,140401,'市辖区',140400),(243,140402,'城区',140400),(244,140411,'郊区',140400),(245,140421,'长治县',140400),(246,140423,'襄垣县',140400),(247,140424,'屯留县',140400),(248,140425,'平顺县',140400),(249,140426,'黎城县',140400),(250,140427,'壶关县',140400),(251,140428,'长子县',140400),(252,140429,'武乡县',140400),(253,140430,'沁县',140400),(254,140431,'沁源县',140400),(255,140481,'潞城市',140400),(256,140501,'市辖区',140500),(257,140502,'城区',140500),(258,140521,'沁水县',140500),(259,140522,'阳城县',140500),(260,140524,'陵川县',140500),(261,140525,'泽州县',140500),(262,140581,'高平市',140500),(263,140601,'市辖区',140600),(264,140602,'朔城区',140600),(265,140603,'平鲁区',140600),(266,140621,'山阴县',140600),(267,140622,'应县',140600),(268,140623,'右玉县',140600),(269,140624,'怀仁县',140600),(270,140701,'市辖区',140700),(271,140702,'榆次区',140700),(272,140721,'榆社县',140700),(273,140722,'左权县',140700),(274,140723,'和顺县',140700),(275,140724,'昔阳县',140700),(276,140725,'寿阳县',140700),(277,140726,'太谷县',140700),(278,140727,'祁县',140700),(279,140728,'平遥县',140700),(280,140729,'灵石县',140700),(281,140781,'介休市',140700),(282,140801,'市辖区',140800),(283,140802,'盐湖区',140800),(284,140821,'临猗县',140800),(285,140822,'万荣县',140800),(286,140823,'闻喜县',140800),(287,140824,'稷山县',140800),(288,140825,'新绛县',140800),(289,140826,'绛县',140800),(290,140827,'垣曲县',140800),(291,140828,'夏县',140800),(292,140829,'平陆县',140800),(293,140830,'芮城县',140800),(294,140881,'永济市',140800),(295,140882,'河津市',140800),(296,140901,'市辖区',140900),(297,140902,'忻府区',140900),(298,140921,'定襄县',140900),(299,140922,'五台县',140900),(300,140923,'代县',140900),(301,140924,'繁峙县',140900),(302,140925,'宁武县',140900),(303,140926,'静乐县',140900),(304,140927,'神池县',140900),(305,140928,'五寨县',140900),(306,140929,'岢岚县',140900),(307,140930,'河曲县',140900),(308,140931,'保德县',140900),(309,140932,'偏关县',140900),(310,140981,'原平市',140900),(311,141001,'市辖区',141000),(312,141002,'尧都区',141000),(313,141021,'曲沃县',141000),(314,141022,'翼城县',141000),(315,141023,'襄汾县',141000),(316,141024,'洪洞县',141000),(317,141025,'古县',141000),(318,141026,'安泽县',141000),(319,141027,'浮山县',141000),(320,141028,'吉县',141000),(321,141029,'乡宁县',141000),(322,141030,'大宁县',141000),(323,141031,'隰县',141000),(324,141032,'永和县',141000),(325,141033,'蒲县',141000),(326,141034,'汾西县',141000),(327,141081,'侯马市',141000),(328,141082,'霍州市',141000),(329,141101,'市辖区',141100),(330,141102,'离石区',141100),(331,141121,'文水县',141100),(332,141122,'交城县',141100),(333,141123,'兴县',141100),(334,141124,'临县',141100),(335,141125,'柳林县',141100),(336,141126,'石楼县',141100),(337,141127,'岚县',141100),(338,141128,'方山县',141100),(339,141129,'中阳县',141100),(340,141130,'交口县',141100),(341,141181,'孝义市',141100),(342,141182,'汾阳市',141100),(343,150101,'市辖区',150100),(344,150102,'新城区',150100),(345,150103,'回民区',150100),(346,150104,'玉泉区',150100),(347,150105,'赛罕区',150100),(348,150121,'土默特左旗',150100),(349,150122,'托克托县',150100),(350,150123,'和林格尔县',150100),(351,150124,'清水河县',150100),(352,150125,'武川县',150100),(353,150201,'市辖区',150200),(354,150202,'东河区',150200),(355,150203,'昆都仑区',150200),(356,150204,'青山区',150200),(357,150205,'石拐区',150200),(358,150206,'白云鄂博矿区',150200),(359,150207,'九原区',150200),(360,150221,'土默特右旗',150200),(361,150222,'固阳县',150200),(362,150223,'达尔罕茂明安联合旗',150200),(363,150301,'市辖区',150300),(364,150302,'海勃湾区',150300),(365,150303,'海南区',150300),(366,150304,'乌达区',150300),(367,150401,'市辖区',150400),(368,150402,'红山区',150400),(369,150403,'元宝山区',150400),(370,150404,'松山区',150400),(371,150421,'阿鲁科尔沁旗',150400),(372,150422,'巴林左旗',150400),(373,150423,'巴林右旗',150400),(374,150424,'林西县',150400),(375,150425,'克什克腾旗',150400),(376,150426,'翁牛特旗',150400),(377,150428,'喀喇沁旗',150400),(378,150429,'宁城县',150400),(379,150430,'敖汉旗',150400),(380,150501,'市辖区',150500),(381,150502,'科尔沁区',150500),(382,150521,'科尔沁左翼中旗',150500),(383,150522,'科尔沁左翼后旗',150500),(384,150523,'开鲁县',150500),(385,150524,'库伦旗',150500),(386,150525,'奈曼旗',150500),(387,150526,'扎鲁特旗',150500),(388,150581,'霍林郭勒市',150500),(389,150601,'市辖区',150600),(390,150602,'东胜区',150600),(391,150603,'康巴什区',150600),(392,150621,'达拉特旗',150600),(393,150622,'准格尔旗',150600),(394,150623,'鄂托克前旗',150600),(395,150624,'鄂托克旗',150600),(396,150625,'杭锦旗',150600),(397,150626,'乌审旗',150600),(398,150627,'伊金霍洛旗',150600),(399,150701,'市辖区',150700),(400,150702,'海拉尔区',150700),(401,150703,'扎赉诺尔区',150700),(402,150721,'阿荣旗',150700),(403,150722,'莫力达瓦达斡尔族自治旗',150700),(404,150723,'鄂伦春自治旗',150700),(405,150724,'鄂温克族自治旗',150700),(406,150725,'陈巴尔虎旗',150700),(407,150726,'新巴尔虎左旗',150700),(408,150727,'新巴尔虎右旗',150700),(409,150781,'满洲里市',150700),(410,150782,'牙克石市',150700),(411,150783,'扎兰屯市',150700),(412,150784,'额尔古纳市',150700),(413,150785,'根河市',150700),(414,150801,'市辖区',150800),(415,150802,'临河区',150800),(416,150821,'五原县',150800),(417,150822,'磴口县',150800),(418,150823,'乌拉特前旗',150800),(419,150824,'乌拉特中旗',150800),(420,150825,'乌拉特后旗',150800),(421,150826,'杭锦后旗',150800),(422,150901,'市辖区',150900),(423,150902,'集宁区',150900),(424,150921,'卓资县',150900),(425,150922,'化德县',150900),(426,150923,'商都县',150900),(427,150924,'兴和县',150900),(428,150925,'凉城县',150900),(429,150926,'察哈尔右翼前旗',150900),(430,150927,'察哈尔右翼中旗',150900),(431,150928,'察哈尔右翼后旗',150900),(432,150929,'四子王旗',150900),(433,150981,'丰镇市',150900),(434,152201,'乌兰浩特市',152200),(435,152202,'阿尔山市',152200),(436,152221,'科尔沁右翼前旗',152200),(437,152222,'科尔沁右翼中旗',152200),(438,152223,'扎赉特旗',152200),(439,152224,'突泉县',152200),(440,152501,'二连浩特市',152500),(441,152502,'锡林浩特市',152500),(442,152522,'阿巴嘎旗',152500),(443,152523,'苏尼特左旗',152500),(444,152524,'苏尼特右旗',152500),(445,152525,'东乌珠穆沁旗',152500),(446,152526,'西乌珠穆沁旗',152500),(447,152527,'太仆寺旗',152500),(448,152528,'镶黄旗',152500),(449,152529,'正镶白旗',152500),(450,152530,'正蓝旗',152500),(451,152531,'多伦县',152500),(452,152921,'阿拉善左旗',152900),(453,152922,'阿拉善右旗',152900),(454,152923,'额济纳旗',152900),(455,210101,'市辖区',210100),(456,210102,'和平区',210100),(457,210103,'沈河区',210100),(458,210104,'大东区',210100),(459,210105,'皇姑区',210100),(460,210106,'铁西区',210100),(461,210111,'苏家屯区',210100),(462,210112,'浑南区',210100),(463,210113,'沈北新区',210100),(464,210114,'于洪区',210100),(465,210115,'辽中区',210100),(466,210123,'康平县',210100),(467,210124,'法库县',210100),(468,210181,'新民市',210100),(469,210201,'市辖区',210200),(470,210202,'中山区',210200),(471,210203,'西岗区',210200),(472,210204,'沙河口区',210200),(473,210211,'甘井子区',210200),(474,210212,'旅顺口区',210200),(475,210213,'金州区',210200),(476,210214,'普兰店区',210200),(477,210224,'长海县',210200),(478,210281,'瓦房店市',210200),(479,210283,'庄河市',210200),(480,210301,'市辖区',210300),(481,210302,'铁东区',210300),(482,210303,'铁西区',210300),(483,210304,'立山区',210300),(484,210311,'千山区',210300),(485,210321,'台安县',210300),(486,210323,'岫岩满族自治县',210300),(487,210381,'海城市',210300),(488,210401,'市辖区',210400),(489,210402,'新抚区',210400),(490,210403,'东洲区',210400),(491,210404,'望花区',210400),(492,210411,'顺城区',210400),(493,210421,'抚顺县',210400),(494,210422,'新宾满族自治县',210400),(495,210423,'清原满族自治县',210400),(496,210501,'市辖区',210500),(497,210502,'平山区',210500),(498,210503,'溪湖区',210500),(499,210504,'明山区',210500),(500,210505,'南芬区',210500),(501,210521,'本溪满族自治县',210500),(502,210522,'桓仁满族自治县',210500),(503,210601,'市辖区',210600),(504,210602,'元宝区',210600),(505,210603,'振兴区',210600),(506,210604,'振安区',210600),(507,210624,'宽甸满族自治县',210600),(508,210681,'东港市',210600),(509,210682,'凤城市',210600),(510,210701,'市辖区',210700),(511,210702,'古塔区',210700),(512,210703,'凌河区',210700),(513,210711,'太和区',210700),(514,210726,'黑山县',210700),(515,210727,'义县',210700),(516,210781,'凌海市',210700),(517,210782,'北镇市',210700),(518,210801,'市辖区',210800),(519,210802,'站前区',210800),(520,210803,'西市区',210800),(521,210804,'鲅鱼圈区',210800),(522,210811,'老边区',210800),(523,210881,'盖州市',210800),(524,210882,'大石桥市',210800),(525,210901,'市辖区',210900),(526,210902,'海州区',210900),(527,210903,'新邱区',210900),(528,210904,'太平区',210900),(529,210905,'清河门区',210900),(530,210911,'细河区',210900),(531,210921,'阜新蒙古族自治县',210900),(532,210922,'彰武县',210900),(533,211001,'市辖区',211000),(534,211002,'白塔区',211000),(535,211003,'文圣区',211000),(536,211004,'宏伟区',211000),(537,211005,'弓长岭区',211000),(538,211011,'太子河区',211000),(539,211021,'辽阳县',211000),(540,211081,'灯塔市',211000),(541,211101,'市辖区',211100),(542,211102,'双台子区',211100),(543,211103,'兴隆台区',211100),(544,211104,'大洼区',211100),(545,211122,'盘山县',211100),(546,211201,'市辖区',211200),(547,211202,'银州区',211200),(548,211204,'清河区',211200),(549,211221,'铁岭县',211200),(550,211223,'西丰县',211200),(551,211224,'昌图县',211200),(552,211281,'调兵山市',211200),(553,211282,'开原市',211200),(554,211301,'市辖区',211300),(555,211302,'双塔区',211300),(556,211303,'龙城区',211300),(557,211321,'朝阳县',211300),(558,211322,'建平县',211300),(559,211324,'喀喇沁左翼蒙古族自治县',211300),(560,211381,'北票市',211300),(561,211382,'凌源市',211300),(562,211401,'市辖区',211400),(563,211402,'连山区',211400),(564,211403,'龙港区',211400),(565,211404,'南票区',211400),(566,211421,'绥中县',211400),(567,211422,'建昌县',211400),(568,211481,'兴城市',211400),(569,220101,'市辖区',220100),(570,220102,'南关区',220100),(571,220103,'宽城区',220100),(572,220104,'朝阳区',220100),(573,220105,'二道区',220100),(574,220106,'绿园区',220100),(575,220112,'双阳区',220100),(576,220113,'九台区',220100),(577,220122,'农安县',220100),(578,220182,'榆树市',220100),(579,220183,'德惠市',220100),(580,220201,'市辖区',220200),(581,220202,'昌邑区',220200),(582,220203,'龙潭区',220200),(583,220204,'船营区',220200),(584,220211,'丰满区',220200),(585,220221,'永吉县',220200),(586,220281,'蛟河市',220200),(587,220282,'桦甸市',220200),(588,220283,'舒兰市',220200),(589,220284,'磐石市',220200),(590,220301,'市辖区',220300),(591,220302,'铁西区',220300),(592,220303,'铁东区',220300),(593,220322,'梨树县',220300),(594,220323,'伊通满族自治县',220300),(595,220381,'公主岭市',220300),(596,220382,'双辽市',220300),(597,220401,'市辖区',220400),(598,220402,'龙山区',220400),(599,220403,'西安区',220400),(600,220421,'东丰县',220400),(601,220422,'东辽县',220400),(602,220501,'市辖区',220500),(603,220502,'东昌区',220500),(604,220503,'二道江区',220500),(605,220521,'通化县',220500),(606,220523,'辉南县',220500),(607,220524,'柳河县',220500),(608,220581,'梅河口市',220500),(609,220582,'集安市',220500),(610,220601,'市辖区',220600),(611,220602,'浑江区',220600),(612,220605,'江源区',220600),(613,220621,'抚松县',220600),(614,220622,'靖宇县',220600),(615,220623,'长白朝鲜族自治县',220600),(616,220681,'临江市',220600),(617,220701,'市辖区',220700),(618,220702,'宁江区',220700),(619,220721,'前郭尔罗斯蒙古族自治县',220700),(620,220722,'长岭县',220700),(621,220723,'乾安县',220700),(622,220781,'扶余市',220700),(623,220801,'市辖区',220800),(624,220802,'洮北区',220800),(625,220821,'镇赉县',220800),(626,220822,'通榆县',220800),(627,220881,'洮南市',220800),(628,220882,'大安市',220800),(629,222401,'延吉市',222400),(630,222402,'图们市',222400),(631,222403,'敦化市',222400),(632,222404,'珲春市',222400),(633,222405,'龙井市',222400),(634,222406,'和龙市',222400),(635,222424,'汪清县',222400),(636,222426,'安图县',222400),(637,230101,'市辖区',230100),(638,230102,'道里区',230100),(639,230103,'南岗区',230100),(640,230104,'道外区',230100),(641,230108,'平房区',230100),(642,230109,'松北区',230100),(643,230110,'香坊区',230100),(644,230111,'呼兰区',230100),(645,230112,'阿城区',230100),(646,230113,'双城区',230100),(647,230123,'依兰县',230100),(648,230124,'方正县',230100),(649,230125,'宾县',230100),(650,230126,'巴彦县',230100),(651,230127,'木兰县',230100),(652,230128,'通河县',230100),(653,230129,'延寿县',230100),(654,230183,'尚志市',230100),(655,230184,'五常市',230100),(656,230201,'市辖区',230200),(657,230202,'龙沙区',230200),(658,230203,'建华区',230200),(659,230204,'铁锋区',230200),(660,230205,'昂昂溪区',230200),(661,230206,'富拉尔基区',230200),(662,230207,'碾子山区',230200),(663,230208,'梅里斯达斡尔族区',230200),(664,230221,'龙江县',230200),(665,230223,'依安县',230200),(666,230224,'泰来县',230200),(667,230225,'甘南县',230200),(668,230227,'富裕县',230200),(669,230229,'克山县',230200),(670,230230,'克东县',230200),(671,230231,'拜泉县',230200),(672,230281,'讷河市',230200),(673,230301,'市辖区',230300),(674,230302,'鸡冠区',230300),(675,230303,'恒山区',230300),(676,230304,'滴道区',230300),(677,230305,'梨树区',230300),(678,230306,'城子河区',230300),(679,230307,'麻山区',230300),(680,230321,'鸡东县',230300),(681,230381,'虎林市',230300),(682,230382,'密山市',230300),(683,230401,'市辖区',230400),(684,230402,'向阳区',230400),(685,230403,'工农区',230400),(686,230404,'南山区',230400),(687,230405,'兴安区',230400),(688,230406,'东山区',230400),(689,230407,'兴山区',230400),(690,230421,'萝北县',230400),(691,230422,'绥滨县',230400),(692,230501,'市辖区',230500),(693,230502,'尖山区',230500),(694,230503,'岭东区',230500),(695,230505,'四方台区',230500),(696,230506,'宝山区',230500),(697,230521,'集贤县',230500),(698,230522,'友谊县',230500),(699,230523,'宝清县',230500),(700,230524,'饶河县',230500),(701,230601,'市辖区',230600),(702,230602,'萨尔图区',230600),(703,230603,'龙凤区',230600),(704,230604,'让胡路区',230600),(705,230605,'红岗区',230600),(706,230606,'大同区',230600),(707,230621,'肇州县',230600),(708,230622,'肇源县',230600),(709,230623,'林甸县',230600),(710,230624,'杜尔伯特蒙古族自治县',230600),(711,230701,'市辖区',230700),(712,230702,'伊春区',230700),(713,230703,'南岔区',230700),(714,230704,'友好区',230700),(715,230705,'西林区',230700),(716,230706,'翠峦区',230700),(717,230707,'新青区',230700),(718,230708,'美溪区',230700),(719,230709,'金山屯区',230700),(720,230710,'五营区',230700),(721,230711,'乌马河区',230700),(722,230712,'汤旺河区',230700),(723,230713,'带岭区',230700),(724,230714,'乌伊岭区',230700),(725,230715,'红星区',230700),(726,230716,'上甘岭区',230700),(727,230722,'嘉荫县',230700),(728,230781,'铁力市',230700),(729,230801,'市辖区',230800),(730,230803,'向阳区',230800),(731,230804,'前进区',230800),(732,230805,'东风区',230800),(733,230811,'郊区',230800),(734,230822,'桦南县',230800),(735,230826,'桦川县',230800),(736,230828,'汤原县',230800),(737,230881,'同江市',230800),(738,230882,'富锦市',230800),(739,230883,'抚远市',230800),(740,230901,'市辖区',230900),(741,230902,'新兴区',230900),(742,230903,'桃山区',230900),(743,230904,'茄子河区',230900),(744,230921,'勃利县',230900),(745,231001,'市辖区',231000),(746,231002,'东安区',231000),(747,231003,'阳明区',231000),(748,231004,'爱民区',231000),(749,231005,'西安区',231000),(750,231025,'林口县',231000),(751,231081,'绥芬河市',231000),(752,231083,'海林市',231000),(753,231084,'宁安市',231000),(754,231085,'穆棱市',231000),(755,231086,'东宁市',231000),(756,231101,'市辖区',231100),(757,231102,'爱辉区',231100),(758,231121,'嫩江县',231100),(759,231123,'逊克县',231100),(760,231124,'孙吴县',231100),(761,231181,'北安市',231100),(762,231182,'五大连池市',231100),(763,231201,'市辖区',231200),(764,231202,'北林区',231200),(765,231221,'望奎县',231200),(766,231222,'兰西县',231200),(767,231223,'青冈县',231200),(768,231224,'庆安县',231200),(769,231225,'明水县',231200),(770,231226,'绥棱县',231200),(771,231281,'安达市',231200),(772,231282,'肇东市',231200),(773,231283,'海伦市',231200),(774,232721,'呼玛县',232700),(775,232722,'塔河县',232700),(776,232723,'漠河县',232700),(777,310101,'黄浦区',310100),(778,310104,'徐汇区',310100),(779,310105,'长宁区',310100),(780,310106,'静安区',310100),(781,310107,'普陀区',310100),(782,310109,'虹口区',310100),(783,310110,'杨浦区',310100),(784,310112,'闵行区',310100),(785,310113,'宝山区',310100),(786,310114,'嘉定区',310100),(787,310115,'浦东新区',310100),(788,310116,'金山区',310100),(789,310117,'松江区',310100),(790,310118,'青浦区',310100),(791,310120,'奉贤区',310100),(792,310151,'崇明区',310100),(793,320101,'市辖区',320100),(794,320102,'玄武区',320100),(795,320104,'秦淮区',320100),(796,320105,'建邺区',320100),(797,320106,'鼓楼区',320100),(798,320111,'浦口区',320100),(799,320113,'栖霞区',320100),(800,320114,'雨花台区',320100),(801,320115,'江宁区',320100),(802,320116,'六合区',320100),(803,320117,'溧水区',320100),(804,320118,'高淳区',320100),(805,320201,'市辖区',320200),(806,320205,'锡山区',320200),(807,320206,'惠山区',320200),(808,320211,'滨湖区',320200),(809,320213,'梁溪区',320200),(810,320214,'新吴区',320200),(811,320281,'江阴市',320200),(812,320282,'宜兴市',320200),(813,320301,'市辖区',320300),(814,320302,'鼓楼区',320300),(815,320303,'云龙区',320300),(816,320305,'贾汪区',320300),(817,320311,'泉山区',320300),(818,320312,'铜山区',320300),(819,320321,'丰县',320300),(820,320322,'沛县',320300),(821,320324,'睢宁县',320300),(822,320381,'新沂市',320300),(823,320382,'邳州市',320300),(824,320401,'市辖区',320400),(825,320402,'天宁区',320400),(826,320404,'钟楼区',320400),(827,320411,'新北区',320400),(828,320412,'武进区',320400),(829,320413,'金坛区',320400),(830,320481,'溧阳市',320400),(831,320501,'市辖区',320500),(832,320505,'虎丘区',320500),(833,320506,'吴中区',320500),(834,320507,'相城区',320500),(835,320508,'姑苏区',320500),(836,320509,'吴江区',320500),(837,320581,'常熟市',320500),(838,320582,'张家港市',320500),(839,320583,'昆山市',320500),(840,320585,'太仓市',320500),(841,320601,'市辖区',320600),(842,320602,'崇川区',320600),(843,320611,'港闸区',320600),(844,320612,'通州区',320600),(845,320621,'海安县',320600),(846,320623,'如东县',320600),(847,320681,'启东市',320600),(848,320682,'如皋市',320600),(849,320684,'海门市',320600),(850,320701,'市辖区',320700),(851,320703,'连云区',320700),(852,320706,'海州区',320700),(853,320707,'赣榆区',320700),(854,320722,'东海县',320700),(855,320723,'灌云县',320700),(856,320724,'灌南县',320700),(857,320801,'市辖区',320800),(858,320803,'淮安区',320800),(859,320804,'淮阴区',320800),(860,320812,'清江浦区',320800),(861,320813,'洪泽区',320800),(862,320826,'涟水县',320800),(863,320830,'盱眙县',320800),(864,320831,'金湖县',320800),(865,320901,'市辖区',320900),(866,320902,'亭湖区',320900),(867,320903,'盐都区',320900),(868,320904,'大丰区',320900),(869,320921,'响水县',320900),(870,320922,'滨海县',320900),(871,320923,'阜宁县',320900),(872,320924,'射阳县',320900),(873,320925,'建湖县',320900),(874,320981,'东台市',320900),(875,321001,'市辖区',321000),(876,321002,'广陵区',321000),(877,321003,'邗江区',321000),(878,321012,'江都区',321000),(879,321023,'宝应县',321000),(880,321081,'仪征市',321000),(881,321084,'高邮市',321000),(882,321101,'市辖区',321100),(883,321102,'京口区',321100),(884,321111,'润州区',321100),(885,321112,'丹徒区',321100),(886,321181,'丹阳市',321100),(887,321182,'扬中市',321100),(888,321183,'句容市',321100),(889,321201,'市辖区',321200),(890,321202,'海陵区',321200),(891,321203,'高港区',321200),(892,321204,'姜堰区',321200),(893,321281,'兴化市',321200),(894,321282,'靖江市',321200),(895,321283,'泰兴市',321200),(896,321301,'市辖区',321300),(897,321302,'宿城区',321300),(898,321311,'宿豫区',321300),(899,321322,'沭阳县',321300),(900,321323,'泗阳县',321300),(901,321324,'泗洪县',321300),(902,330101,'市辖区',330100),(903,330102,'上城区',330100),(904,330103,'下城区',330100),(905,330104,'江干区',330100),(906,330105,'拱墅区',330100),(907,330106,'西湖区',330100),(908,330108,'滨江区',330100),(909,330109,'萧山区',330100),(910,330110,'余杭区',330100),(911,330111,'富阳区',330100),(912,330122,'桐庐县',330100),(913,330127,'淳安县',330100),(914,330182,'建德市',330100),(915,330185,'临安市',330100),(916,330201,'市辖区',330200),(917,330203,'海曙区',330200),(918,330204,'江东区',330200),(919,330205,'江北区',330200),(920,330206,'北仑区',330200),(921,330211,'镇海区',330200),(922,330212,'鄞州区',330200),(923,330225,'象山县',330200),(924,330226,'宁海县',330200),(925,330281,'余姚市',330200),(926,330282,'慈溪市',330200),(927,330283,'奉化市',330200),(928,330301,'市辖区',330300),(929,330302,'鹿城区',330300),(930,330303,'龙湾区',330300),(931,330304,'瓯海区',330300),(932,330305,'洞头区',330300),(933,330324,'永嘉县',330300),(934,330326,'平阳县',330300),(935,330327,'苍南县',330300),(936,330328,'文成县',330300),(937,330329,'泰顺县',330300),(938,330381,'瑞安市',330300),(939,330382,'乐清市',330300),(940,330401,'市辖区',330400),(941,330402,'南湖区',330400),(942,330411,'秀洲区',330400),(943,330421,'嘉善县',330400),(944,330424,'海盐县',330400),(945,330481,'海宁市',330400),(946,330482,'平湖市',330400),(947,330483,'桐乡市',330400),(948,330501,'市辖区',330500),(949,330502,'吴兴区',330500),(950,330503,'南浔区',330500),(951,330521,'德清县',330500),(952,330522,'长兴县',330500),(953,330523,'安吉县',330500),(954,330601,'市辖区',330600),(955,330602,'越城区',330600),(956,330603,'柯桥区',330600),(957,330604,'上虞区',330600),(958,330624,'新昌县',330600),(959,330681,'诸暨市',330600),(960,330683,'嵊州市',330600),(961,330701,'市辖区',330700),(962,330702,'婺城区',330700),(963,330703,'金东区',330700),(964,330723,'武义县',330700),(965,330726,'浦江县',330700),(966,330727,'磐安县',330700),(967,330781,'兰溪市',330700),(968,330782,'义乌市',330700),(969,330783,'东阳市',330700),(970,330784,'永康市',330700),(971,330801,'市辖区',330800),(972,330802,'柯城区',330800),(973,330803,'衢江区',330800),(974,330822,'常山县',330800),(975,330824,'开化县',330800),(976,330825,'龙游县',330800),(977,330881,'江山市',330800),(978,330901,'市辖区',330900),(979,330902,'定海区',330900),(980,330903,'普陀区',330900),(981,330921,'岱山县',330900),(982,330922,'嵊泗县',330900),(983,331001,'市辖区',331000),(984,331002,'椒江区',331000),(985,331003,'黄岩区',331000),(986,331004,'路桥区',331000),(987,331021,'玉环县',331000),(988,331022,'三门县',331000),(989,331023,'天台县',331000),(990,331024,'仙居县',331000),(991,331081,'温岭市',331000),(992,331082,'临海市',331000),(993,331101,'市辖区',331100),(994,331102,'莲都区',331100),(995,331121,'青田县',331100),(996,331122,'缙云县',331100),(997,331123,'遂昌县',331100),(998,331124,'松阳县',331100),(999,331125,'云和县',331100),(1000,331126,'庆元县',331100),(1001,331127,'景宁畲族自治县',331100),(1002,331181,'龙泉市',331100),(1003,340101,'市辖区',340100),(1004,340102,'瑶海区',340100),(1005,340103,'庐阳区',340100),(1006,340104,'蜀山区',340100),(1007,340111,'包河区',340100),(1008,340121,'长丰县',340100),(1009,340122,'肥东县',340100),(1010,340123,'肥西县',340100),(1011,340124,'庐江县',340100),(1012,340181,'巢湖市',340100),(1013,340201,'市辖区',340200),(1014,340202,'镜湖区',340200),(1015,340203,'弋江区',340200),(1016,340207,'鸠江区',340200),(1017,340208,'三山区',340200),(1018,340221,'芜湖县',340200),(1019,340222,'繁昌县',340200),(1020,340223,'南陵县',340200),(1021,340225,'无为县',340200),(1022,340301,'市辖区',340300),(1023,340302,'龙子湖区',340300),(1024,340303,'蚌山区',340300),(1025,340304,'禹会区',340300),(1026,340311,'淮上区',340300),(1027,340321,'怀远县',340300),(1028,340322,'五河县',340300),(1029,340323,'固镇县',340300),(1030,340401,'市辖区',340400),(1031,340402,'大通区',340400),(1032,340403,'田家庵区',340400),(1033,340404,'谢家集区',340400),(1034,340405,'八公山区',340400),(1035,340406,'潘集区',340400),(1036,340421,'凤台县',340400),(1037,340422,'寿县',340400),(1038,340501,'市辖区',340500),(1039,340503,'花山区',340500),(1040,340504,'雨山区',340500),(1041,340506,'博望区',340500),(1042,340521,'当涂县',340500),(1043,340522,'含山县',340500),(1044,340523,'和县',340500),(1045,340601,'市辖区',340600),(1046,340602,'杜集区',340600),(1047,340603,'相山区',340600),(1048,340604,'烈山区',340600),(1049,340621,'濉溪县',340600),(1050,340701,'市辖区',340700),(1051,340705,'铜官区',340700),(1052,340706,'义安区',340700),(1053,340711,'郊区',340700),(1054,340722,'枞阳县',340700),(1055,340801,'市辖区',340800),(1056,340802,'迎江区',340800),(1057,340803,'大观区',340800),(1058,340811,'宜秀区',340800),(1059,340822,'怀宁县',340800),(1060,340824,'潜山县',340800),(1061,340825,'太湖县',340800),(1062,340826,'宿松县',340800),(1063,340827,'望江县',340800),(1064,340828,'岳西县',340800),(1065,340881,'桐城市',340800),(1066,341001,'市辖区',341000),(1067,341002,'屯溪区',341000),(1068,341003,'黄山区',341000),(1069,341004,'徽州区',341000),(1070,341021,'歙县',341000),(1071,341022,'休宁县',341000),(1072,341023,'黟县',341000),(1073,341024,'祁门县',341000),(1074,341101,'市辖区',341100),(1075,341102,'琅琊区',341100),(1076,341103,'南谯区',341100),(1077,341122,'来安县',341100),(1078,341124,'全椒县',341100),(1079,341125,'定远县',341100),(1080,341126,'凤阳县',341100),(1081,341181,'天长市',341100),(1082,341182,'明光市',341100),(1083,341201,'市辖区',341200),(1084,341202,'颍州区',341200),(1085,341203,'颍东区',341200),(1086,341204,'颍泉区',341200),(1087,341221,'临泉县',341200),(1088,341222,'太和县',341200),(1089,341225,'阜南县',341200),(1090,341226,'颍上县',341200),(1091,341282,'界首市',341200),(1092,341301,'市辖区',341300),(1093,341302,'埇桥区',341300),(1094,341321,'砀山县',341300),(1095,341322,'萧县',341300),(1096,341323,'灵璧县',341300),(1097,341324,'泗县',341300),(1098,341501,'市辖区',341500),(1099,341502,'金安区',341500),(1100,341503,'裕安区',341500),(1101,341504,'叶集区',341500),(1102,341522,'霍邱县',341500),(1103,341523,'舒城县',341500),(1104,341524,'金寨县',341500),(1105,341525,'霍山县',341500),(1106,341601,'市辖区',341600),(1107,341602,'谯城区',341600),(1108,341621,'涡阳县',341600),(1109,341622,'蒙城县',341600),(1110,341623,'利辛县',341600),(1111,341701,'市辖区',341700),(1112,341702,'贵池区',341700),(1113,341721,'东至县',341700),(1114,341722,'石台县',341700),(1115,341723,'青阳县',341700),(1116,341801,'市辖区',341800),(1117,341802,'宣州区',341800),(1118,341821,'郎溪县',341800),(1119,341822,'广德县',341800),(1120,341823,'泾县',341800),(1121,341824,'绩溪县',341800),(1122,341825,'旌德县',341800),(1123,341881,'宁国市',341800),(1124,350101,'市辖区',350100),(1125,350102,'鼓楼区',350100),(1126,350103,'台江区',350100),(1127,350104,'仓山区',350100),(1128,350105,'马尾区',350100),(1129,350111,'晋安区',350100),(1130,350121,'闽侯县',350100),(1131,350122,'连江县',350100),(1132,350123,'罗源县',350100),(1133,350124,'闽清县',350100),(1134,350125,'永泰县',350100),(1135,350128,'平潭县',350100),(1136,350181,'福清市',350100),(1137,350182,'长乐市',350100),(1138,350201,'市辖区',350200),(1139,350203,'思明区',350200),(1140,350205,'海沧区',350200),(1141,350206,'湖里区',350200),(1142,350211,'集美区',350200),(1143,350212,'同安区',350200),(1144,350213,'翔安区',350200),(1145,350301,'市辖区',350300),(1146,350302,'城厢区',350300),(1147,350303,'涵江区',350300),(1148,350304,'荔城区',350300),(1149,350305,'秀屿区',350300),(1150,350322,'仙游县',350300),(1151,350401,'市辖区',350400),(1152,350402,'梅列区',350400),(1153,350403,'三元区',350400),(1154,350421,'明溪县',350400),(1155,350423,'清流县',350400),(1156,350424,'宁化县',350400),(1157,350425,'大田县',350400),(1158,350426,'尤溪县',350400),(1159,350427,'沙县',350400),(1160,350428,'将乐县',350400),(1161,350429,'泰宁县',350400),(1162,350430,'建宁县',350400),(1163,350481,'永安市',350400),(1164,350501,'市辖区',350500),(1165,350502,'鲤城区',350500),(1166,350503,'丰泽区',350500),(1167,350504,'洛江区',350500),(1168,350505,'泉港区',350500),(1169,350521,'惠安县',350500),(1170,350524,'安溪县',350500),(1171,350525,'永春县',350500),(1172,350526,'德化县',350500),(1173,350527,'金门县',350500),(1174,350581,'石狮市',350500),(1175,350582,'晋江市',350500),(1176,350583,'南安市',350500),(1177,350601,'市辖区',350600),(1178,350602,'芗城区',350600),(1179,350603,'龙文区',350600),(1180,350622,'云霄县',350600),(1181,350623,'漳浦县',350600),(1182,350624,'诏安县',350600),(1183,350625,'长泰县',350600),(1184,350626,'东山县',350600),(1185,350627,'南靖县',350600),(1186,350628,'平和县',350600),(1187,350629,'华安县',350600),(1188,350681,'龙海市',350600),(1189,350701,'市辖区',350700),(1190,350702,'延平区',350700),(1191,350703,'建阳区',350700),(1192,350721,'顺昌县',350700),(1193,350722,'浦城县',350700),(1194,350723,'光泽县',350700),(1195,350724,'松溪县',350700),(1196,350725,'政和县',350700),(1197,350781,'邵武市',350700),(1198,350782,'武夷山市',350700),(1199,350783,'建瓯市',350700),(1200,350801,'市辖区',350800),(1201,350802,'新罗区',350800),(1202,350803,'永定区',350800),(1203,350821,'长汀县',350800),(1204,350823,'上杭县',350800),(1205,350824,'武平县',350800),(1206,350825,'连城县',350800),(1207,350881,'漳平市',350800),(1208,350901,'市辖区',350900),(1209,350902,'蕉城区',350900),(1210,350921,'霞浦县',350900),(1211,350922,'古田县',350900),(1212,350923,'屏南县',350900),(1213,350924,'寿宁县',350900),(1214,350925,'周宁县',350900),(1215,350926,'柘荣县',350900),(1216,350981,'福安市',350900),(1217,350982,'福鼎市',350900),(1218,360101,'市辖区',360100),(1219,360102,'东湖区',360100),(1220,360103,'西湖区',360100),(1221,360104,'青云谱区',360100),(1222,360105,'湾里区',360100),(1223,360111,'青山湖区',360100),(1224,360112,'新建区',360100),(1225,360121,'南昌县',360100),(1226,360123,'安义县',360100),(1227,360124,'进贤县',360100),(1228,360201,'市辖区',360200),(1229,360202,'昌江区',360200),(1230,360203,'珠山区',360200),(1231,360222,'浮梁县',360200),(1232,360281,'乐平市',360200),(1233,360301,'市辖区',360300),(1234,360302,'安源区',360300),(1235,360313,'湘东区',360300),(1236,360321,'莲花县',360300),(1237,360322,'上栗县',360300),(1238,360323,'芦溪县',360300),(1239,360401,'市辖区',360400),(1240,360402,'濂溪区',360400),(1241,360403,'浔阳区',360400),(1242,360421,'九江县',360400),(1243,360423,'武宁县',360400),(1244,360424,'修水县',360400),(1245,360425,'永修县',360400),(1246,360426,'德安县',360400),(1247,360428,'都昌县',360400),(1248,360429,'湖口县',360400),(1249,360430,'彭泽县',360400),(1250,360481,'瑞昌市',360400),(1251,360482,'共青城市',360400),(1252,360483,'庐山市',360400),(1253,360501,'市辖区',360500),(1254,360502,'渝水区',360500),(1255,360521,'分宜县',360500),(1256,360601,'市辖区',360600),(1257,360602,'月湖区',360600),(1258,360622,'余江县',360600),(1259,360681,'贵溪市',360600),(1260,360701,'市辖区',360700),(1261,360702,'章贡区',360700),(1262,360703,'南康区',360700),(1263,360721,'赣县',360700),(1264,360722,'信丰县',360700),(1265,360723,'大余县',360700),(1266,360724,'上犹县',360700),(1267,360725,'崇义县',360700),(1268,360726,'安远县',360700),(1269,360727,'龙南县',360700),(1270,360728,'定南县',360700),(1271,360729,'全南县',360700),(1272,360730,'宁都县',360700),(1273,360731,'于都县',360700),(1274,360732,'兴国县',360700),(1275,360733,'会昌县',360700),(1276,360734,'寻乌县',360700),(1277,360735,'石城县',360700),(1278,360781,'瑞金市',360700),(1279,360801,'市辖区',360800),(1280,360802,'吉州区',360800),(1281,360803,'青原区',360800),(1282,360821,'吉安县',360800),(1283,360822,'吉水县',360800),(1284,360823,'峡江县',360800),(1285,360824,'新干县',360800),(1286,360825,'永丰县',360800),(1287,360826,'泰和县',360800),(1288,360827,'遂川县',360800),(1289,360828,'万安县',360800),(1290,360829,'安福县',360800),(1291,360830,'永新县',360800),(1292,360881,'井冈山市',360800),(1293,360901,'市辖区',360900),(1294,360902,'袁州区',360900),(1295,360921,'奉新县',360900),(1296,360922,'万载县',360900),(1297,360923,'上高县',360900),(1298,360924,'宜丰县',360900),(1299,360925,'靖安县',360900),(1300,360926,'铜鼓县',360900),(1301,360981,'丰城市',360900),(1302,360982,'樟树市',360900),(1303,360983,'高安市',360900),(1304,361001,'市辖区',361000),(1305,361002,'临川区',361000),(1306,361021,'南城县',361000),(1307,361022,'黎川县',361000),(1308,361023,'南丰县',361000),(1309,361024,'崇仁县',361000),(1310,361025,'乐安县',361000),(1311,361026,'宜黄县',361000),(1312,361027,'金溪县',361000),(1313,361028,'资溪县',361000),(1314,361029,'东乡县',361000),(1315,361030,'广昌县',361000),(1316,361101,'市辖区',361100),(1317,361102,'信州区',361100),(1318,361103,'广丰区',361100),(1319,361121,'上饶县',361100),(1320,361123,'玉山县',361100),(1321,361124,'铅山县',361100),(1322,361125,'横峰县',361100),(1323,361126,'弋阳县',361100),(1324,361127,'余干县',361100),(1325,361128,'鄱阳县',361100),(1326,361129,'万年县',361100),(1327,361130,'婺源县',361100),(1328,361181,'德兴市',361100),(1329,370101,'市辖区',370100),(1330,370102,'历下区',370100),(1331,370103,'市中区',370100),(1332,370104,'槐荫区',370100),(1333,370105,'天桥区',370100),(1334,370112,'历城区',370100),(1335,370113,'长清区',370100),(1336,370124,'平阴县',370100),(1337,370125,'济阳县',370100),(1338,370126,'商河县',370100),(1339,370181,'章丘市',370100),(1340,370201,'市辖区',370200),(1341,370202,'市南区',370200),(1342,370203,'市北区',370200),(1343,370211,'黄岛区',370200),(1344,370212,'崂山区',370200),(1345,370213,'李沧区',370200),(1346,370214,'城阳区',370200),(1347,370281,'胶州市',370200),(1348,370282,'即墨市',370200),(1349,370283,'平度市',370200),(1350,370285,'莱西市',370200),(1351,370301,'市辖区',370300),(1352,370302,'淄川区',370300),(1353,370303,'张店区',370300),(1354,370304,'博山区',370300),(1355,370305,'临淄区',370300),(1356,370306,'周村区',370300),(1357,370321,'桓台县',370300),(1358,370322,'高青县',370300),(1359,370323,'沂源县',370300),(1360,370401,'市辖区',370400),(1361,370402,'市中区',370400),(1362,370403,'薛城区',370400),(1363,370404,'峄城区',370400),(1364,370405,'台儿庄区',370400),(1365,370406,'山亭区',370400),(1366,370481,'滕州市',370400),(1367,370501,'市辖区',370500),(1368,370502,'东营区',370500),(1369,370503,'河口区',370500),(1370,370505,'垦利区',370500),(1371,370522,'利津县',370500),(1372,370523,'广饶县',370500),(1373,370601,'市辖区',370600),(1374,370602,'芝罘区',370600),(1375,370611,'福山区',370600),(1376,370612,'牟平区',370600),(1377,370613,'莱山区',370600),(1378,370634,'长岛县',370600),(1379,370681,'龙口市',370600),(1380,370682,'莱阳市',370600),(1381,370683,'莱州市',370600),(1382,370684,'蓬莱市',370600),(1383,370685,'招远市',370600),(1384,370686,'栖霞市',370600),(1385,370687,'海阳市',370600),(1386,370701,'市辖区',370700),(1387,370702,'潍城区',370700),(1388,370703,'寒亭区',370700),(1389,370704,'坊子区',370700),(1390,370705,'奎文区',370700),(1391,370724,'临朐县',370700),(1392,370725,'昌乐县',370700),(1393,370781,'青州市',370700),(1394,370782,'诸城市',370700),(1395,370783,'寿光市',370700),(1396,370784,'安丘市',370700),(1397,370785,'高密市',370700),(1398,370786,'昌邑市',370700),(1399,370801,'市辖区',370800),(1400,370811,'任城区',370800),(1401,370812,'兖州区',370800),(1402,370826,'微山县',370800),(1403,370827,'鱼台县',370800),(1404,370828,'金乡县',370800),(1405,370829,'嘉祥县',370800),(1406,370830,'汶上县',370800),(1407,370831,'泗水县',370800),(1408,370832,'梁山县',370800),(1409,370881,'曲阜市',370800),(1410,370883,'邹城市',370800),(1411,370901,'市辖区',370900),(1412,370902,'泰山区',370900),(1413,370911,'岱岳区',370900),(1414,370921,'宁阳县',370900),(1415,370923,'东平县',370900),(1416,370982,'新泰市',370900),(1417,370983,'肥城市',370900),(1418,371001,'市辖区',371000),(1419,371002,'环翠区',371000),(1420,371003,'文登区',371000),(1421,371082,'荣成市',371000),(1422,371083,'乳山市',371000),(1423,371101,'市辖区',371100),(1424,371102,'东港区',371100),(1425,371103,'岚山区',371100),(1426,371121,'五莲县',371100),(1427,371122,'莒县',371100),(1428,371201,'市辖区',371200),(1429,371202,'莱城区',371200),(1430,371203,'钢城区',371200),(1431,371301,'市辖区',371300),(1432,371302,'兰山区',371300),(1433,371311,'罗庄区',371300),(1434,371312,'河东区',371300),(1435,371321,'沂南县',371300),(1436,371322,'郯城县',371300),(1437,371323,'沂水县',371300),(1438,371324,'兰陵县',371300),(1439,371325,'费县',371300),(1440,371326,'平邑县',371300),(1441,371327,'莒南县',371300),(1442,371328,'蒙阴县',371300),(1443,371329,'临沭县',371300),(1444,371401,'市辖区',371400),(1445,371402,'德城区',371400),(1446,371403,'陵城区',371400),(1447,371422,'宁津县',371400),(1448,371423,'庆云县',371400),(1449,371424,'临邑县',371400),(1450,371425,'齐河县',371400),(1451,371426,'平原县',371400),(1452,371427,'夏津县',371400),(1453,371428,'武城县',371400),(1454,371481,'乐陵市',371400),(1455,371482,'禹城市',371400),(1456,371501,'市辖区',371500),(1457,371502,'东昌府区',371500),(1458,371521,'阳谷县',371500),(1459,371522,'莘县',371500),(1460,371523,'茌平县',371500),(1461,371524,'东阿县',371500),(1462,371525,'冠县',371500),(1463,371526,'高唐县',371500),(1464,371581,'临清市',371500),(1465,371601,'市辖区',371600),(1466,371602,'滨城区',371600),(1467,371603,'沾化区',371600),(1468,371621,'惠民县',371600),(1469,371622,'阳信县',371600),(1470,371623,'无棣县',371600),(1471,371625,'博兴县',371600),(1472,371626,'邹平县',371600),(1473,371701,'市辖区',371700),(1474,371702,'牡丹区',371700),(1475,371703,'定陶区',371700),(1476,371721,'曹县',371700),(1477,371722,'单县',371700),(1478,371723,'成武县',371700),(1479,371724,'巨野县',371700),(1480,371725,'郓城县',371700),(1481,371726,'鄄城县',371700),(1482,371728,'东明县',371700),(1483,410101,'市辖区',410100),(1484,410102,'中原区',410100),(1485,410103,'二七区',410100),(1486,410104,'管城回族区',410100),(1487,410105,'金水区',410100),(1488,410106,'上街区',410100),(1489,410108,'惠济区',410100),(1490,410122,'中牟县',410100),(1491,410181,'巩义市',410100),(1492,410182,'荥阳市',410100),(1493,410183,'新密市',410100),(1494,410184,'新郑市',410100),(1495,410185,'登封市',410100),(1496,410201,'市辖区',410200),(1497,410202,'龙亭区',410200),(1498,410203,'顺河回族区',410200),(1499,410204,'鼓楼区',410200),(1500,410205,'禹王台区',410200),(1501,410211,'金明区',410200),(1502,410212,'祥符区',410200),(1503,410221,'杞县',410200),(1504,410222,'通许县',410200),(1505,410223,'尉氏县',410200),(1506,410225,'兰考县',410200),(1507,410301,'市辖区',410300),(1508,410302,'老城区',410300),(1509,410303,'西工区',410300),(1510,410304,'瀍河回族区',410300),(1511,410305,'涧西区',410300),(1512,410306,'吉利区',410300),(1513,410311,'洛龙区',410300),(1514,410322,'孟津县',410300),(1515,410323,'新安县',410300),(1516,410324,'栾川县',410300),(1517,410325,'嵩县',410300),(1518,410326,'汝阳县',410300),(1519,410327,'宜阳县',410300),(1520,410328,'洛宁县',410300),(1521,410329,'伊川县',410300),(1522,410381,'偃师市',410300),(1523,410401,'市辖区',410400),(1524,410402,'新华区',410400),(1525,410403,'卫东区',410400),(1526,410404,'石龙区',410400),(1527,410411,'湛河区',410400),(1528,410421,'宝丰县',410400),(1529,410422,'叶县',410400),(1530,410423,'鲁山县',410400),(1531,410425,'郏县',410400),(1532,410481,'舞钢市',410400),(1533,410482,'汝州市',410400),(1534,410501,'市辖区',410500),(1535,410502,'文峰区',410500),(1536,410503,'北关区',410500),(1537,410505,'殷都区',410500),(1538,410506,'龙安区',410500),(1539,410522,'安阳县',410500),(1540,410523,'汤阴县',410500),(1541,410526,'滑县',410500),(1542,410527,'内黄县',410500),(1543,410581,'林州市',410500),(1544,410601,'市辖区',410600),(1545,410602,'鹤山区',410600),(1546,410603,'山城区',410600),(1547,410611,'淇滨区',410600),(1548,410621,'浚县',410600),(1549,410622,'淇县',410600),(1550,410701,'市辖区',410700),(1551,410702,'红旗区',410700),(1552,410703,'卫滨区',410700),(1553,410704,'凤泉区',410700),(1554,410711,'牧野区',410700),(1555,410721,'新乡县',410700),(1556,410724,'获嘉县',410700),(1557,410725,'原阳县',410700),(1558,410726,'延津县',410700),(1559,410727,'封丘县',410700),(1560,410728,'长垣县',410700),(1561,410781,'卫辉市',410700),(1562,410782,'辉县市',410700),(1563,410801,'市辖区',410800),(1564,410802,'解放区',410800),(1565,410803,'中站区',410800),(1566,410804,'马村区',410800),(1567,410811,'山阳区',410800),(1568,410821,'修武县',410800),(1569,410822,'博爱县',410800),(1570,410823,'武陟县',410800),(1571,410825,'温县',410800),(1572,410882,'沁阳市',410800),(1573,410883,'孟州市',410800),(1574,410901,'市辖区',410900),(1575,410902,'华龙区',410900),(1576,410922,'清丰县',410900),(1577,410923,'南乐县',410900),(1578,410926,'范县',410900),(1579,410927,'台前县',410900),(1580,410928,'濮阳县',410900),(1581,411001,'市辖区',411000),(1582,411002,'魏都区',411000),(1583,411023,'许昌县',411000),(1584,411024,'鄢陵县',411000),(1585,411025,'襄城县',411000),(1586,411081,'禹州市',411000),(1587,411082,'长葛市',411000),(1588,411101,'市辖区',411100),(1589,411102,'源汇区',411100),(1590,411103,'郾城区',411100),(1591,411104,'召陵区',411100),(1592,411121,'舞阳县',411100),(1593,411122,'临颍县',411100),(1594,411201,'市辖区',411200),(1595,411202,'湖滨区',411200),(1596,411203,'陕州区',411200),(1597,411221,'渑池县',411200),(1598,411224,'卢氏县',411200),(1599,411281,'义马市',411200),(1600,411282,'灵宝市',411200),(1601,411301,'市辖区',411300),(1602,411302,'宛城区',411300),(1603,411303,'卧龙区',411300),(1604,411321,'南召县',411300),(1605,411322,'方城县',411300),(1606,411323,'西峡县',411300),(1607,411324,'镇平县',411300),(1608,411325,'内乡县',411300),(1609,411326,'淅川县',411300),(1610,411327,'社旗县',411300),(1611,411328,'唐河县',411300),(1612,411329,'新野县',411300),(1613,411330,'桐柏县',411300),(1614,411381,'邓州市',411300),(1615,411401,'市辖区',411400),(1616,411402,'梁园区',411400),(1617,411403,'睢阳区',411400),(1618,411421,'民权县',411400),(1619,411422,'睢县',411400),(1620,411423,'宁陵县',411400),(1621,411424,'柘城县',411400),(1622,411425,'虞城县',411400),(1623,411426,'夏邑县',411400),(1624,411481,'永城市',411400),(1625,411501,'市辖区',411500),(1626,411502,'浉河区',411500),(1627,411503,'平桥区',411500),(1628,411521,'罗山县',411500),(1629,411522,'光山县',411500),(1630,411523,'新县',411500),(1631,411524,'商城县',411500),(1632,411525,'固始县',411500),(1633,411526,'潢川县',411500),(1634,411527,'淮滨县',411500),(1635,411528,'息县',411500),(1636,411601,'市辖区',411600),(1637,411602,'川汇区',411600),(1638,411621,'扶沟县',411600),(1639,411622,'西华县',411600),(1640,411623,'商水县',411600),(1641,411624,'沈丘县',411600),(1642,411625,'郸城县',411600),(1643,411626,'淮阳县',411600),(1644,411627,'太康县',411600),(1645,411628,'鹿邑县',411600),(1646,411681,'项城市',411600),(1647,411701,'市辖区',411700),(1648,411702,'驿城区',411700),(1649,411721,'西平县',411700),(1650,411722,'上蔡县',411700),(1651,411723,'平舆县',411700),(1652,411724,'正阳县',411700),(1653,411725,'确山县',411700),(1654,411726,'泌阳县',411700),(1655,411727,'汝南县',411700),(1656,411728,'遂平县',411700),(1657,411729,'新蔡县',411700),(1658,419001,'济源市',419000),(1659,420101,'市辖区',420100),(1660,420102,'江岸区',420100),(1661,420103,'江汉区',420100),(1662,420104,'硚口区',420100),(1663,420105,'汉阳区',420100),(1664,420106,'武昌区',420100),(1665,420107,'青山区',420100),(1666,420111,'洪山区',420100),(1667,420112,'东西湖区',420100),(1668,420113,'汉南区',420100),(1669,420114,'蔡甸区',420100),(1670,420115,'江夏区',420100),(1671,420116,'黄陂区',420100),(1672,420117,'新洲区',420100),(1673,420201,'市辖区',420200),(1674,420202,'黄石港区',420200),(1675,420203,'西塞山区',420200),(1676,420204,'下陆区',420200),(1677,420205,'铁山区',420200),(1678,420222,'阳新县',420200),(1679,420281,'大冶市',420200),(1680,420301,'市辖区',420300),(1681,420302,'茅箭区',420300),(1682,420303,'张湾区',420300),(1683,420304,'郧阳区',420300),(1684,420322,'郧西县',420300),(1685,420323,'竹山县',420300),(1686,420324,'竹溪县',420300),(1687,420325,'房县',420300),(1688,420381,'丹江口市',420300),(1689,420501,'市辖区',420500),(1690,420502,'西陵区',420500),(1691,420503,'伍家岗区',420500),(1692,420504,'点军区',420500),(1693,420505,'猇亭区',420500),(1694,420506,'夷陵区',420500),(1695,420525,'远安县',420500),(1696,420526,'兴山县',420500),(1697,420527,'秭归县',420500),(1698,420528,'长阳土家族自治县',420500),(1699,420529,'五峰土家族自治县',420500),(1700,420581,'宜都市',420500),(1701,420582,'当阳市',420500),(1702,420583,'枝江市',420500),(1703,420601,'市辖区',420600),(1704,420602,'襄城区',420600),(1705,420606,'樊城区',420600),(1706,420607,'襄州区',420600),(1707,420624,'南漳县',420600),(1708,420625,'谷城县',420600),(1709,420626,'保康县',420600),(1710,420682,'老河口市',420600),(1711,420683,'枣阳市',420600),(1712,420684,'宜城市',420600),(1713,420701,'市辖区',420700),(1714,420702,'梁子湖区',420700),(1715,420703,'华容区',420700),(1716,420704,'鄂城区',420700),(1717,420801,'市辖区',420800),(1718,420802,'东宝区',420800),(1719,420804,'掇刀区',420800),(1720,420821,'京山县',420800),(1721,420822,'沙洋县',420800),(1722,420881,'钟祥市',420800),(1723,420901,'市辖区',420900),(1724,420902,'孝南区',420900),(1725,420921,'孝昌县',420900),(1726,420922,'大悟县',420900),(1727,420923,'云梦县',420900),(1728,420981,'应城市',420900),(1729,420982,'安陆市',420900),(1730,420984,'汉川市',420900),(1731,421001,'市辖区',421000),(1732,421002,'沙市区',421000),(1733,421003,'荆州区',421000),(1734,421022,'公安县',421000),(1735,421023,'监利县',421000),(1736,421024,'江陵县',421000),(1737,421081,'石首市',421000),(1738,421083,'洪湖市',421000),(1739,421087,'松滋市',421000),(1740,421101,'市辖区',421100),(1741,421102,'黄州区',421100),(1742,421121,'团风县',421100),(1743,421122,'红安县',421100),(1744,421123,'罗田县',421100),(1745,421124,'英山县',421100),(1746,421125,'浠水县',421100),(1747,421126,'蕲春县',421100),(1748,421127,'黄梅县',421100),(1749,421181,'麻城市',421100),(1750,421182,'武穴市',421100),(1751,421201,'市辖区',421200),(1752,421202,'咸安区',421200),(1753,421221,'嘉鱼县',421200),(1754,421222,'通城县',421200),(1755,421223,'崇阳县',421200),(1756,421224,'通山县',421200),(1757,421281,'赤壁市',421200),(1758,421301,'市辖区',421300),(1759,421303,'曾都区',421300),(1760,421321,'随县',421300),(1761,421381,'广水市',421300),(1762,422801,'恩施市',422800),(1763,422802,'利川市',422800),(1764,422822,'建始县',422800),(1765,422823,'巴东县',422800),(1766,422825,'宣恩县',422800),(1767,422826,'咸丰县',422800),(1768,422827,'来凤县',422800),(1769,422828,'鹤峰县',422800),(1770,429004,'仙桃市',429000),(1771,429005,'潜江市',429000),(1772,429006,'天门市',429000),(1773,429021,'神农架林区',429000),(1774,430101,'市辖区',430100),(1775,430102,'芙蓉区',430100),(1776,430103,'天心区',430100),(1777,430104,'岳麓区',430100),(1778,430105,'开福区',430100),(1779,430111,'雨花区',430100),(1780,430112,'望城区',430100),(1781,430121,'长沙县',430100),(1782,430124,'宁乡县',430100),(1783,430181,'浏阳市',430100),(1784,430201,'市辖区',430200),(1785,430202,'荷塘区',430200),(1786,430203,'芦淞区',430200),(1787,430204,'石峰区',430200),(1788,430211,'天元区',430200),(1789,430221,'株洲县',430200),(1790,430223,'攸县',430200),(1791,430224,'茶陵县',430200),(1792,430225,'炎陵县',430200),(1793,430281,'醴陵市',430200),(1794,430301,'市辖区',430300),(1795,430302,'雨湖区',430300),(1796,430304,'岳塘区',430300),(1797,430321,'湘潭县',430300),(1798,430381,'湘乡市',430300),(1799,430382,'韶山市',430300),(1800,430401,'市辖区',430400),(1801,430405,'珠晖区',430400),(1802,430406,'雁峰区',430400),(1803,430407,'石鼓区',430400),(1804,430408,'蒸湘区',430400),(1805,430412,'南岳区',430400),(1806,430421,'衡阳县',430400),(1807,430422,'衡南县',430400),(1808,430423,'衡山县',430400),(1809,430424,'衡东县',430400),(1810,430426,'祁东县',430400),(1811,430481,'耒阳市',430400),(1812,430482,'常宁市',430400),(1813,430501,'市辖区',430500),(1814,430502,'双清区',430500),(1815,430503,'大祥区',430500),(1816,430511,'北塔区',430500),(1817,430521,'邵东县',430500),(1818,430522,'新邵县',430500),(1819,430523,'邵阳县',430500),(1820,430524,'隆回县',430500),(1821,430525,'洞口县',430500),(1822,430527,'绥宁县',430500),(1823,430528,'新宁县',430500),(1824,430529,'城步苗族自治县',430500),(1825,430581,'武冈市',430500),(1826,430601,'市辖区',430600),(1827,430602,'岳阳楼区',430600),(1828,430603,'云溪区',430600),(1829,430611,'君山区',430600),(1830,430621,'岳阳县',430600),(1831,430623,'华容县',430600),(1832,430624,'湘阴县',430600),(1833,430626,'平江县',430600),(1834,430681,'汨罗市',430600),(1835,430682,'临湘市',430600),(1836,430701,'市辖区',430700),(1837,430702,'武陵区',430700),(1838,430703,'鼎城区',430700),(1839,430721,'安乡县',430700),(1840,430722,'汉寿县',430700),(1841,430723,'澧县',430700),(1842,430724,'临澧县',430700),(1843,430725,'桃源县',430700),(1844,430726,'石门县',430700),(1845,430781,'津市市',430700),(1846,430801,'市辖区',430800),(1847,430802,'永定区',430800),(1848,430811,'武陵源区',430800),(1849,430821,'慈利县',430800),(1850,430822,'桑植县',430800),(1851,430901,'市辖区',430900),(1852,430902,'资阳区',430900),(1853,430903,'赫山区',430900),(1854,430921,'南县',430900),(1855,430922,'桃江县',430900),(1856,430923,'安化县',430900),(1857,430981,'沅江市',430900),(1858,431001,'市辖区',431000),(1859,431002,'北湖区',431000),(1860,431003,'苏仙区',431000),(1861,431021,'桂阳县',431000),(1862,431022,'宜章县',431000),(1863,431023,'永兴县',431000),(1864,431024,'嘉禾县',431000),(1865,431025,'临武县',431000),(1866,431026,'汝城县',431000),(1867,431027,'桂东县',431000),(1868,431028,'安仁县',431000),(1869,431081,'资兴市',431000),(1870,431101,'市辖区',431100),(1871,431102,'零陵区',431100),(1872,431103,'冷水滩区',431100),(1873,431121,'祁阳县',431100),(1874,431122,'东安县',431100),(1875,431123,'双牌县',431100),(1876,431124,'道县',431100),(1877,431125,'江永县',431100),(1878,431126,'宁远县',431100),(1879,431127,'蓝山县',431100),(1880,431128,'新田县',431100),(1881,431129,'江华瑶族自治县',431100),(1882,431201,'市辖区',431200),(1883,431202,'鹤城区',431200),(1884,431221,'中方县',431200),(1885,431222,'沅陵县',431200),(1886,431223,'辰溪县',431200),(1887,431224,'溆浦县',431200),(1888,431225,'会同县',431200),(1889,431226,'麻阳苗族自治县',431200),(1890,431227,'新晃侗族自治县',431200),(1891,431228,'芷江侗族自治县',431200),(1892,431229,'靖州苗族侗族自治县',431200),(1893,431230,'通道侗族自治县',431200),(1894,431281,'洪江市',431200),(1895,431301,'市辖区',431300),(1896,431302,'娄星区',431300),(1897,431321,'双峰县',431300),(1898,431322,'新化县',431300),(1899,431381,'冷水江市',431300),(1900,431382,'涟源市',431300),(1901,433101,'吉首市',433100),(1902,433122,'泸溪县',433100),(1903,433123,'凤凰县',433100),(1904,433124,'花垣县',433100),(1905,433125,'保靖县',433100),(1906,433126,'古丈县',433100),(1907,433127,'永顺县',433100),(1908,433130,'龙山县',433100),(1909,440101,'市辖区',440100),(1910,440103,'荔湾区',440100),(1911,440104,'越秀区',440100),(1912,440105,'海珠区',440100),(1913,440106,'天河区',440100),(1914,440111,'白云区',440100),(1915,440112,'黄埔区',440100),(1916,440113,'番禺区',440100),(1917,440114,'花都区',440100),(1918,440115,'南沙区',440100),(1919,440117,'从化区',440100),(1920,440118,'增城区',440100),(1921,440201,'市辖区',440200),(1922,440203,'武江区',440200),(1923,440204,'浈江区',440200),(1924,440205,'曲江区',440200),(1925,440222,'始兴县',440200),(1926,440224,'仁化县',440200),(1927,440229,'翁源县',440200),(1928,440232,'乳源瑶族自治县',440200),(1929,440233,'新丰县',440200),(1930,440281,'乐昌市',440200),(1931,440282,'南雄市',440200),(1932,440301,'市辖区',440300),(1933,440303,'罗湖区',440300),(1934,440304,'福田区',440300),(1935,440305,'南山区',440300),(1936,440306,'宝安区',440300),(1937,440307,'龙岗区',440300),(1938,440308,'盐田区',440300),(1939,440401,'市辖区',440400),(1940,440402,'香洲区',440400),(1941,440403,'斗门区',440400),(1942,440404,'金湾区',440400),(1943,440501,'市辖区',440500),(1944,440507,'龙湖区',440500),(1945,440511,'金平区',440500),(1946,440512,'濠江区',440500),(1947,440513,'潮阳区',440500),(1948,440514,'潮南区',440500),(1949,440515,'澄海区',440500),(1950,440523,'南澳县',440500),(1951,440601,'市辖区',440600),(1952,440604,'禅城区',440600),(1953,440605,'南海区',440600),(1954,440606,'顺德区',440600),(1955,440607,'三水区',440600),(1956,440608,'高明区',440600),(1957,440701,'市辖区',440700),(1958,440703,'蓬江区',440700),(1959,440704,'江海区',440700),(1960,440705,'新会区',440700),(1961,440781,'台山市',440700),(1962,440783,'开平市',440700),(1963,440784,'鹤山市',440700),(1964,440785,'恩平市',440700),(1965,440801,'市辖区',440800),(1966,440802,'赤坎区',440800),(1967,440803,'霞山区',440800),(1968,440804,'坡头区',440800),(1969,440811,'麻章区',440800),(1970,440823,'遂溪县',440800),(1971,440825,'徐闻县',440800),(1972,440881,'廉江市',440800),(1973,440882,'雷州市',440800),(1974,440883,'吴川市',440800),(1975,440901,'市辖区',440900),(1976,440902,'茂南区',440900),(1977,440904,'电白区',440900),(1978,440981,'高州市',440900),(1979,440982,'化州市',440900),(1980,440983,'信宜市',440900),(1981,441201,'市辖区',441200),(1982,441202,'端州区',441200),(1983,441203,'鼎湖区',441200),(1984,441204,'高要区',441200),(1985,441223,'广宁县',441200),(1986,441224,'怀集县',441200),(1987,441225,'封开县',441200),(1988,441226,'德庆县',441200),(1989,441284,'四会市',441200),(1990,441301,'市辖区',441300),(1991,441302,'惠城区',441300),(1992,441303,'惠阳区',441300),(1993,441322,'博罗县',441300),(1994,441323,'惠东县',441300),(1995,441324,'龙门县',441300),(1996,441401,'市辖区',441400),(1997,441402,'梅江区',441400),(1998,441403,'梅县区',441400),(1999,441422,'大埔县',441400),(2000,441423,'丰顺县',441400),(2001,441424,'五华县',441400),(2002,441426,'平远县',441400),(2003,441427,'蕉岭县',441400),(2004,441481,'兴宁市',441400),(2005,441501,'市辖区',441500),(2006,441502,'城区',441500),(2007,441521,'海丰县',441500),(2008,441523,'陆河县',441500),(2009,441581,'陆丰市',441500),(2010,441601,'市辖区',441600),(2011,441602,'源城区',441600),(2012,441621,'紫金县',441600),(2013,441622,'龙川县',441600),(2014,441623,'连平县',441600),(2015,441624,'和平县',441600),(2016,441625,'东源县',441600),(2017,441701,'市辖区',441700),(2018,441702,'江城区',441700),(2019,441704,'阳东区',441700),(2020,441721,'阳西县',441700),(2021,441781,'阳春市',441700),(2022,441801,'市辖区',441800),(2023,441802,'清城区',441800),(2024,441803,'清新区',441800),(2025,441821,'佛冈县',441800),(2026,441823,'阳山县',441800),(2027,441825,'连山壮族瑶族自治县',441800),(2028,441826,'连南瑶族自治县',441800),(2029,441881,'英德市',441800),(2030,441882,'连州市',441800),(2031,445101,'市辖区',445100),(2032,445102,'湘桥区',445100),(2033,445103,'潮安区',445100),(2034,445122,'饶平县',445100),(2035,445201,'市辖区',445200),(2036,445202,'榕城区',445200),(2037,445203,'揭东区',445200),(2038,445222,'揭西县',445200),(2039,445224,'惠来县',445200),(2040,445281,'普宁市',445200),(2041,445301,'市辖区',445300),(2042,445302,'云城区',445300),(2043,445303,'云安区',445300),(2044,445321,'新兴县',445300),(2045,445322,'郁南县',445300),(2046,445381,'罗定市',445300),(2047,450101,'市辖区',450100),(2048,450102,'兴宁区',450100),(2049,450103,'青秀区',450100),(2050,450105,'江南区',450100),(2051,450107,'西乡塘区',450100),(2052,450108,'良庆区',450100),(2053,450109,'邕宁区',450100),(2054,450110,'武鸣区',450100),(2055,450123,'隆安县',450100),(2056,450124,'马山县',450100),(2057,450125,'上林县',450100),(2058,450126,'宾阳县',450100),(2059,450127,'横县',450100),(2060,450201,'市辖区',450200),(2061,450202,'城中区',450200),(2062,450203,'鱼峰区',450200),(2063,450204,'柳南区',450200),(2064,450205,'柳北区',450200),(2065,450206,'柳江区',450200),(2066,450222,'柳城县',450200),(2067,450223,'鹿寨县',450200),(2068,450224,'融安县',450200),(2069,450225,'融水苗族自治县',450200),(2070,450226,'三江侗族自治县',450200),(2071,450301,'市辖区',450300),(2072,450302,'秀峰区',450300),(2073,450303,'叠彩区',450300),(2074,450304,'象山区',450300),(2075,450305,'七星区',450300),(2076,450311,'雁山区',450300),(2077,450312,'临桂区',450300),(2078,450321,'阳朔县',450300),(2079,450323,'灵川县',450300),(2080,450324,'全州县',450300),(2081,450325,'兴安县',450300),(2082,450326,'永福县',450300),(2083,450327,'灌阳县',450300),(2084,450328,'龙胜各族自治县',450300),(2085,450329,'资源县',450300),(2086,450330,'平乐县',450300),(2087,450331,'荔浦县',450300),(2088,450332,'恭城瑶族自治县',450300),(2089,450401,'市辖区',450400),(2090,450403,'万秀区',450400),(2091,450405,'长洲区',450400),(2092,450406,'龙圩区',450400),(2093,450421,'苍梧县',450400),(2094,450422,'藤县',450400),(2095,450423,'蒙山县',450400),(2096,450481,'岑溪市',450400),(2097,450501,'市辖区',450500),(2098,450502,'海城区',450500),(2099,450503,'银海区',450500),(2100,450512,'铁山港区',450500),(2101,450521,'合浦县',450500),(2102,450601,'市辖区',450600),(2103,450602,'港口区',450600),(2104,450603,'防城区',450600),(2105,450621,'上思县',450600),(2106,450681,'东兴市',450600),(2107,450701,'市辖区',450700),(2108,450702,'钦南区',450700),(2109,450703,'钦北区',450700),(2110,450721,'灵山县',450700),(2111,450722,'浦北县',450700),(2112,450801,'市辖区',450800),(2113,450802,'港北区',450800),(2114,450803,'港南区',450800),(2115,450804,'覃塘区',450800),(2116,450821,'平南县',450800),(2117,450881,'桂平市',450800),(2118,450901,'市辖区',450900),(2119,450902,'玉州区',450900),(2120,450903,'福绵区',450900),(2121,450921,'容县',450900),(2122,450922,'陆川县',450900),(2123,450923,'博白县',450900),(2124,450924,'兴业县',450900),(2125,450981,'北流市',450900),(2126,451001,'市辖区',451000),(2127,451002,'右江区',451000),(2128,451021,'田阳县',451000),(2129,451022,'田东县',451000),(2130,451023,'平果县',451000),(2131,451024,'德保县',451000),(2132,451026,'那坡县',451000),(2133,451027,'凌云县',451000),(2134,451028,'乐业县',451000),(2135,451029,'田林县',451000),(2136,451030,'西林县',451000),(2137,451031,'隆林各族自治县',451000),(2138,451081,'靖西市',451000),(2139,451101,'市辖区',451100),(2140,451102,'八步区',451100),(2141,451103,'平桂区',451100),(2142,451121,'昭平县',451100),(2143,451122,'钟山县',451100),(2144,451123,'富川瑶族自治县',451100),(2145,451201,'市辖区',451200),(2146,451202,'金城江区',451200),(2147,451221,'南丹县',451200),(2148,451222,'天峨县',451200),(2149,451223,'凤山县',451200),(2150,451224,'东兰县',451200),(2151,451225,'罗城仫佬族自治县',451200),(2152,451226,'环江毛南族自治县',451200),(2153,451227,'巴马瑶族自治县',451200),(2154,451228,'都安瑶族自治县',451200),(2155,451229,'大化瑶族自治县',451200),(2156,451281,'宜州市',451200),(2157,451301,'市辖区',451300),(2158,451302,'兴宾区',451300),(2159,451321,'忻城县',451300),(2160,451322,'象州县',451300),(2161,451323,'武宣县',451300),(2162,451324,'金秀瑶族自治县',451300),(2163,451381,'合山市',451300),(2164,451401,'市辖区',451400),(2165,451402,'江州区',451400),(2166,451421,'扶绥县',451400),(2167,451422,'宁明县',451400),(2168,451423,'龙州县',451400),(2169,451424,'大新县',451400),(2170,451425,'天等县',451400),(2171,451481,'凭祥市460000',451400),(2172,460101,'市辖区',460100),(2173,460105,'秀英区',460100),(2174,460106,'龙华区',460100),(2175,460107,'琼山区',460100),(2176,460108,'美兰区',460100),(2177,460201,'市辖区',460200),(2178,460202,'海棠区',460200),(2179,460203,'吉阳区',460200),(2180,460204,'天涯区',460200),(2181,460205,'崖州区',460200),(2182,469001,'五指山市',469000),(2183,469002,'琼海市',469000),(2184,469005,'文昌市',469000),(2185,469006,'万宁市',469000),(2186,469007,'东方市',469000),(2187,469021,'定安县',469000),(2188,469022,'屯昌县',469000),(2189,469023,'澄迈县',469000),(2190,469024,'临高县',469000),(2191,469025,'白沙黎族自治县',469000),(2192,469026,'昌江黎族自治县',469000),(2193,469027,'乐东黎族自治县',469000),(2194,469028,'陵水黎族自治县',469000),(2195,469029,'保亭黎族苗族自治县',469000),(2196,469030,'琼中黎族苗族自治县500000',469000),(2197,500101,'万州区',500100),(2198,500102,'涪陵区',500100),(2199,500103,'渝中区',500100),(2200,500104,'大渡口区',500100),(2201,500105,'江北区',500100),(2202,500106,'沙坪坝区',500100),(2203,500107,'九龙坡区',500100),(2204,500108,'南岸区',500100),(2205,500109,'北碚区',500100),(2206,500110,'綦江区',500100),(2207,500111,'大足区',500100),(2208,500112,'渝北区',500100),(2209,500113,'巴南区',500100),(2210,500114,'黔江区',500100),(2211,500115,'长寿区',500100),(2212,500116,'江津区',500100),(2213,500117,'合川区',500100),(2214,500118,'永川区',500100),(2215,500119,'南川区',500100),(2216,500120,'璧山区',500100),(2217,500151,'铜梁区',500100),(2218,500152,'潼南区',500100),(2219,500153,'荣昌区',500100),(2220,500154,'开州区',500100),(2221,500228,'梁平县',500200),(2222,500229,'城口县',500200),(2223,500230,'丰都县',500200),(2224,500231,'垫江县',500200),(2225,500232,'武隆县',500200),(2226,500233,'忠县',500200),(2227,500235,'云阳县',500200),(2228,500236,'奉节县',500200),(2229,500237,'巫山县',500200),(2230,500238,'巫溪县',500200),(2231,500240,'石柱土家族自治县',500200),(2232,500241,'秀山土家族苗族自治县',500200),(2233,500242,'酉阳土家族苗族自治县',500200),(2234,500243,'彭水苗族土家族自治县',500200),(2235,510101,'市辖区',510100),(2236,510104,'锦江区',510100),(2237,510105,'青羊区',510100),(2238,510106,'金牛区',510100),(2239,510107,'武侯区',510100),(2240,510108,'成华区',510100),(2241,510112,'龙泉驿区',510100),(2242,510113,'青白江区',510100),(2243,510114,'新都区',510100),(2244,510115,'温江区',510100),(2245,510116,'双流区',510100),(2246,510121,'金堂县',510100),(2247,510124,'郫县',510100),(2248,510129,'大邑县',510100),(2249,510131,'蒲江县',510100),(2250,510132,'新津县',510100),(2251,510181,'都江堰市',510100),(2252,510182,'彭州市',510100),(2253,510183,'邛崃市',510100),(2254,510184,'崇州市',510100),(2255,510185,'简阳市',510100),(2256,510301,'市辖区',510300),(2257,510302,'自流井区',510300),(2258,510303,'贡井区',510300),(2259,510304,'大安区',510300),(2260,510311,'沿滩区',510300),(2261,510321,'荣县',510300),(2262,510322,'富顺县',510300),(2263,510401,'市辖区',510400),(2264,510402,'东区',510400),(2265,510403,'西区',510400),(2266,510411,'仁和区',510400),(2267,510421,'米易县',510400),(2268,510422,'盐边县',510400),(2269,510501,'市辖区',510500),(2270,510502,'江阳区',510500),(2271,510503,'纳溪区',510500),(2272,510504,'龙马潭区',510500),(2273,510521,'泸县',510500),(2274,510522,'合江县',510500),(2275,510524,'叙永县',510500),(2276,510525,'古蔺县',510500),(2277,510601,'市辖区',510600),(2278,510603,'旌阳区',510600),(2279,510623,'中江县',510600),(2280,510626,'罗江县',510600),(2281,510681,'广汉市',510600),(2282,510682,'什邡市',510600),(2283,510683,'绵竹市',510600),(2284,510701,'市辖区',510700),(2285,510703,'涪城区',510700),(2286,510704,'游仙区',510700),(2287,510705,'安州区',510700),(2288,510722,'三台县',510700),(2289,510723,'盐亭县',510700),(2290,510725,'梓潼县',510700),(2291,510726,'北川羌族自治县',510700),(2292,510727,'平武县',510700),(2293,510781,'江油市',510700),(2294,510801,'市辖区',510800),(2295,510802,'利州区',510800),(2296,510811,'昭化区',510800),(2297,510812,'朝天区',510800),(2298,510821,'旺苍县',510800),(2299,510822,'青川县',510800),(2300,510823,'剑阁县',510800),(2301,510824,'苍溪县',510800),(2302,510901,'市辖区',510900),(2303,510903,'船山区',510900),(2304,510904,'安居区',510900),(2305,510921,'蓬溪县',510900),(2306,510922,'射洪县',510900),(2307,510923,'大英县',510900),(2308,511001,'市辖区',511000),(2309,511002,'市中区',511000),(2310,511011,'东兴区',511000),(2311,511024,'威远县',511000),(2312,511025,'资中县',511000),(2313,511028,'隆昌县',511000),(2314,511101,'市辖区',511100),(2315,511102,'市中区',511100),(2316,511111,'沙湾区',511100),(2317,511112,'五通桥区',511100),(2318,511113,'金口河区',511100),(2319,511123,'犍为县',511100),(2320,511124,'井研县',511100),(2321,511126,'夹江县',511100),(2322,511129,'沐川县',511100),(2323,511132,'峨边彝族自治县',511100),(2324,511133,'马边彝族自治县',511100),(2325,511181,'峨眉山市',511100),(2326,511301,'市辖区',511300),(2327,511302,'顺庆区',511300),(2328,511303,'高坪区',511300),(2329,511304,'嘉陵区',511300),(2330,511321,'南部县',511300),(2331,511322,'营山县',511300),(2332,511323,'蓬安县',511300),(2333,511324,'仪陇县',511300),(2334,511325,'西充县',511300),(2335,511381,'阆中市',511300),(2336,511401,'市辖区',511400),(2337,511402,'东坡区',511400),(2338,511403,'彭山区',511400),(2339,511421,'仁寿县',511400),(2340,511423,'洪雅县',511400),(2341,511424,'丹棱县',511400),(2342,511425,'青神县',511400),(2343,511501,'市辖区',511500),(2344,511502,'翠屏区',511500),(2345,511503,'南溪区',511500),(2346,511521,'宜宾县',511500),(2347,511523,'江安县',511500),(2348,511524,'长宁县',511500),(2349,511525,'高县',511500),(2350,511526,'珙县',511500),(2351,511527,'筠连县',511500),(2352,511528,'兴文县',511500),(2353,511529,'屏山县',511500),(2354,511601,'市辖区',511600),(2355,511602,'广安区',511600),(2356,511603,'前锋区',511600),(2357,511621,'岳池县',511600),(2358,511622,'武胜县',511600),(2359,511623,'邻水县',511600),(2360,511681,'华蓥市',511600),(2361,511701,'市辖区',511700),(2362,511702,'通川区',511700),(2363,511703,'达川区',511700),(2364,511722,'宣汉县',511700),(2365,511723,'开江县',511700),(2366,511724,'大竹县',511700),(2367,511725,'渠县',511700),(2368,511781,'万源市',511700),(2369,511801,'市辖区',511800),(2370,511802,'雨城区',511800),(2371,511803,'名山区',511800),(2372,511822,'荥经县',511800),(2373,511823,'汉源县',511800),(2374,511824,'石棉县',511800),(2375,511825,'天全县',511800),(2376,511826,'芦山县',511800),(2377,511827,'宝兴县',511800),(2378,511901,'市辖区',511900),(2379,511902,'巴州区',511900),(2380,511903,'恩阳区',511900),(2381,511921,'通江县',511900),(2382,511922,'南江县',511900),(2383,511923,'平昌县',511900),(2384,512001,'市辖区',512000),(2385,512002,'雁江区',512000),(2386,512021,'安岳县',512000),(2387,512022,'乐至县',512000),(2388,513201,'马尔康市',513200),(2389,513221,'汶川县',513200),(2390,513222,'理县',513200),(2391,513223,'茂县',513200),(2392,513224,'松潘县',513200),(2393,513225,'九寨沟县',513200),(2394,513226,'金川县',513200),(2395,513227,'小金县',513200),(2396,513228,'黑水县',513200),(2397,513230,'壤塘县',513200),(2398,513231,'阿坝县',513200),(2399,513232,'若尔盖县',513200),(2400,513233,'红原县',513200),(2401,513301,'康定市',513300),(2402,513322,'泸定县',513300),(2403,513323,'丹巴县',513300),(2404,513324,'九龙县',513300),(2405,513325,'雅江县',513300),(2406,513326,'道孚县',513300),(2407,513327,'炉霍县',513300),(2408,513328,'甘孜县',513300),(2409,513329,'新龙县',513300),(2410,513330,'德格县',513300),(2411,513331,'白玉县',513300),(2412,513332,'石渠县',513300),(2413,513333,'色达县',513300),(2414,513334,'理塘县',513300),(2415,513335,'巴塘县',513300),(2416,513336,'乡城县',513300),(2417,513337,'稻城县',513300),(2418,513338,'得荣县',513300),(2419,513401,'西昌市',513400),(2420,513422,'木里藏族自治县',513400),(2421,513423,'盐源县',513400),(2422,513424,'德昌县',513400),(2423,513425,'会理县',513400),(2424,513426,'会东县',513400),(2425,513427,'宁南县',513400),(2426,513428,'普格县',513400),(2427,513429,'布拖县',513400),(2428,513430,'金阳县',513400),(2429,513431,'昭觉县',513400),(2430,513432,'喜德县',513400),(2431,513433,'冕宁县',513400),(2432,513434,'越西县',513400),(2433,513435,'甘洛县',513400),(2434,513436,'美姑县',513400),(2435,513437,'雷波县',513400),(2436,520101,'市辖区',520100),(2437,520102,'南明区',520100),(2438,520103,'云岩区',520100),(2439,520111,'花溪区',520100),(2440,520112,'乌当区',520100),(2441,520113,'白云区',520100),(2442,520115,'观山湖区',520100),(2443,520121,'开阳县',520100),(2444,520122,'息烽县',520100),(2445,520123,'修文县',520100),(2446,520181,'清镇市',520100),(2447,520201,'钟山区',520200),(2448,520203,'六枝特区',520200),(2449,520221,'水城县',520200),(2450,520222,'盘县',520200),(2451,520301,'市辖区',520300),(2452,520302,'红花岗区',520300),(2453,520303,'汇川区',520300),(2454,520304,'播州区',520300),(2455,520322,'桐梓县',520300),(2456,520323,'绥阳县',520300),(2457,520324,'正安县',520300),(2458,520325,'道真仡佬族苗族自治县',520300),(2459,520326,'务川仡佬族苗族自治县',520300),(2460,520327,'凤冈县',520300),(2461,520328,'湄潭县',520300),(2462,520329,'余庆县',520300),(2463,520330,'习水县',520300),(2464,520381,'赤水市',520300),(2465,520382,'仁怀市',520300),(2466,520401,'市辖区',520400),(2467,520402,'西秀区',520400),(2468,520403,'平坝区',520400),(2469,520422,'普定县',520400),(2470,520423,'镇宁布依族苗族自治县',520400),(2471,520424,'关岭布依族苗族自治县',520400),(2472,520425,'紫云苗族布依族自治县',520400),(2473,520501,'市辖区',520500),(2474,520502,'七星关区',520500),(2475,520521,'大方县',520500),(2476,520522,'黔西县',520500),(2477,520523,'金沙县',520500),(2478,520524,'织金县',520500),(2479,520525,'纳雍县',520500),(2480,520526,'威宁彝族回族苗族自治县',520500),(2481,520527,'赫章县',520500),(2482,520601,'市辖区',520600),(2483,520602,'碧江区',520600),(2484,520603,'万山区',520600),(2485,520621,'江口县',520600),(2486,520622,'玉屏侗族自治县',520600),(2487,520623,'石阡县',520600),(2488,520624,'思南县',520600),(2489,520625,'印江土家族苗族自治县',520600),(2490,520626,'德江县',520600),(2491,520627,'沿河土家族自治县',520600),(2492,520628,'松桃苗族自治县',520600),(2493,522301,'兴义市',522300),(2494,522322,'兴仁县',522300),(2495,522323,'普安县',522300),(2496,522324,'晴隆县',522300),(2497,522325,'贞丰县',522300),(2498,522326,'望谟县',522300),(2499,522327,'册亨县',522300),(2500,522328,'安龙县',522300),(2501,522601,'凯里市',522600),(2502,522622,'黄平县',522600),(2503,522623,'施秉县',522600),(2504,522624,'三穗县',522600),(2505,522625,'镇远县',522600),(2506,522626,'岑巩县',522600),(2507,522627,'天柱县',522600),(2508,522628,'锦屏县',522600),(2509,522629,'剑河县',522600),(2510,522630,'台江县',522600),(2511,522631,'黎平县',522600),(2512,522632,'榕江县',522600),(2513,522633,'从江县',522600),(2514,522634,'雷山县',522600),(2515,522635,'麻江县',522600),(2516,522636,'丹寨县',522600),(2517,522701,'都匀市',522700),(2518,522702,'福泉市',522700),(2519,522722,'荔波县',522700),(2520,522723,'贵定县',522700),(2521,522725,'瓮安县',522700),(2522,522726,'独山县',522700),(2523,522727,'平塘县',522700),(2524,522728,'罗甸县',522700),(2525,522729,'长顺县',522700),(2526,522730,'龙里县',522700),(2527,522731,'惠水县',522700),(2528,522732,'三都水族自治县',522700),(2529,530101,'市辖区',530100),(2530,530102,'五华区',530100),(2531,530103,'盘龙区',530100),(2532,530111,'官渡区',530100),(2533,530112,'西山区',530100),(2534,530113,'东川区',530100),(2535,530114,'呈贡区',530100),(2536,530122,'晋宁县',530100),(2537,530124,'富民县',530100),(2538,530125,'宜良县',530100),(2539,530126,'石林彝族自治县',530100),(2540,530127,'嵩明县',530100),(2541,530128,'禄劝彝族苗族自治县',530100),(2542,530129,'寻甸回族彝族自治县',530100),(2543,530181,'安宁市',530100),(2544,530301,'市辖区',530300),(2545,530302,'麒麟区',530300),(2546,530303,'沾益区',530300),(2547,530321,'马龙县',530300),(2548,530322,'陆良县',530300),(2549,530323,'师宗县',530300),(2550,530324,'罗平县',530300),(2551,530325,'富源县',530300),(2552,530326,'会泽县',530300),(2553,530381,'宣威市',530300),(2554,530401,'市辖区',530400),(2555,530402,'红塔区',530400),(2556,530403,'江川区',530400),(2557,530422,'澄江县',530400),(2558,530423,'通海县',530400),(2559,530424,'华宁县',530400),(2560,530425,'易门县',530400),(2561,530426,'峨山彝族自治县',530400),(2562,530427,'新平彝族傣族自治县',530400),(2563,530428,'元江哈尼族彝族傣族自治县',530400),(2564,530501,'市辖区',530500),(2565,530502,'隆阳区',530500),(2566,530521,'施甸县',530500),(2567,530523,'龙陵县',530500),(2568,530524,'昌宁县',530500),(2569,530581,'腾冲市',530500),(2570,530601,'市辖区',530600),(2571,530602,'昭阳区',530600),(2572,530621,'鲁甸县',530600),(2573,530622,'巧家县',530600),(2574,530623,'盐津县',530600),(2575,530624,'大关县',530600),(2576,530625,'永善县',530600),(2577,530626,'绥江县',530600),(2578,530627,'镇雄县',530600),(2579,530628,'彝良县',530600),(2580,530629,'威信县',530600),(2581,530630,'水富县',530600),(2582,530701,'市辖区',530700),(2583,530702,'古城区',530700),(2584,530721,'玉龙纳西族自治县',530700),(2585,530722,'永胜县',530700),(2586,530723,'华坪县',530700),(2587,530724,'宁蒗彝族自治县',530700),(2588,530801,'市辖区',530800),(2589,530802,'思茅区',530800),(2590,530821,'宁洱哈尼族彝族自治县',530800),(2591,530822,'墨江哈尼族自治县',530800),(2592,530823,'景东彝族自治县',530800),(2593,530824,'景谷傣族彝族自治县',530800),(2594,530825,'镇沅彝族哈尼族拉祜族自治县',530800),(2595,530826,'江城哈尼族彝族自治县',530800),(2596,530827,'孟连傣族拉祜族佤族自治县',530800),(2597,530828,'澜沧拉祜族自治县',530800),(2598,530829,'西盟佤族自治县',530800),(2599,530901,'市辖区',530900),(2600,530902,'临翔区',530900),(2601,530921,'凤庆县',530900),(2602,530922,'云县',530900),(2603,530923,'永德县',530900),(2604,530924,'镇康县',530900),(2605,530925,'双江拉祜族佤族布朗族傣族自治县',530900),(2606,530926,'耿马傣族佤族自治县',530900),(2607,530927,'沧源佤族自治县',530900),(2608,532301,'楚雄市',532300),(2609,532322,'双柏县',532300),(2610,532323,'牟定县',532300),(2611,532324,'南华县',532300),(2612,532325,'姚安县',532300),(2613,532326,'大姚县',532300),(2614,532327,'永仁县',532300),(2615,532328,'元谋县',532300),(2616,532329,'武定县',532300),(2617,532331,'禄丰县',532300),(2618,532501,'个旧市',532500),(2619,532502,'开远市',532500),(2620,532503,'蒙自市',532500),(2621,532504,'弥勒市',532500),(2622,532523,'屏边苗族自治县',532500),(2623,532524,'建水县',532500),(2624,532525,'石屏县',532500),(2625,532527,'泸西县',532500),(2626,532528,'元阳县',532500),(2627,532529,'红河县',532500),(2628,532530,'金平苗族瑶族傣族自治县',532500),(2629,532531,'绿春县',532500),(2630,532532,'河口瑶族自治县',532500),(2631,532601,'文山市',532600),(2632,532622,'砚山县',532600),(2633,532623,'西畴县',532600),(2634,532624,'麻栗坡县',532600),(2635,532625,'马关县',532600),(2636,532626,'丘北县',532600),(2637,532627,'广南县',532600),(2638,532628,'富宁县',532600),(2639,532801,'景洪市',532800),(2640,532822,'勐海县',532800),(2641,532823,'勐腊县',532800),(2642,532901,'大理市',532900),(2643,532922,'漾濞彝族自治县',532900),(2644,532923,'祥云县',532900),(2645,532924,'宾川县',532900),(2646,532925,'弥渡县',532900),(2647,532926,'南涧彝族自治县',532900),(2648,532927,'巍山彝族回族自治县',532900),(2649,532928,'永平县',532900),(2650,532929,'云龙县',532900),(2651,532930,'洱源县',532900),(2652,532931,'剑川县',532900),(2653,532932,'鹤庆县',532900),(2654,533102,'瑞丽市',533100),(2655,533103,'芒市',533100),(2656,533122,'梁河县',533100),(2657,533123,'盈江县',533100),(2658,533124,'陇川县',533100),(2659,533301,'泸水市',533300),(2660,533323,'福贡县',533300),(2661,533324,'贡山独龙族怒族自治县',533300),(2662,533325,'兰坪白族普米族自治县',533300),(2663,533401,'香格里拉市',533400),(2664,533422,'德钦县',533400),(2665,533423,'维西傈僳族自治县',533400),(2666,540101,'市辖区',540100),(2667,540102,'城关区',540100),(2668,540103,'堆龙德庆区',540100),(2669,540121,'林周县',540100),(2670,540122,'当雄县',540100),(2671,540123,'尼木县',540100),(2672,540124,'曲水县',540100),(2673,540126,'达孜县',540100),(2674,540127,'墨竹工卡县',540100),(2675,540202,'桑珠孜区',540200),(2676,540221,'南木林县',540200),(2677,540222,'江孜县',540200),(2678,540223,'定日县',540200),(2679,540224,'萨迦县',540200),(2680,540225,'拉孜县',540200),(2681,540226,'昂仁县',540200),(2682,540227,'谢通门县',540200),(2683,540228,'白朗县',540200),(2684,540229,'仁布县',540200),(2685,540230,'康马县',540200),(2686,540231,'定结县',540200),(2687,540232,'仲巴县',540200),(2688,540233,'亚东县',540200),(2689,540234,'吉隆县',540200),(2690,540235,'聂拉木县',540200),(2691,540236,'萨嘎县',540200),(2692,540237,'岗巴县',540200),(2693,540302,'卡若区',540300),(2694,540321,'江达县',540300),(2695,540322,'贡觉县',540300),(2696,540323,'类乌齐县',540300),(2697,540324,'丁青县',540300),(2698,540325,'察雅县',540300),(2699,540326,'八宿县',540300),(2700,540327,'左贡县',540300),(2701,540328,'芒康县',540300),(2702,540329,'洛隆县',540300),(2703,540330,'边坝县',540300),(2704,540402,'巴宜区',540400),(2705,540421,'工布江达县',540400),(2706,540422,'米林县',540400),(2707,540423,'墨脱县',540400),(2708,540424,'波密县',540400),(2709,540425,'察隅县',540400),(2710,540426,'朗县',540400),(2711,540501,'市辖区',540500),(2712,540502,'乃东区',540500),(2713,540521,'扎囊县',540500),(2714,540522,'贡嘎县',540500),(2715,540523,'桑日县',540500),(2716,540524,'琼结县',540500),(2717,540525,'曲松县',540500),(2718,540526,'措美县',540500),(2719,540527,'洛扎县',540500),(2720,540528,'加查县',540500),(2721,540529,'隆子县',540500),(2722,540530,'错那县',540500),(2723,540531,'浪卡子县',540500),(2724,542421,'那曲县',542400),(2725,542422,'嘉黎县',542400),(2726,542423,'比如县',542400),(2727,542424,'聂荣县',542400),(2728,542425,'安多县',542400),(2729,542426,'申扎县',542400),(2730,542427,'索县',542400),(2731,542428,'班戈县',542400),(2732,542429,'巴青县',542400),(2733,542430,'尼玛县',542400),(2734,542431,'双湖县',542400),(2735,542521,'普兰县',542500),(2736,542522,'札达县',542500),(2737,542523,'噶尔县',542500),(2738,542524,'日土县',542500),(2739,542525,'革吉县',542500),(2740,542526,'改则县',542500),(2741,542527,'措勤县',542500),(2742,610101,'市辖区',610100),(2743,610102,'新城区',610100),(2744,610103,'碑林区',610100),(2745,610104,'莲湖区',610100),(2746,610111,'灞桥区',610100),(2747,610112,'未央区',610100),(2748,610113,'雁塔区',610100),(2749,610114,'阎良区',610100),(2750,610115,'临潼区',610100),(2751,610116,'长安区',610100),(2752,610117,'高陵区',610100),(2753,610122,'蓝田县',610100),(2754,610124,'周至县',610100),(2755,610125,'户县',610100),(2756,610201,'市辖区',610200),(2757,610202,'王益区',610200),(2758,610203,'印台区',610200),(2759,610204,'耀州区',610200),(2760,610222,'宜君县',610200),(2761,610301,'市辖区',610300),(2762,610302,'渭滨区',610300),(2763,610303,'金台区',610300),(2764,610304,'陈仓区',610300),(2765,610322,'凤翔县',610300),(2766,610323,'岐山县',610300),(2767,610324,'扶风县',610300),(2768,610326,'眉县',610300),(2769,610327,'陇县',610300),(2770,610328,'千阳县',610300),(2771,610329,'麟游县',610300),(2772,610330,'凤县',610300),(2773,610331,'太白县',610300),(2774,610401,'市辖区',610400),(2775,610402,'秦都区',610400),(2776,610403,'杨陵区',610400),(2777,610404,'渭城区',610400),(2778,610422,'三原县',610400),(2779,610423,'泾阳县',610400),(2780,610424,'乾县',610400),(2781,610425,'礼泉县',610400),(2782,610426,'永寿县',610400),(2783,610427,'彬县',610400),(2784,610428,'长武县',610400),(2785,610429,'旬邑县',610400),(2786,610430,'淳化县',610400),(2787,610431,'武功县',610400),(2788,610481,'兴平市',610400),(2789,610501,'市辖区',610500),(2790,610502,'临渭区',610500),(2791,610503,'华州区',610500),(2792,610522,'潼关县',610500),(2793,610523,'大荔县',610500),(2794,610524,'合阳县',610500),(2795,610525,'澄城县',610500),(2796,610526,'蒲城县',610500),(2797,610527,'白水县',610500),(2798,610528,'富平县',610500),(2799,610581,'韩城市',610500),(2800,610582,'华阴市',610500),(2801,610601,'市辖区',610600),(2802,610602,'宝塔区',610600),(2803,610603,'安塞区',610600),(2804,610621,'延长县',610600),(2805,610622,'延川县',610600),(2806,610623,'子长县',610600),(2807,610625,'志丹县',610600),(2808,610626,'吴起县',610600),(2809,610627,'甘泉县',610600),(2810,610628,'富县',610600),(2811,610629,'洛川县',610600),(2812,610630,'宜川县',610600),(2813,610631,'黄龙县',610600),(2814,610632,'黄陵县',610600),(2815,610701,'市辖区',610700),(2816,610702,'汉台区',610700),(2817,610721,'南郑县',610700),(2818,610722,'城固县',610700),(2819,610723,'洋县',610700),(2820,610724,'西乡县',610700),(2821,610725,'勉县',610700),(2822,610726,'宁强县',610700),(2823,610727,'略阳县',610700),(2824,610728,'镇巴县',610700),(2825,610729,'留坝县',610700),(2826,610730,'佛坪县',610700),(2827,610801,'市辖区',610800),(2828,610802,'榆阳区',610800),(2829,610803,'横山区',610800),(2830,610821,'神木县',610800),(2831,610822,'府谷县',610800),(2832,610824,'靖边县',610800),(2833,610825,'定边县',610800),(2834,610826,'绥德县',610800),(2835,610827,'米脂县',610800),(2836,610828,'佳县',610800),(2837,610829,'吴堡县',610800),(2838,610830,'清涧县',610800),(2839,610831,'子洲县',610800),(2840,610901,'市辖区',610900),(2841,610902,'汉滨区',610900),(2842,610921,'汉阴县',610900),(2843,610922,'石泉县',610900),(2844,610923,'宁陕县',610900),(2845,610924,'紫阳县',610900),(2846,610925,'岚皋县',610900),(2847,610926,'平利县',610900),(2848,610927,'镇坪县',610900),(2849,610928,'旬阳县',610900),(2850,610929,'白河县',610900),(2851,611001,'市辖区',611000),(2852,611002,'商州区',611000),(2853,611021,'洛南县',611000),(2854,611022,'丹凤县',611000),(2855,611023,'商南县',611000),(2856,611024,'山阳县',611000),(2857,611025,'镇安县',611000),(2858,611026,'柞水县',611000),(2859,620101,'市辖区',620100),(2860,620102,'城关区',620100),(2861,620103,'七里河区',620100),(2862,620104,'西固区',620100),(2863,620105,'安宁区',620100),(2864,620111,'红古区',620100),(2865,620121,'永登县',620100),(2866,620122,'皋兰县',620100),(2867,620123,'榆中县',620100),(2868,620201,'市辖区',620200),(2869,620301,'市辖区',620300),(2870,620302,'金川区',620300),(2871,620321,'永昌县',620300),(2872,620401,'市辖区',620400),(2873,620402,'白银区',620400),(2874,620403,'平川区',620400),(2875,620421,'靖远县',620400),(2876,620422,'会宁县',620400),(2877,620423,'景泰县',620400),(2878,620501,'市辖区',620500),(2879,620502,'秦州区',620500),(2880,620503,'麦积区',620500),(2881,620521,'清水县',620500),(2882,620522,'秦安县',620500),(2883,620523,'甘谷县',620500),(2884,620524,'武山县',620500),(2885,620525,'张家川回族自治县',620500),(2886,620601,'市辖区',620600),(2887,620602,'凉州区',620600),(2888,620621,'民勤县',620600),(2889,620622,'古浪县',620600),(2890,620623,'天祝藏族自治县',620600),(2891,620701,'市辖区',620700),(2892,620702,'甘州区',620700),(2893,620721,'肃南裕固族自治县',620700),(2894,620722,'民乐县',620700),(2895,620723,'临泽县',620700),(2896,620724,'高台县',620700),(2897,620725,'山丹县',620700),(2898,620801,'市辖区',620800),(2899,620802,'崆峒区',620800),(2900,620821,'泾川县',620800),(2901,620822,'灵台县',620800),(2902,620823,'崇信县',620800),(2903,620824,'华亭县',620800),(2904,620825,'庄浪县',620800),(2905,620826,'静宁县',620800),(2906,620901,'市辖区',620900),(2907,620902,'肃州区',620900),(2908,620921,'金塔县',620900),(2909,620922,'瓜州县',620900),(2910,620923,'肃北蒙古族自治县',620900),(2911,620924,'阿克塞哈萨克族自治县',620900),(2912,620981,'玉门市',620900),(2913,620982,'敦煌市',620900),(2914,621001,'市辖区',621000),(2915,621002,'西峰区',621000),(2916,621021,'庆城县',621000),(2917,621022,'环县',621000),(2918,621023,'华池县',621000),(2919,621024,'合水县',621000),(2920,621025,'正宁县',621000),(2921,621026,'宁县',621000),(2922,621027,'镇原县',621000),(2923,621101,'市辖区',621100),(2924,621102,'安定区',621100),(2925,621121,'通渭县',621100),(2926,621122,'陇西县',621100),(2927,621123,'渭源县',621100),(2928,621124,'临洮县',621100),(2929,621125,'漳县',621100),(2930,621126,'岷县',621100),(2931,621201,'市辖区',621200),(2932,621202,'武都区',621200),(2933,621221,'成县',621200),(2934,621222,'文县',621200),(2935,621223,'宕昌县',621200),(2936,621224,'康县',621200),(2937,621225,'西和县',621200),(2938,621226,'礼县',621200),(2939,621227,'徽县',621200),(2940,621228,'两当县',621200),(2941,622901,'临夏市',622900),(2942,622921,'临夏县',622900),(2943,622922,'康乐县',622900),(2944,622923,'永靖县',622900),(2945,622924,'广河县',622900),(2946,622925,'和政县',622900),(2947,622926,'东乡族自治县',622900),(2948,622927,'积石山保安族东乡族撒拉族自治县',622900),(2949,623001,'合作市',623000),(2950,623021,'临潭县',623000),(2951,623022,'卓尼县',623000),(2952,623023,'舟曲县',623000),(2953,623024,'迭部县',623000),(2954,623025,'玛曲县',623000),(2955,623026,'碌曲县',623000),(2956,623027,'夏河县',623000),(2957,630101,'市辖区',630100),(2958,630102,'城东区',630100),(2959,630103,'城中区',630100),(2960,630104,'城西区',630100),(2961,630105,'城北区',630100),(2962,630121,'大通回族土族自治县',630100),(2963,630122,'湟中县',630100),(2964,630123,'湟源县',630100),(2965,630202,'乐都区',630200),(2966,630203,'平安区',630200),(2967,630222,'民和回族土族自治县',630200),(2968,630223,'互助土族自治县',630200),(2969,630224,'化隆回族自治县',630200),(2970,630225,'循化撒拉族自治县',630200),(2971,632221,'门源回族自治县',632200),(2972,632222,'祁连县',632200),(2973,632223,'海晏县',632200),(2974,632224,'刚察县',632200),(2975,632321,'同仁县',632300),(2976,632322,'尖扎县',632300),(2977,632323,'泽库县',632300),(2978,632324,'河南蒙古族自治县',632300),(2979,632521,'共和县',632500),(2980,632522,'同德县',632500),(2981,632523,'贵德县',632500),(2982,632524,'兴海县',632500),(2983,632525,'贵南县',632500),(2984,632621,'玛沁县',632600),(2985,632622,'班玛县',632600),(2986,632623,'甘德县',632600),(2987,632624,'达日县',632600),(2988,632625,'久治县',632600),(2989,632626,'玛多县',632600),(2990,632701,'玉树市',632700),(2991,632722,'杂多县',632700),(2992,632723,'称多县',632700),(2993,632724,'治多县',632700),(2994,632725,'囊谦县',632700),(2995,632726,'曲麻莱县',632700),(2996,632801,'格尔木市',632800),(2997,632802,'德令哈市',632800),(2998,632821,'乌兰县',632800),(2999,632822,'都兰县',632800),(3000,632823,'天峻县',632800),(3001,640101,'市辖区',640100),(3002,640104,'兴庆区',640100),(3003,640105,'西夏区',640100),(3004,640106,'金凤区',640100),(3005,640121,'永宁县',640100),(3006,640122,'贺兰县',640100),(3007,640181,'灵武市',640100),(3008,640201,'市辖区',640200),(3009,640202,'大武口区',640200),(3010,640205,'惠农区',640200),(3011,640221,'平罗县',640200),(3012,640301,'市辖区',640300),(3013,640302,'利通区',640300),(3014,640303,'红寺堡区',640300),(3015,640323,'盐池县',640300),(3016,640324,'同心县',640300),(3017,640381,'青铜峡市',640300),(3018,640401,'市辖区',640400),(3019,640402,'原州区',640400),(3020,640422,'西吉县',640400),(3021,640423,'隆德县',640400),(3022,640424,'泾源县',640400),(3023,640425,'彭阳县',640400),(3024,640501,'市辖区',640500),(3025,640502,'沙坡头区',640500),(3026,640521,'中宁县',640500),(3027,640522,'海原县',640500),(3028,650101,'市辖区',650100),(3029,650102,'天山区',650100),(3030,650103,'沙依巴克区',650100),(3031,650104,'新市区',650100),(3032,650105,'水磨沟区',650100),(3033,650106,'头屯河区',650100),(3034,650107,'达坂城区',650100),(3035,650109,'米东区',650100),(3036,650121,'乌鲁木齐县',650100),(3037,650201,'市辖区',650200),(3038,650202,'独山子区',650200),(3039,650203,'克拉玛依区',650200),(3040,650204,'白碱滩区',650200),(3041,650205,'乌尔禾区',650200),(3042,650402,'高昌区',650400),(3043,650421,'鄯善县',650400),(3044,650422,'托克逊县',650400),(3045,650502,'伊州区',650500),(3046,650521,'巴里坤哈萨克自治县',650500),(3047,650522,'伊吾县',650500),(3048,652301,'昌吉市',652300),(3049,652302,'阜康市',652300),(3050,652323,'呼图壁县',652300),(3051,652324,'玛纳斯县',652300),(3052,652325,'奇台县',652300),(3053,652327,'吉木萨尔县',652300),(3054,652328,'木垒哈萨克自治县',652300),(3055,652701,'博乐市',652700),(3056,652702,'阿拉山口市',652700),(3057,652722,'精河县',652700),(3058,652723,'温泉县',652700),(3059,652801,'库尔勒市',652800),(3060,652822,'轮台县',652800),(3061,652823,'尉犁县',652800),(3062,652824,'若羌县',652800),(3063,652825,'且末县',652800),(3064,652826,'焉耆回族自治县',652800),(3065,652827,'和静县',652800),(3066,652828,'和硕县',652800),(3067,652829,'博湖县',652800),(3068,652901,'阿克苏市',652900),(3069,652922,'温宿县',652900),(3070,652923,'库车县',652900),(3071,652924,'沙雅县',652900),(3072,652925,'新和县',652900),(3073,652926,'拜城县',652900),(3074,652927,'乌什县',652900),(3075,652928,'阿瓦提县',652900),(3076,652929,'柯坪县',652900),(3077,653001,'阿图什市',653000),(3078,653022,'阿克陶县',653000),(3079,653023,'阿合奇县',653000),(3080,653024,'乌恰县',653000),(3081,653101,'喀什市',653100),(3082,653121,'疏附县',653100),(3083,653122,'疏勒县',653100),(3084,653123,'英吉沙县',653100),(3085,653124,'泽普县',653100),(3086,653125,'莎车县',653100),(3087,653126,'叶城县',653100),(3088,653127,'麦盖提县',653100),(3089,653128,'岳普湖县',653100),(3090,653129,'伽师县',653100),(3091,653130,'巴楚县',653100),(3092,653131,'塔什库尔干塔吉克自治县',653100),(3093,653201,'和田市',653200),(3094,653221,'和田县',653200),(3095,653222,'墨玉县',653200),(3096,653223,'皮山县',653200),(3097,653224,'洛浦县',653200),(3098,653225,'策勒县',653200),(3099,653226,'于田县',653200),(3100,653227,'民丰县',653200),(3101,654002,'伊宁市',654000),(3102,654003,'奎屯市',654000),(3103,654004,'霍尔果斯市',654000),(3104,654021,'伊宁县',654000),(3105,654022,'察布查尔锡伯自治县',654000),(3106,654023,'霍城县',654000),(3107,654024,'巩留县',654000),(3108,654025,'新源县',654000),(3109,654026,'昭苏县',654000),(3110,654027,'特克斯县',654000),(3111,654028,'尼勒克县',654000),(3112,654201,'塔城市',654200),(3113,654202,'乌苏市',654200),(3114,654221,'额敏县',654200),(3115,654223,'沙湾县',654200),(3116,654224,'托里县',654200),(3117,654225,'裕民县',654200),(3118,654226,'和布克赛尔蒙古自治县',654200),(3119,654301,'阿勒泰市',654300),(3120,654321,'布尔津县',654300),(3121,654322,'富蕴县',654300),(3122,654323,'福海县',654300),(3123,654324,'哈巴河县',654300),(3124,654325,'青河县',654300),(3125,654326,'吉木乃县',654300),(3126,659001,'石河子市',659000),(3127,659002,'阿拉尔市',659000),(3128,659003,'图木舒克市',659000),(3129,659004,'五家渠市',659000),(3130,659006,'铁门关市',659000),(3131,441901,'市辖区',441900);

/*Table structure for table `city` */

DROP TABLE IF EXISTS `city`;

CREATE TABLE `city` (
  `id` int(11) NOT NULL AUTO_INCREMENT,
  `cityID` int(11) NOT NULL,
  `city` varchar(20) NOT NULL,
  `fatherID` int(11) NOT NULL,
  PRIMARY KEY (`id`)
) ENGINE=InnoDB AUTO_INCREMENT=345 DEFAULT CHARSET=gbk COMMENT='省市区选择-市-数据表';

/*Data for the table `city` */

insert  into `city`(`id`,`cityID`,`city`,`fatherID`) values (1,110100,'市辖区',110000),(2,120100,'市辖区',120000),(3,130100,'石家庄市',130000),(4,130200,'唐山市',130000),(5,130300,'秦皇岛市',130000),(6,130400,'邯郸市',130000),(7,130500,'邢台市',130000),(8,130600,'保定市',130000),(9,130700,'张家口市',130000),(10,130800,'承德市',130000),(11,130900,'沧州市',130000),(12,131000,'廊坊市',130000),(13,131100,'衡水市',130000),(14,139000,'省直辖县级行政区划',130000),(15,140100,'太原市',140000),(16,140200,'大同市',140000),(17,140300,'阳泉市',140000),(18,140400,'长治市',140000),(19,140500,'晋城市',140000),(20,140600,'朔州市',140000),(21,140700,'晋中市',140000),(22,140800,'运城市',140000),(23,140900,'忻州市',140000),(24,141000,'临汾市',140000),(25,141100,'吕梁市',140000),(26,150100,'呼和浩特市',150000),(27,150200,'包头市',150000),(28,150300,'乌海市',150000),(29,150400,'赤峰市',150000),(30,150500,'通辽市',150000),(31,150600,'鄂尔多斯市',150000),(32,150700,'呼伦贝尔市',150000),(33,150800,'巴彦淖尔市',150000),(34,150900,'乌兰察布市',150000),(35,152200,'兴安盟',150000),(36,152500,'锡林郭勒盟',150000),(37,152900,'阿拉善盟',150000),(38,210100,'沈阳市',210000),(39,210200,'大连市',210000),(40,210300,'鞍山市',210000),(41,210400,'抚顺市',210000),(42,210500,'本溪市',210000),(43,210600,'丹东市',210000),(44,210700,'锦州市',210000),(45,210800,'营口市',210000),(46,210900,'阜新市',210000),(47,211000,'辽阳市',210000),(48,211100,'盘锦市',210000),(49,211200,'铁岭市',210000),(50,211300,'朝阳市',210000),(51,211400,'葫芦岛市',210000),(52,220100,'长春市',220000),(53,220200,'吉林市',220000),(54,220300,'四平市',220000),(55,220400,'辽源市',220000),(56,220500,'通化市',220000),(57,220600,'白山市',220000),(58,220700,'松原市',220000),(59,220800,'白城市',220000),(60,222400,'延边朝鲜族自治州',220000),(61,230100,'哈尔滨市',230000),(62,230200,'齐齐哈尔市',230000),(63,230300,'鸡西市',230000),(64,230400,'鹤岗市',230000),(65,230500,'双鸭山市',230000),(66,230600,'大庆市',230000),(67,230700,'伊春市',230000),(68,230800,'佳木斯市',230000),(69,230900,'七台河市',230000),(70,231000,'牡丹江市',230000),(71,231100,'黑河市',230000),(72,231200,'绥化市',230000),(73,232700,'大兴安岭地区',230000),(74,310100,'市辖区',310000),(75,320100,'南京市',320000),(76,320200,'无锡市',320000),(77,320300,'徐州市',320000),(78,320400,'常州市',320000),(79,320500,'苏州市',320000),(80,320600,'南通市',320000),(81,320700,'连云港市',320000),(82,320800,'淮安市',320000),(83,320900,'盐城市',320000),(84,321000,'扬州市',320000),(85,321100,'镇江市',320000),(86,321200,'泰州市',320000),(87,321300,'宿迁市',320000),(88,330100,'杭州市',330000),(89,330200,'宁波市',330000),(90,330300,'温州市',330000),(91,330400,'嘉兴市',330000),(92,330500,'湖州市',330000),(93,330600,'绍兴市',330000),(94,330700,'金华市',330000),(95,330800,'衢州市',330000),(96,330900,'舟山市',330000),(97,331000,'台州市',330000),(98,331100,'丽水市',330000),(99,340100,'合肥市',340000),(100,340200,'芜湖市',340000),(101,340300,'蚌埠市',340000),(102,340400,'淮南市',340000),(103,340500,'马鞍山市',340000),(104,340600,'淮北市',340000),(105,340700,'铜陵市',340000),(106,340800,'安庆市',340000),(107,341000,'黄山市',340000),(108,341100,'滁州市',340000),(109,341200,'阜阳市',340000),(110,341300,'宿州市',340000),(111,341500,'六安市',340000),(112,341600,'亳州市',340000),(113,341700,'池州市',340000),(114,341800,'宣城市',340000),(115,350100,'福州市',350000),(116,350200,'厦门市',350000),(117,350300,'莆田市',350000),(118,350400,'三明市',350000),(119,350500,'泉州市',350000),(120,350600,'漳州市',350000),(121,350700,'南平市',350000),(122,350800,'龙岩市',350000),(123,350900,'宁德市',350000),(124,360100,'南昌市',360000),(125,360200,'景德镇市',360000),(126,360300,'萍乡市',360000),(127,360400,'九江市',360000),(128,360500,'新余市',360000),(129,360600,'鹰潭市',360000),(130,360700,'赣州市',360000),(131,360800,'吉安市',360000),(132,360900,'宜春市',360000),(133,361000,'抚州市',360000),(134,361100,'上饶市',360000),(135,370100,'济南市',370000),(136,370200,'青岛市',370000),(137,370300,'淄博市',370000),(138,370400,'枣庄市',370000),(139,370500,'东营市',370000),(140,370600,'烟台市',370000),(141,370700,'潍坊市',370000),(142,370800,'济宁市',370000),(143,370900,'泰安市',370000),(144,371000,'威海市',370000),(145,371100,'日照市',370000),(146,371200,'莱芜市',370000),(147,371300,'临沂市',370000),(148,371400,'德州市',370000),(149,371500,'聊城市',370000),(150,371600,'滨州市',370000),(151,371700,'菏泽市',370000),(152,410100,'郑州市',410000),(153,410200,'开封市',410000),(154,410300,'洛阳市',410000),(155,410400,'平顶山市',410000),(156,410500,'安阳市',410000),(157,410600,'鹤壁市',410000),(158,410700,'新乡市',410000),(159,410800,'焦作市',410000),(160,410900,'濮阳市',410000),(161,411000,'许昌市',410000),(162,411100,'漯河市',410000),(163,411200,'三门峡市',410000),(164,411300,'南阳市',410000),(165,411400,'商丘市',410000),(166,411500,'信阳市',410000),(167,411600,'周口市',410000),(168,411700,'驻马店市',410000),(169,419000,'省直辖县级行政区划',410000),(170,420100,'武汉市',420000),(171,420200,'黄石市',420000),(172,420300,'十堰市',420000),(173,420500,'宜昌市',420000),(174,420600,'襄阳市',420000),(175,420700,'鄂州市',420000),(176,420800,'荆门市',420000),(177,420900,'孝感市',420000),(178,421000,'荆州市',420000),(179,421100,'黄冈市',420000),(180,421200,'咸宁市',420000),(181,421300,'随州市',420000),(182,422800,'恩施土家族苗族自治州',420000),(183,429000,'省直辖县级行政区划',420000),(184,430100,'长沙市',430000),(185,430200,'株洲市',430000),(186,430300,'湘潭市',430000),(187,430400,'衡阳市',430000),(188,430500,'邵阳市',430000),(189,430600,'岳阳市',430000),(190,430700,'常德市',430000),(191,430800,'张家界市',430000),(192,430900,'益阳市',430000),(193,431000,'郴州市',430000),(194,431100,'永州市',430000),(195,431200,'怀化市',430000),(196,431300,'娄底市',430000),(197,433100,'湘西土家族苗族自治州',430000),(198,440100,'广州市',440000),(199,440200,'韶关市',440000),(200,440300,'深圳市',440000),(201,440400,'珠海市',440000),(202,440500,'汕头市',440000),(203,440600,'佛山市',440000),(204,440700,'江门市',440000),(205,440800,'湛江市',440000),(206,440900,'茂名市',440000),(207,441200,'肇庆市',440000),(208,441300,'惠州市',440000),(209,441400,'梅州市',440000),(210,441500,'汕尾市',440000),(211,441600,'河源市',440000),(212,441700,'阳江市',440000),(213,441800,'清远市',440000),(214,441900,'东莞市',440000),(215,442000,'中山市',440000),(216,445100,'潮州市',440000),(217,445200,'揭阳市',440000),(218,445300,'云浮市',440000),(219,450100,'南宁市',450000),(220,450200,'柳州市',450000),(221,450300,'桂林市',450000),(222,450400,'梧州市',450000),(223,450500,'北海市',450000),(224,450600,'防城港市',450000),(225,450700,'钦州市',450000),(226,450800,'贵港市',450000),(227,450900,'玉林市',450000),(228,451000,'百色市',450000),(229,451100,'贺州市',450000),(230,451200,'河池市',450000),(231,451300,'来宾市',450000),(232,451400,'崇左市',450000),(233,460100,'海口市',460000),(234,460200,'三亚市',460000),(235,460300,'三沙市',460000),(236,460400,'儋州市',460000),(237,469000,'省直辖县级行政区划',460000),(238,500100,'市辖区',500000),(239,500200,'县',500000),(240,510100,'成都市',510000),(241,510300,'自贡市',510000),(242,510400,'攀枝花市',510000),(243,510500,'泸州市',510000),(244,510600,'德阳市',510000),(245,510700,'绵阳市',510000),(246,510800,'广元市',510000),(247,510900,'遂宁市',510000),(248,511000,'内江市',510000),(249,511100,'乐山市',510000),(250,511300,'南充市',510000),(251,511400,'眉山市',510000),(252,511500,'宜宾市',510000),(253,511600,'广安市',510000),(254,511700,'达州市',510000),(255,511800,'雅安市',510000),(256,511900,'巴中市',510000),(257,512000,'资阳市',510000),(258,513200,'阿坝藏族羌族自治州',510000),(259,513300,'甘孜藏族自治州',510000),(260,513400,'凉山彝族自治州',510000),(261,520100,'贵阳市',520000),(262,520200,'六盘水市',520000),(263,520300,'遵义市',520000),(264,520400,'安顺市',520000),(265,520500,'毕节市',520000),(266,520600,'铜仁市',520000),(267,522300,'黔西南布依族苗族自治州',520000),(268,522600,'黔东南苗族侗族自治州',520000),(269,522700,'黔南布依族苗族自治州',520000),(270,530100,'昆明市',530000),(271,530300,'曲靖市',530000),(272,530400,'玉溪市',530000),(273,530500,'保山市',530000),(274,530600,'昭通市',530000),(275,530700,'丽江市',530000),(276,530800,'普洱市',530000),(277,530900,'临沧市',530000),(278,532300,'楚雄彝族自治州',530000),(279,532500,'红河哈尼族彝族自治州',530000),(280,532600,'文山壮族苗族自治州',530000),(281,532800,'西双版纳傣族自治州',530000),(282,532900,'大理白族自治州',530000),(283,533100,'德宏傣族景颇族自治州',530000),(284,533300,'怒江傈僳族自治州',530000),(285,533400,'迪庆藏族自治州',530000),(286,540100,'拉萨市',540000),(287,540200,'日喀则市',540000),(288,540300,'昌都市',540000),(289,540400,'林芝市',540000),(290,540500,'山南市',540000),(291,542400,'那曲地区',540000),(292,542500,'阿里地区',540000),(293,610100,'西安市',610000),(294,610200,'铜川市',610000),(295,610300,'宝鸡市',610000),(296,610400,'咸阳市',610000),(297,610500,'渭南市',610000),(298,610600,'延安市',610000),(299,610700,'汉中市',610000),(300,610800,'榆林市',610000),(301,610900,'安康市',610000),(302,611000,'商洛市',610000),(303,620100,'兰州市',620000),(304,620200,'嘉峪关市',620000),(305,620300,'金昌市',620000),(306,620400,'白银市',620000),(307,620500,'天水市',620000),(308,620600,'武威市',620000),(309,620700,'张掖市',620000),(310,620800,'平凉市',620000),(311,620900,'酒泉市',620000),(312,621000,'庆阳市',620000),(313,621100,'定西市',620000),(314,621200,'陇南市',620000),(315,622900,'临夏回族自治州',620000),(316,623000,'甘南藏族自治州',620000),(317,630100,'西宁市',630000),(318,630200,'海东市',630000),(319,632200,'海北藏族自治州',630000),(320,632300,'黄南藏族自治州',630000),(321,632500,'海南藏族自治州',630000),(322,632600,'果洛藏族自治州',630000),(323,632700,'玉树藏族自治州',630000),(324,632800,'海西蒙古族藏族自治州',630000),(325,640100,'银川市',640000),(326,640200,'石嘴山市',640000),(327,640300,'吴忠市',640000),(328,640400,'固原市',640000),(329,640500,'中卫市',640000),(330,650100,'乌鲁木齐市',650000),(331,650200,'克拉玛依市',650000),(332,650400,'吐鲁番市',650000),(333,650500,'哈密市',650000),(334,652300,'昌吉回族自治州',650000),(335,652700,'博尔塔拉蒙古自治州',650000),(336,652800,'巴音郭楞蒙古自治州',650000),(337,652900,'阿克苏地区',650000),(338,653000,'克孜勒苏柯尔克孜自治州',650000),(339,653100,'喀什地区',650000),(340,653200,'和田地区',650000),(341,654000,'伊犁哈萨克自治州',650000),(342,654200,'塔城地区',650000),(343,654300,'阿勒泰地区',650000),(344,659000,'自治区直辖县级行政区划',650000);

/*Table structure for table `province` */

DROP TABLE IF EXISTS `province`;

CREATE TABLE `province` (
  `id` int(11) NOT NULL AUTO_INCREMENT,
  `provinceID` int(11) NOT NULL,
  `province` varchar(20) NOT NULL,
  PRIMARY KEY (`id`)
) ENGINE=InnoDB AUTO_INCREMENT=35 DEFAULT CHARSET=gbk COMMENT='省市区选择-省-数据表';

/*Data for the table `province` */

insert  into `province`(`id`,`provinceID`,`province`) values (1,110000,'北京市'),(2,120000,'天津市'),(3,130000,'河北省'),(4,140000,'山西省'),(5,150000,'内蒙古自治区'),(6,210000,'辽宁省'),(7,220000,'吉林省'),(8,230000,'黑龙江省'),(9,310000,'上海市'),(10,320000,'江苏省'),(11,330000,'浙江省'),(12,340000,'安徽省'),(13,350000,'福建省'),(14,360000,'江西省'),(15,370000,'山东省'),(16,410000,'河南省'),(17,420000,'湖北省'),(18,430000,'湖南省'),(19,440000,'广东省'),(20,450000,'广西壮族自治区'),(21,510000,'四川省'),(22,520000,'贵州省'),(23,530000,'云南省'),(24,540000,'西藏自治区'),(25,610000,'陕西省'),(26,620000,'甘肃省'),(27,630000,'青海省'),(28,640000,'宁夏回族自治区'),(29,650000,'新疆维吾尔自治区'),(30,710000,'台湾省'),(31,810000,'香港特别行政区'),(32,820000,'澳门特别行政区'),(33,500000,'重庆市'),(34,460000,'海南省');

/*Table structure for table `ygt_appindex` */

DROP TABLE IF EXISTS `ygt_appindex`;

CREATE TABLE `ygt_appindex` (
  `id` smallint(6) unsigned NOT NULL AUTO_INCREMENT,
  `pid` smallint(6) unsigned NOT NULL DEFAULT '0',
  `type` tinyint(1) unsigned NOT NULL DEFAULT '0',
  `title` varchar(50) NOT NULL DEFAULT '',
  `img_url` varchar(100) NOT NULL DEFAULT '',
  `img_url_active` varchar(100) NOT NULL DEFAULT '',
  `content` varchar(200) NOT NULL DEFAULT '',
  `orderby` smallint(6) unsigned NOT NULL COMMENT '越大越靠前',
  `status` tinyint(1) unsigned NOT NULL DEFAULT '1',
  `updated_at` int(11) DEFAULT NULL,
  `created_at` int(11) DEFAULT NULL,
  `deleted_at` int(11) DEFAULT NULL,
  PRIMARY KEY (`id`)
) ENGINE=MyISAM AUTO_INCREMENT=13 DEFAULT CHARSET=utf8;

/*Data for the table `ygt_appindex` */

insert  into `ygt_appindex`(`id`,`pid`,`type`,`title`,`img_url`,`img_url_active`,`content`,`orderby`,`status`,`updated_at`,`created_at`,`deleted_at`) values (1,0,1,'消息','upload/appicon/message_3x.png','upload/appicon/messupload/age_3x_active.png','',0,1,NULL,NULL,NULL),(2,0,2,'联系人','upload/appicon/contact_3x.png','upload/appicon/contupload/act_3x_active.png','',0,1,NULL,NULL,NULL),(3,0,3,'工作','upload/appicon/work_3x.png','upload/appicon/work_3x_active.png','',0,1,NULL,NULL,NULL),(4,0,4,'我的','upload/appicon/my_3x.png','upload/appicon/my_3x_active.png','',0,1,NULL,NULL,NULL),(5,3,5,'我的订单','upload/appicon/order_3x.png','','',7,1,NULL,NULL,NULL),(6,3,6,'创建订单','upload/appicon/order_add_3x.png','','',6,1,NULL,NULL,NULL),(7,3,7,'材料管理','upload/appicon/product_3x.png','','',5,1,NULL,NULL,NULL),(8,3,8,'材料添加','upload/appicon/product_add_3x.png','','',4,1,NULL,NULL,NULL),(9,3,9,'库存信息','upload/appicon/stock_3x.png','','',3,1,NULL,NULL,NULL),(10,3,10,'打印设置','upload/appicon/print_3x.png','','',2,1,NULL,NULL,NULL),(11,3,11,'权限管理','upload/appicon/webset_3x.png','','',1,1,NULL,NULL,NULL);

/*Table structure for table `ygt_category` */

DROP TABLE IF EXISTS `ygt_category`;

CREATE TABLE `ygt_category` (
  `id` int(11) NOT NULL AUTO_INCREMENT,
  `cat_name` varchar(50) NOT NULL DEFAULT '' COMMENT '分类名称',
  `pid` int(10) NOT NULL DEFAULT '0' COMMENT '父类ID',
  `display` tinyint(1) NOT NULL DEFAULT '1' COMMENT '是否显示',
  `img_id` int(10) NOT NULL DEFAULT '0',
  `created_at` int(10) NOT NULL DEFAULT '0',
  `updated_at` int(10) NOT NULL DEFAULT '0',
  `deleted_at` int(10) DEFAULT NULL,
  PRIMARY KEY (`id`)
) ENGINE=MyISAM AUTO_INCREMENT=55 DEFAULT CHARSET=utf8 COMMENT='分类表';

/*Data for the table `ygt_category` */

insert  into `ygt_category`(`id`,`cat_name`,`pid`,`display`,`img_id`,`created_at`,`updated_at`,`deleted_at`) values (1,'成品',0,1,181,0,1509773008,NULL),(2,'材料',0,1,181,0,1509675929,NULL),(3,'复合包装袋',1,1,181,0,1508722863,NULL),(8,'纸',2,1,181,1508725526,1508725526,NULL),(16,'A4纸',8,1,181,1508730011,1508738241,NULL),(17,'彩印纸',8,1,181,1508748783,1508924601,NULL),(18,'彩印纸',8,1,181,1508837919,1508921370,1508921370),(19,'膜',2,1,181,1509092348,1509092348,NULL),(20,'油墨',2,1,181,1509092373,1509092373,NULL),(21,'牛皮纸',8,1,181,1509092482,1509092482,NULL),(22,'筒料',2,1,181,1509451760,1509801455,1509801455),(23,'筒料',2,1,181,1509451789,1509451789,NULL),(24,'筒料',2,1,181,1509451804,1509801451,1509801451),(25,'筒料',2,1,181,1509452027,1509520573,1509520573),(26,'筒料',2,1,181,1509529064,1509529319,1509529319),(27,'筒料',2,1,0,1509531265,1509693337,1509693337),(28,'认出来',0,1,0,1509612893,1509675796,1509675796),(29,'r c l',0,1,0,1509613502,1509675793,1509675793),(30,'123',1,1,0,1509613516,1509675975,1509675975),(31,'456',30,1,0,1509613789,1509613789,NULL),(32,'789',30,1,0,1509613795,1509613795,NULL),(33,'123',29,1,0,1509613914,1509613914,NULL),(34,'801',29,0,181,1509614940,1509676554,NULL),(35,'123',2,1,0,1509676031,1509676121,1509676121),(36,'123',2,1,186,1509676109,1509801046,1509801046),(37,'111',2,1,243,1509784164,1509800958,1509800958),(38,'111',2,1,0,1509784611,1509800953,1509800953),(39,'111',2,1,0,1509784611,1509800944,1509800944),(40,'111',2,1,0,1509784611,1509801022,1509801022),(41,'111xyx',2,1,0,1509784710,1509801678,NULL),(42,'66666',1,1,242,1509785968,1509789621,NULL),(43,'111',1,1,0,1509786772,1509790661,1509790661),(44,'111',1,1,0,1509786772,1509792185,1509792185),(45,'222',1,1,0,1509787528,1509787528,NULL),(46,'333',1,1,240,1509787772,1509790654,1509790654),(47,'555',1,1,241,1509787946,1509787946,NULL),(48,'123',8,1,244,1509800561,1509800582,1509800582),(49,'123456',1,1,0,1509800604,1509800604,NULL),(50,'qqq',1,1,0,1509800682,1509800682,NULL),(51,'ttt',8,1,246,1509800758,1509800768,NULL),(52,'sdgx',2,1,0,1509801686,1509801686,NULL),(53,'把',3,1,271,1509940123,1509940123,NULL),(54,'asdfg',2,1,0,1509940249,1509940249,NULL);

/*Table structure for table `ygt_category_bak` */

DROP TABLE IF EXISTS `ygt_category_bak`;

CREATE TABLE `ygt_category_bak` (
  `id` int(10) unsigned NOT NULL AUTO_INCREMENT COMMENT 'id 自增编号',
  `title` char(100) NOT NULL COMMENT '分类名称',
  `type` char(100) NOT NULL COMMENT '所属哪个选项，例如彩印工艺-添加剂 ‘colour_printing_additive’',
  `remark` text NOT NULL COMMENT '备注信息',
  `created_at` int(10) NOT NULL COMMENT 'laravel框架默认的创建时间',
  `updated_at` int(10) NOT NULL COMMENT 'laravel框架默认的修改时间',
  `delete_at` int(10) NOT NULL COMMENT 'laravel框架默认的删除时间（软删除）',
  PRIMARY KEY (`id`)
) ENGINE=MyISAM DEFAULT CHARSET=utf8 COMMENT='分类表-订单创建中涉及到的分类选择都存在这张表中';

/*Data for the table `ygt_category_bak` */

/*Table structure for table `ygt_department` */

DROP TABLE IF EXISTS `ygt_department`;

CREATE TABLE `ygt_department` (
  `id` smallint(6) unsigned NOT NULL AUTO_INCREMENT COMMENT '部门表',
  `pid` smallint(6) NOT NULL DEFAULT '0',
  `privilege_id` smallint(6) NOT NULL COMMENT '权限表id',
  `title` varchar(30) NOT NULL DEFAULT '',
  `status` tinyint(4) NOT NULL DEFAULT '1',
  `updated_at` int(11) DEFAULT NULL,
  `created_at` int(11) DEFAULT NULL,
  `deleted_at` int(11) DEFAULT NULL,
  PRIMARY KEY (`id`)
) ENGINE=MyISAM AUTO_INCREMENT=7 DEFAULT CHARSET=utf8;

/*Data for the table `ygt_department` */

insert  into `ygt_department`(`id`,`pid`,`privilege_id`,`title`,`status`,`updated_at`,`created_at`,`deleted_at`) values (1,0,0,'总经办',1,NULL,NULL,NULL),(2,0,0,'工已制单人',1,NULL,NULL,NULL),(3,0,0,'生产厂长',1,NULL,NULL,NULL),(4,0,0,'营销管理中心',1,NULL,NULL,NULL),(5,0,0,'物流专员',1,NULL,NULL,NULL),(6,1,0,'总子类一',1,NULL,NULL,NULL);

/*Table structure for table `ygt_department_user` */

DROP TABLE IF EXISTS `ygt_department_user`;

CREATE TABLE `ygt_department_user` (
  `id` int(11) unsigned NOT NULL AUTO_INCREMENT,
  `user_id` int(11) unsigned NOT NULL,
  `truename` varchar(30) NOT NULL DEFAULT '',
  `mobile` char(11) NOT NULL DEFAULT '',
  `department_id` smallint(6) unsigned NOT NULL DEFAULT '0' COMMENT '部门表id',
  `privilege_id` smallint(6) unsigned NOT NULL DEFAULT '0' COMMENT '权限表id',
  `is_leader` tinyint(1) unsigned NOT NULL DEFAULT '0' COMMENT '1主管',
  `status` tinyint(1) unsigned NOT NULL DEFAULT '1' COMMENT '1正常',
  `updated_at` int(11) DEFAULT NULL,
  `created_at` int(11) DEFAULT NULL,
  `deleted_at` int(11) DEFAULT NULL,
  PRIMARY KEY (`id`,`user_id`)
) ENGINE=MyISAM AUTO_INCREMENT=10 DEFAULT CHARSET=utf8;

/*Data for the table `ygt_department_user` */

insert  into `ygt_department_user`(`id`,`user_id`,`truename`,`mobile`,`department_id`,`privilege_id`,`is_leader`,`status`,`updated_at`,`created_at`,`deleted_at`) values (1,1,'员工1','13211111111',1,1,0,1,NULL,NULL,NULL),(2,2,'员工2','13211111112',2,2,0,1,NULL,NULL,NULL),(3,3,'员工3','13211111113',3,3,0,1,NULL,NULL,NULL),(4,4,'员工4','13211111114',4,4,0,1,NULL,NULL,NULL),(5,5,'员工5','13211111115',5,5,0,1,NULL,NULL,NULL),(6,6,'员工6','13211111116',1,5,0,1,NULL,NULL,NULL),(7,7,'员工7','13211111117',2,5,0,1,NULL,NULL,NULL),(8,8,'员工8','13211111118',3,5,0,1,NULL,NULL,NULL),(9,13,'mao','18203623732',1,1,0,1,NULL,NULL,NULL);

/*Table structure for table `ygt_img_upload` */

DROP TABLE IF EXISTS `ygt_img_upload`;

CREATE TABLE `ygt_img_upload` (
  `id` int(11) unsigned NOT NULL AUTO_INCREMENT,
  `type` tinyint(1) unsigned NOT NULL DEFAULT '0',
  `img_dir` varchar(30) NOT NULL DEFAULT '',
  `img_url` varchar(100) NOT NULL DEFAULT '',
  `oss_img_url` varchar(100) NOT NULL DEFAULT '',
  `status` tinyint(1) unsigned NOT NULL DEFAULT '1',
  `updated_at` int(11) unsigned NOT NULL,
  `created_at` int(11) unsigned NOT NULL,
  `deleted_at` int(11) DEFAULT NULL,
  PRIMARY KEY (`id`)
) ENGINE=MyISAM AUTO_INCREMENT=272 DEFAULT CHARSET=utf8;

/*Data for the table `ygt_img_upload` */

insert  into `ygt_img_upload`(`id`,`type`,`img_dir`,`img_url`,`oss_img_url`,`status`,`updated_at`,`created_at`,`deleted_at`) values (1,1,'','avatar/aa13vrFqQ8AI2XWOMTxEf9nV4K6gmbTDDeMEFbuk.jpeg','',1,1509073811,1509073811,NULL),(2,0,'','upload/Mqo5EjbFcUcLUIJIsgKkSpweN2jXCEnDyVtcFXBO.jpeg','',1,1509087582,1509087582,NULL),(3,0,'','upload/dFSHkjMCs6ySsANckQPNHvTOzXYT5UC9OgAfwVYF.jpeg','',1,1509089730,1509089730,NULL),(4,0,'','upload/dXrlN16S4uLE5al5m0QoV75c4Gn7pKmj70VHpcpm.jpeg','',1,1509089784,1509089784,NULL),(5,0,'','upload/WW3amVcdKIoI1wtcGvA5XhAFzV2yPz7e56gVeUit.jpeg','',1,1509090175,1509090175,NULL),(6,0,'','upload/PBl12ZvW3ThBfULrZl3acPkIYq7vkpVCyjiTXPTf.jpeg','',1,1509090227,1509090227,NULL),(7,0,'','upload/JGFKUh7XwSrj8SWztqLmSInRQVGm9SlK52JG3XSi.jpeg','',1,1509091452,1509091452,NULL),(8,0,'','upload/0QK7VKa5mBBbdkStIM3X9MCxTYrPI1h4WhVUfkEy.jpeg','',1,1509091514,1509091514,NULL),(9,0,'','upload/qkzjFimY0xFFoY7A0NLuWwEtBPPku3Th5CcvkOzO.jpeg','',1,1509092220,1509092220,NULL),(10,0,'','upload/1N0U9ZMkjbL0QJ5wPFSR8A9mXIxNGbxY5qfJloZs.jpeg','',1,1509096844,1509096844,NULL),(11,0,'','upload/JSDQg9ZVbQAOuFPU6wpcvy8hl6nv3IZWMO02tlto.jpeg','',1,1509098902,1509098902,NULL),(12,0,'','upload/yVj0qEXlquEfMFXSQ3umM0jA9anzFSUn2ENM6tmi.jpeg','',1,1509099071,1509099071,NULL),(13,0,'','upload/KLsp33wZ30rGKaOEcaLRNRV6w9UhCnik1jiszmWA.png','',1,1509101613,1509101613,NULL),(14,0,'','upload/sQnRqbPBmpLdL8GLwBVwDbsOZhPRCKQWboBCWtIC.gif','',1,1509101727,1509101727,NULL),(15,1,'avatar','avatar/6YbXyqGIk71teGepuHePU37ZIUykyUltUEXC7SI3.jpeg','',1,1509331615,1509331615,NULL),(16,1,'avatar','avatar/IdEoQwpImeMATww1o3D7laTqWEsfU0mK2KjJBl5W.jpeg','',1,1509331874,1509331874,NULL),(17,3,'product','product/Akj4mRBOg0ESSBmv0HUMRm76LicWq9nSy6BZ8fns.jpeg','',1,1509349254,1509349254,NULL),(18,3,'product','product/gGb6aPivon9JashsihYM7Jdpj1mvT2i7xi67GAC2.jpeg','',1,1509349756,1509349756,NULL),(19,0,'upload','upload/Qis7TnaQXJoaJiNJnH4uz0PEmLXbsjPoIm93wIeJ.jpeg','',1,1509350516,1509350516,NULL),(20,0,'upload','upload/1Avmeo7Mj0QMriHfNukwQrCHnI2YoYOkwlzSOaMe.jpeg','',1,1509350800,1509350800,NULL),(21,0,'upload','upload/JB2Oueb9oPS4Yw1hqbFVTKyhiSGK1fYrdlFFmSPW.jpeg','',1,1509350876,1509350876,NULL),(22,0,'upload','upload/wHPdHV5em0WQ53urFJWTdDQEjsN1ZQtsT3aZCoFa.jpeg','',1,1509350912,1509350912,NULL),(23,0,'upload','upload/ciVEQdgOUokrFYcbtuJOv0qmWKEllhwXpzsA8wMx.jpeg','',1,1509350953,1509350953,NULL),(24,0,'upload','upload/E4oSfYYqcmxdodCYkv1apIUmzvhSvQ57JDNcuo7q.jpeg','',1,1509351067,1509351067,NULL),(25,2,'order','order/yRQr9AyyD7BoIydRCvl951rv1NvhGjWR84uafCuZ.jpeg','',1,1509351396,1509351396,NULL),(26,0,'upload','upload/vfnaiupzkYhDsH4maxLQr5vYzYLuUq5w1aiKpsGY.jpeg','',1,1509351417,1509351417,NULL),(27,2,'order','order/skKQ0fHb5yLpeQkPRHsgXtwK6LCXmDWR4MubQx5e.gif','',1,1509351420,1509351420,NULL),(28,0,'upload','upload/KRHpSieTDPS3EC51wmnWN3DhGO1eC8XamFlHTYbW.jpeg','',1,1509351493,1509351493,NULL),(29,0,'upload','upload/RhYc6dBkcNxEgq6Ry5ApxxYlWyDPp7vRG8j8CSm5.jpeg','',1,1509351502,1509351502,NULL),(30,0,'upload','upload/Qt7iooiksZRiTNRmWaGF2OUM7AdELOAxsbFpJM8K.jpeg','',1,1509351565,1509351565,NULL),(31,0,'upload','upload/HgYkWwBU19suFXxARRj9lAKDw9UZ47CEeJMRt5IO.jpeg','',1,1509351570,1509351570,NULL),(32,0,'upload','upload/0fsxapJw7JbUZSEaakyKNkV4PANM7LdomU0RYfXV.png','',1,1509351566,1509351566,NULL),(33,0,'upload','upload/pUvoRcYHUwtbMdlyIejYTwXAZgU2lWVr4HEH7m4G.jpeg','',1,1509351610,1509351610,NULL),(34,0,'upload','upload/16try42ZtHsXWGXMJfms3tdJvFz1l8Vr0Ptf7lFo.jpeg','',1,1509352279,1509352279,NULL),(35,0,'upload','upload/VIHvy0k88YQ3WjE4cxq3Cfq8XO3l5p04kfxDUwlE.jpeg','',1,1509352516,1509352516,NULL),(36,0,'upload','upload/uegwerFHvNIc72osilgvPol3ZC3Bfo9CTyygSpsm.jpeg','',1,1509352809,1509352809,NULL),(37,0,'upload','upload/h1GRZvnRlF4or49yRMkofw0p1gTkGcO6maZgb27g.jpeg','',1,1509352881,1509352881,NULL),(38,0,'upload','upload/HH6ge0ayzuxpVw4VUXp547ulJeNnE5SYkLwRNCFA.jpeg','',1,1509352888,1509352888,NULL),(39,0,'upload','upload/r95UZ3SPZlfQ35pLLxntmccEspYN5vS92T8563dl.jpeg','',1,1509352918,1509352918,NULL),(40,0,'upload','upload/elo623k1wM611045mZcrn1d0NcxUUDJwIBMIkNky.jpeg','',1,1509353026,1509353026,NULL),(41,0,'upload','upload/p9kAXu7xYw77aM0csk18VCPilprHEkiOKANp2LGT.jpeg','',1,1509353132,1509353132,NULL),(42,0,'upload','upload/fsaZejn0HGueq1RwSDgxE3t9chEsWOmKg3O6b4GU.jpeg','',1,1509353197,1509353197,NULL),(43,0,'upload','upload/eYbUKA0qSmNENcnPUves1MOZM4VZLmagFSEigjvz.jpeg','',1,1509353203,1509353203,NULL),(44,0,'upload','upload/Zhk5ugwGnFqyLxWSjvICQMwlt14br3mGa24yHU1t.jpeg','',1,1509353212,1509353212,NULL),(45,0,'upload','upload/2GXDZNzf9KVtYJGXyXwe0mSK5hYiv3ZnHnrwjAXt.jpeg','',1,1509353221,1509353221,NULL),(46,0,'upload','upload/0BoMBEvQw6Gxx3wYnsGXB7b6O7tyPKuTu3f8berW.jpeg','',1,1509353226,1509353226,NULL),(47,0,'upload','upload/u1d7EsKXvDo3fBlvkNnrYHm4V3OfKLz8nNW2zkcJ.jpeg','',1,1509353232,1509353232,NULL),(48,0,'upload','upload/Du64WfdD5ewHSrSfJamXcinmfIiW8aVqnsOJdcr7.jpeg','',1,1509353242,1509353242,NULL),(49,0,'upload','upload/CItS0bGDIGNlRcOqQdrnkWOxj3VW2GCOfH8IFa3e.jpeg','',1,1509353248,1509353248,NULL),(50,0,'upload','upload/HL0yVEFe966Y1VkgqtWGsP3gEz0W0idwi5LGLufd.jpeg','',1,1509353323,1509353323,NULL),(51,0,'upload','upload/etDkPkpsWZ4kTYESvuhm7Ah02HR4GBbaIXcyQ12c.png','',1,1509359131,1509359131,NULL),(52,2,'order','order/iTVCpbloJL5MS2df3KpHRr6qCuY0DzuKNK9KnA9G.jpeg','',1,1509359668,1509359668,NULL),(53,2,'order','order/fjM4361f6lLcpPOK693XBseSw1sF5qVniqfgrVW1.png','',1,1509359854,1509359854,NULL),(54,2,'order','order/d0brxVxneNrgJSkqfTp38bDsBkoI66ZRStnfMHH4.png','',1,1509359857,1509359857,NULL),(55,2,'order','order/5JbRTBBY761DjLWliivFWPJ9EGhJG7hPhdzMyHii.png','',1,1509359867,1509359867,NULL),(56,2,'order','order/vPR8K8sAWfT6HDHmZqBAIwuV8QTEDNt5YydQgv43.png','',1,1509360322,1509360322,NULL),(57,2,'order','order/QSp5Z8T7z8TfJuwIVbcUiwQycWm3diBktVqP9Vx3.png','',1,1509360855,1509360855,NULL),(58,2,'order','order/27fPatrRrO3SolcFSn4pxAMLwjafzADLIUTTlpKo.jpeg','',1,1509360855,1509360855,NULL),(59,2,'order','order/P4qqllQW3b23JnKocjL2snHsoculNcecIyTPYizM.jpeg','',1,1509360856,1509360856,NULL),(60,2,'order','order/qGFtmqhmRgz9uvn0u0St3yGOtw7Zb9Hlx7kMz18w.png','',1,1509361482,1509361482,NULL),(61,2,'order','order/COBXWCsxQbi9WVDYKwE7oOWxyXvpAk6abxxKne3M.png','',1,1509361482,1509361482,NULL),(62,2,'order','order/Xj8tdii74YXIuS0Oc62zLQE5t7BIBlOd9rtwveAc.png','',1,1509361482,1509361482,NULL),(63,2,'order','order/N0XXsEP8zojX26EvVaTwr7X5LIQqXe5yEr6QImmM.png','',1,1509361482,1509361482,NULL),(64,2,'order','order/JTPVuj3uzCk7l7IbJwztvl7b0NUPgcoVPRjHR4Ab.png','',1,1509361517,1509361517,NULL),(65,2,'order','order/47QFvfvWn03h2aKlf6vGa7l7oa5Zh3kXU9lf2jS4.png','',1,1509361517,1509361517,NULL),(66,2,'order','order/kKLEhoS3mDo0SLUsPwnxei8y3GiSsJGdEuDWSjWP.png','',1,1509361517,1509361517,NULL),(67,2,'order','order/WQI2QuOe9NcgaGkZTSKdRLLdZTkNDzA8r4LB3plS.jpeg','',1,1509361517,1509361517,NULL),(68,2,'order','order/FRVt7EPeDFp7nzHHAyEKpMq04VZIuXHSXgpLQF5t.jpeg','',1,1509361518,1509361518,NULL),(69,2,'order','order/doUJZdFcCvwnQYOEklyiARWEJnHwss9kUPcpAVyH.jpeg','',1,1509361518,1509361518,NULL),(70,2,'order','order/qV0Ea7ACwDw1WCl8my0O6vCnYS6NODDj8ag7hTBR.png','',1,1509361735,1509361735,NULL),(71,2,'order','order/N4O4cXSKn1QbkNqln6nnD5xprjKj6KvPrCgol7DP.png','',1,1509361735,1509361735,NULL),(72,2,'order','order/Wh7KCFasDaMgJKLRmV8xallSEecLqzFvP614h7gg.jpeg','',1,1509361735,1509361735,NULL),(73,2,'order','order/OGaeQAvQBSuXYPJmCs1LG8OXubVIen7MIFUQQ9T0.jpeg','',1,1509361736,1509361736,NULL),(74,2,'order','order/vCledR61E7ODvWulVU0ER9l8SbWyJ4iGqe7q73jM.png','',1,1509362183,1509362183,NULL),(75,2,'order','order/yQ5sM6Rt1GoNBrkQjVN8SiU4SLbZYYSoNmv3Es9x.png','',1,1509362183,1509362183,NULL),(76,2,'order','order/Y6PCHyl5HjZQQd8FvA7L33qp2a6n3lGxQp1rv0fA.png','',1,1509362183,1509362183,NULL),(77,2,'order','order/qW3CwXT5SybjY65sVkPT7kmm3y4l1vTR4oBEH9xF.png','',1,1509362183,1509362183,NULL),(78,2,'order','order/f04KatuVsrhs1Ov8AaOD0eJ49pRlybz3HzeXP4lq.png','',1,1509362183,1509362183,NULL),(79,2,'order','order/nU7sDzLZGuuXZ1fm7nRxJhqlRCAOzPAsTMBt0Sfz.jpeg','',1,1509362184,1509362184,NULL),(80,2,'order','order/d2N9hUNyo773NQnkQd0BDQsQ5wwGRPArjWg9ur92.jpeg','',1,1509362185,1509362185,NULL),(81,2,'order','order/NfUUtBbfVN2sZqXlqJ5UZQIcE7NMNuTT0hs3bsFl.png','',1,1509363532,1509363532,NULL),(82,2,'order','order/xcJIMqwCZ0EaxgjH37Ou8LO674UY5557g6RoBxME.png','',1,1509363532,1509363532,NULL),(83,2,'order','order/2K1xAcTOoFAqdpoJ11qKvGsDCr2Ue6UrDeHZfOBt.jpeg','',1,1509363533,1509363533,NULL),(84,2,'order','order/8f0ERXRkpdTUabeteEi230L8dZeFoIP9kY60uVH8.jpeg','',1,1509363534,1509363534,NULL),(85,2,'order','order/UslPb1V8QGZnENcLybJJVStN0975H5X7weK0U7jF.jpeg','',1,1509363534,1509363534,NULL),(86,2,'order','order/livwk6qNoVOTJ0YL4p2NobPptZxUwbXPLjbnoFrr.png','',1,1509363630,1509363630,NULL),(87,2,'order','order/FffEFvHLGW2TvKmiTo6vMvzGRVjwXSYN9kl2HRHC.png','',1,1509363630,1509363630,NULL),(88,2,'order','order/Cg4m8BcpmAHoi5HtR1LGvUsvorrxbJ3XgAp0BG5w.jpeg','',1,1509363630,1509363630,NULL),(89,2,'order','order/rG0xR6n8vSQGWkhlXMHz0QI5aVN1GlWzG2Ad384q.png','',1,1509363630,1509363630,NULL),(90,2,'order','order/J5ZGuX6izoXvyCQiLppX0Y2XvHuaLTDuGLDd7ap2.jpeg','',1,1509363631,1509363631,NULL),(91,2,'order','order/C8Rirs8PeqKP0icHi4MH67VZgsfrZhdBDUmZqL9s.jpeg','',1,1509363631,1509363631,NULL),(92,2,'order','order/5EOVGcQYk4jILEK6eabJsE6kkjoRO4XkUlEsDP9X.png','',1,1509364081,1509364081,NULL),(93,2,'order','order/un6W7nzWuLkmrpODItBFUQgQFqSLifb9InjMkQ2F.png','',1,1509364081,1509364081,NULL),(94,2,'order','order/SOvVuhhN3eUABGJL0Ca1M196B74ieQa0x7JoCDeI.jpeg','',1,1509364081,1509364081,NULL),(95,2,'order','order/2665RDSzKQqRQI2XWHBHPO140aAD5aYrROnGKaCD.jpeg','',1,1509364082,1509364082,NULL),(96,2,'order','order/Eo0MfQ0U5zwdD6Xt1Ah4MD3FrqYkFXGmgHhuCCkI.jpeg','',1,1509364083,1509364083,NULL),(97,2,'order','order/z8mXxJ8sbMFvcA2WXATELHz1ZH5rDUSIN9cbvRWm.jpeg','',1,1509364083,1509364083,NULL),(98,2,'order','order/7Ji4UKxDWqlcAN6dYnX3nZLMnN3GWr7gKu25yNBF.png','',1,1509364131,1509364131,NULL),(99,2,'order','order/p6vTrEbss1ObC9vDupGzb8VqmfOtTE2F5gIvrxjC.png','',1,1509364131,1509364131,NULL),(100,2,'order','order/jxRKW4o2Ze5Hsn5ED8OASCjBFAuTy8qiZhTWumU1.png','',1,1509364131,1509364131,NULL),(101,2,'order','order/F1tw67jQVbhK9R6zYZFYW9nPy1azgT6TspKCftoa.jpeg','',1,1509364131,1509364131,NULL),(102,2,'order','order/Bm1ZdyWbvHiYpbBdefnXZa2Ukq1OQURRTWwb7NFO.jpeg','',1,1509364132,1509364132,NULL),(103,2,'order','order/FwqnHTBdaJrRI1u11dCVxEqAXu6Z3dfyrdmTdrzO.jpeg','',1,1509364132,1509364132,NULL),(104,2,'order','order/PXWcvNR0r0nHmI5fdcDUoJUrPFevYvAl6Fn57tsn.png','',1,1509364226,1509364226,NULL),(105,2,'order','order/dPzflh0vh7wtwfSUIoUgQxCNLZ8aYQqN2JgywNhI.png','',1,1509364226,1509364226,NULL),(106,2,'order','order/m25wklS2h0RTfPBKTeQxXsXu1RdMfAMdNcUJgYi4.jpeg','',1,1509364229,1509364229,NULL),(107,2,'order','order/oK3vWbeW1XL3y3M20DyZ9oR7w4tBhCYNJocpIshK.jpeg','',1,1509364230,1509364230,NULL),(108,2,'order','order/JjuLRbts7gRMvjYaaJAVDCIaOEEOvofKvBXEY1cQ.jpeg','',1,1509364230,1509364230,NULL),(109,2,'order','order/O2Kid3MtYhwK6y2chRDbAUUE2LWG5JZa1OclLjB4.jpeg','',1,1509364233,1509364233,NULL),(110,2,'order','order/6o2CfugW0JlCd75yzzCMdVsCO2Hd9p3kKrmUFMSQ.png','',1,1509364400,1509364400,NULL),(111,2,'order','order/nUWEi1yKdk6AVVgTkCxTez9tRCHEAqDaBIosoTQM.png','',1,1509364400,1509364400,NULL),(112,2,'order','order/hIqj7oiUta7Sz547LED16Rq6h4iAoxws5V3W1QNn.png','',1,1509364400,1509364400,NULL),(113,2,'order','order/HIZJTsacr3Q7yLEzCOl6j9KfRvsoVH3BZ5hIlJwC.jpeg','',1,1509364400,1509364400,NULL),(114,2,'order','order/qvPccb0UCpLmt8fLzC4H9IFZqwo98OLp6DmMQI9O.jpeg','',1,1509364402,1509364402,NULL),(115,2,'order','order/kcObGkPb3ZPfTwMvPlER9qmmoI0nISA9EyfVO6Zq.jpeg','',1,1509364402,1509364402,NULL),(116,2,'order','order/6LHwOWI4LBHCdv5lwoOZzcL9o0SiEInhOWAzsJqy.jpeg','',1,1509365335,1509365335,NULL),(117,2,'order','order/TRjDQJs5qum3BJRLNA41UuBlr36tGmYIxDJiX6TW.png','',1,1509365335,1509365335,NULL),(118,2,'order','order/s60e2kUd9Df9OoVp9AYvexjRYjIgAhWYL7dJpDD4.jpeg','',1,1509365335,1509365335,NULL),(119,2,'order','order/Qjp6lGtxAZiNCe90ZWGemQHz8YNXUEYGhmqJgjlR.png','',1,1509365335,1509365335,NULL),(120,2,'order','order/AEODeIc2UWxrJvp9ekB4TyS6wOAgJ4npWGatuXqB.png','',1,1509365335,1509365335,NULL),(121,2,'order','order/HvJIGAN4xY787Jd7GuW4XMJHTmNZhQ36t3t1de0Y.png','',1,1509365437,1509365437,NULL),(122,2,'order','order/scDNe22B4u2A55sm2dRQUVfdvi8ME0vdkq1vnm88.jpeg','',1,1509365437,1509365437,NULL),(123,2,'order','order/PlOZw2IFAFTOn4ngA6igHV7KQ2g4DLar0F5WCjC2.png','',1,1509365504,1509365504,NULL),(124,2,'order','order/zUDr4gKkLutTKooIEz8p1N2ambFtnBY5HOZYwxgt.jpeg','',1,1509365504,1509365504,NULL),(125,2,'order','order/FcsWEHPELt5MYLypw5duqZjawJgSp48UtoIWEdiF.png','',1,1509365578,1509365578,NULL),(126,2,'order','order/OV86J7EfsbVYhSmGkmf08OWcYp2JQZgR4pgTdUjn.jpeg','',1,1509366046,1509366046,NULL),(127,2,'order','order/PxeCnSmshpck11Kh4BoPP9UXL7ChlMeIrppRpfSC.jpeg','',1,1509366046,1509366046,NULL),(128,2,'order','order/cfewsFjjuKdzAkvkfugUvP6hXkOYiUJ3opuLd8nU.png','',1,1509366187,1509366187,NULL),(129,2,'order','order/wFINYVrrUeY5kLew4kK4wT9cF0tcrnepW7erv2sl.jpeg','',1,1509366187,1509366187,NULL),(130,2,'order','order/Nn1NDST6rbiYRZzRM1pd2NPMajvCjeHedo1sHHMs.png','',1,1509366187,1509366187,NULL),(131,2,'order','order/4F37IeHQdLPmf4qXYhJAfbwiLEiGQGPstD0gqSg7.png','',1,1509366703,1509366703,NULL),(132,2,'order','order/YotpaYCdG4G5J8G20O3qcrU7oJe8Ff4btRyR9YcC.png','',1,1509366703,1509366703,NULL),(133,2,'order','order/7IY0xMzpFkknQKmtpGdzsCgEKWx36fj2lzZuZMKw.jpeg','',1,1509366703,1509366703,NULL),(134,2,'order','order/T4cuPCGi7x4TblGvV71zNO2sygVfgflWvApy4pZX.png','',1,1509366900,1509366900,NULL),(135,2,'order','order/QQlbXcwhti75l1S6Na7owEkCrrezPYtnqWD3G4yD.jpeg','',1,1509366901,1509366901,NULL),(136,2,'order','order/Cbb7O5T9kTVJwyRl8mIMiJnAxI7aRG8ONmXVV2NG.png','',1,1509367613,1509367613,NULL),(137,2,'order','order/42HaQgsSGiiwNTXJWghpZeEfcHYyaBY53gQ428Hv.jpeg','',1,1509367615,1509367615,NULL),(138,2,'order','order/J1ha16kcRjdbQxZMeaKw9iw15K7wWsFfj1tW1JMm.jpeg','',1,1509367616,1509367616,NULL),(139,2,'order','order/aQGTgswjlswm9kQbsAapLxMgkIDJyh9mi4pob1vl.jpeg','',1,1509367616,1509367616,NULL),(140,2,'order','order/I1eoWYrRLZGfOduHa4ufloaOYM8sLWBVmJufNd6N.jpeg','',1,1509367616,1509367616,NULL),(141,2,'order','order/nZ9bcbfulhCE5KeOoDFGtKapJvlpq2gjADuB784L.png','',1,1509367683,1509367683,NULL),(142,2,'order','order/bGkiBwxsv5QSsCXUD4Zf9c1XwVmo4LfE1HTdDafN.png','',1,1509367683,1509367683,NULL),(143,2,'order','order/qbGDOJHVNMcX9cYQ51aSKHWFMXxL19S0PLx9mZ6w.png','',1,1509367683,1509367683,NULL),(144,2,'order','order/4pLSj8laivX3YrgUDsqfonn1RKpTDH9GiGQYSQ9A.png','',1,1509367775,1509367775,NULL),(145,2,'order','order/vca242QBGieiYRN0RLK0ctV6h0okHPv4E3cjqPMI.jpeg','',1,1509367775,1509367775,NULL),(146,2,'order','order/8pyc4Pb7DQQm56JfOICXAeXFzUpY0mL6ySkwcA99.png','',1,1509367845,1509367845,NULL),(147,2,'order','order/pMVUbevEKey0tfghjcOBO5nqKcEvwPrN72p5kJOP.jpeg','',1,1509367845,1509367845,NULL),(148,2,'order','order/MmREQjtG3TNXs7H5RJvhXJ1NH2MlYvSSxD0HUqxr.png','',1,1509367867,1509367867,NULL),(149,2,'order','order/eaLOiRiQPtgCBKTB0iUgbuFquc6S1HRlhMlpP4vF.jpeg','',1,1509367867,1509367867,NULL),(150,2,'order','order/E89macNuxted9thralVMnnpd27nUb9KHElx19Q4B.png','',1,1509368097,1509368097,NULL),(151,2,'order','order/emQOJtZFxKzmuvNJQoepbrmNF4CdgrpxQyyln7eW.jpeg','',1,1509368098,1509368098,NULL),(152,0,'upload','upload/OII3qi0ZFxmAgJbsDc0w23V1k23Jyxgmh5YbuWT1.jpeg','',1,1509413493,1509413493,NULL),(153,0,'upload','upload/rMkkGa3hwUPWGT8EEd02BnISCDx227JNjh2wRXmp.jpeg','',1,1509442169,1509442169,NULL),(154,2,'order','order/GDe1Uf7tqWOg3EKDAHBzB689UVTFNSFR6jZv7Xgw.jpeg','',1,1509442379,1509442379,NULL),(155,2,'order','order/7Sf9dHEeOzaylcrZvPqOmUziBQGjV9wHI3F8o9PH.png','',1,1509446365,1509446365,NULL),(156,2,'order','order/9vubB1UPeSWlt4Mc61VHZFxE0hU4GbDTNZAonu2E.jpeg','',1,1509446396,1509446396,NULL),(157,2,'order','order/dMth4aClfV2uD9ZSUADTg1g2kmz7DfT2ehvqDNzo.png','',1,1509446641,1509446641,NULL),(158,2,'order','order/H726EOYBa7w4OTEl40fNZd6o2y5B2ZmAgjdCD1vd.png','',1,1509446641,1509446641,NULL),(159,2,'order','order/WukctoycnYSoCST6P8wroMR3MMXMniykyyhEKICV.jpeg','',1,1509446642,1509446642,NULL),(160,2,'order','order/6VhfIg4bo2JMzgOFZbJIo3zlaKvykMYBuOyniuFI.png','',1,1509446648,1509446648,NULL),(161,2,'order','order/VzQwAN3EXembdpUwnlVYvfwuuqQUfoAgavq1sM9d.png','',1,1509446648,1509446648,NULL),(162,2,'order','order/ZZcZcjWgg2h1VXyQVtHK7Wt5SqfcZG02QJwlmb94.png','',1,1509446648,1509446648,NULL),(163,2,'order','order/TlfdaI2JkR1S77WvWHwS9xDs37e3LhO7dxAudcyI.png','',1,1509446648,1509446648,NULL),(164,2,'order','order/kFPnFZsJDd8RShsA3kUo0PuuCpDK0LzXSwEFX9gh.jpeg','',1,1509446649,1509446649,NULL),(165,2,'order','order/uyvBA0TGw5gB9hdGn0IHhg6wn9LyDqVAeUnulZC1.png','',1,1509446675,1509446675,NULL),(166,2,'order','order/TYdo0ofEVonJw8X7rHyELvFQLICyyFBtJs8wNtdE.png','',1,1509446675,1509446675,NULL),(167,2,'order','order/7B8rbrr52NYHZLcMIMiVrMYdK9SKTri5fqqY2AYb.png','',1,1509446675,1509446675,NULL),(168,2,'order','order/D58V6hiMfhFU8fLZZcQwbhcpdlXAn7h6r3IaU03s.png','',1,1509446675,1509446675,NULL),(169,2,'order','order/ElRAQvRAcj3Kzd9mVzIFzlXeDK0coRIEme7vfaDr.png','',1,1509446675,1509446675,NULL),(170,2,'order','order/ci2YoVDq3NiEXYM0TevDNbLlRnyxBIMnkSVRkvCL.png','',1,1509446675,1509446675,NULL),(171,2,'order','order/COn4Yi2erheRAc15MzFM7rFnxL2iRMtDMwNRrHXK.jpeg','',1,1509446675,1509446675,NULL),(172,2,'order','order/Dpaj9mBUcnVvFisoWvBWU1b9z7Yqce6lC2HTPcfy.png','',1,1509446829,1509446829,NULL),(173,2,'order','order/lsolHvERXc5bV9prwOZVRZ3o3MBznfGdfrzGFr6r.png','',1,1509446837,1509446837,NULL),(174,2,'order','order/fVqnliBGkrE2LeaRHXfZSGNmCuc3QriOnIf6B8iU.png','',1,1509446837,1509446837,NULL),(175,2,'order','order/ksuyk7phkH1IDwlFa2v3T2zSaxIORu26xPNhkSqL.jpeg','',1,1509446838,1509446838,NULL),(176,2,'order','order/sywKJjDLxWqyyhjyQ361CpWNq4vFve5erhex7PJi.png','',1,1509446855,1509446855,NULL),(177,2,'order','order/7HT5YuYAATsYFsIaMeuMUKYW0CavdjWZN1s9YsY2.jpeg','',1,1509446855,1509446855,NULL),(178,2,'order','order/B0EajdatbedFiiZigm9mhlr7tcC3Sfmmb9dHLl65.jpeg','',1,1509446856,1509446856,NULL),(179,0,'upload','upload/zUGDauYVf1TIGsIALxkzWqMN9EreRsmDqRuZxesG.jpeg','',1,1509505858,1509505858,NULL),(180,0,'upload','upload/iFhwWXn6pA6EqAqZZBpMgNAd2MLX5LviJtvLvW8g.jpeg','',1,1509505914,1509505914,NULL),(181,0,'upload','upload/yfoMiScQNpBEE3IPSrEVSnkIWKG9bOrUhPlMk75S.jpeg','',1,1509530644,1509530644,NULL),(182,2,'order','order/8nGOuH43FVBpdLCRozILmifCh4oXfCKA7keNcXbG.png','',1,1509621916,1509621916,NULL),(183,2,'order','order/Rd6DlUniXq8BwPgyNfqA3T6fnDKxUPgpDBvfx2k8.jpeg','',1,1509672128,1509672128,NULL),(184,2,'order','order/F7xPri7uyXX2Ox3vbKM8cETGvPrKD0Y0uJi2PDMm.jpeg','',1,1509672289,1509672289,NULL),(185,3,'product','product/jTAuvajz4qqdmAjOLxm7EvMOwHCKD4sa7V1mEbNn.jpeg','',1,1509676026,1509676026,NULL),(186,3,'product','product/frbM8lFYUb70JIuLMLPrqupqfvkU6pyDllaDDCAL.jpeg','',1,1509676107,1509676107,NULL),(187,3,'product','product/wlICPByKQKyb0Os4kVjzuEY0bTFTSVENA7oMOjbX.jpeg','',1,1509679773,1509679773,NULL),(188,3,'product','product/wXoK7swIKchOm6h1OFp7MQ1ANI7Dsk9mLrRrIezI.jpeg','',1,1509680219,1509680219,NULL),(189,3,'product','product/Z5E0f6iNzO6iZRrox3SvD8vtYxi5GK0KE92y68ZV.jpeg','',1,1509681008,1509681008,NULL),(190,3,'product','product/hBPB5TUqaXaK1XOsqvNkVbocUFYnBCAMJLn0QBO3.jpeg','',1,1509681198,1509681198,NULL),(191,3,'product','product/oadGQypPh2ckH0dalyUo6FIxVio8zQz4f0HUYeYV.jpeg','',1,1509681218,1509681218,NULL),(192,3,'product','product/oEYPPsZRPnp7b1wyJNio2nQKzPFK4QdJiJzCQQjo.jpeg','',1,1509687632,1509687632,NULL),(193,3,'product','product/uu40Fzl8oNmffeKX6e4mXHJIuNslEteS6b861Xs1.jpeg','',1,1509687776,1509687776,NULL),(194,3,'product','product/R1vsBw9IqeSdyVX6DjKDZxMx3db2memVwhM6e8v5.jpeg','',1,1509687801,1509687801,NULL),(195,3,'product','product/Ff2LKcBMWlyS5DV7XBEJfl577JoBMWVTNEuDDxPZ.jpeg','',1,1509687958,1509687958,NULL),(196,3,'product','product/IhYaSP3oBBKXKGbOTJM5eudtbNyrmAQMsZKAx82E.jpeg','',1,1509688002,1509688002,NULL),(197,3,'product','product/UvnqU82QT3XQHhLaQ6fgzaSlhwgdx2pPEZRnzraO.jpeg','',1,1509688700,1509688700,NULL),(198,0,'upload','upload/ya6PozqMa3OvrMB7ZbEFKFgQCPKIyfUOpdSkfzY6.jpeg','',1,1509688806,1509688806,NULL),(199,0,'upload','upload/NLbyFMGIURimeahvMfDFsNNUKFh3FC4ipTOV403F.jpeg','',1,1509688940,1509688940,NULL),(200,3,'product','product/kIRwzE47MohOiTctkO9ZU7nIhd5YCxTIg4j2V4HA.png','',1,1509690690,1509690690,NULL),(201,3,'product','product/xtryGV8leEdKoJTP1TcSr4m1o3Eqnd8J2gYbxXrG.png','',1,1509690844,1509690844,NULL),(202,3,'product','product/6eNFQDdGK2NF3BovcNawUPD0CxplLav0ZXSC2mHH.png','',1,1509691297,1509691297,NULL),(203,3,'product','product/yzTvjlcoJoAY9BmVMdLJtSkzhcSXdPk6FTzRDF9E.png','',1,1509691467,1509691467,NULL),(204,3,'product','product/twZTRNvzmjkwm1Yv8zilFhen7wsZZE0wWYP04LCO.png','',1,1509691519,1509691519,NULL),(205,3,'product','product/ZtxND1zSlKBYmfyDQmegSU2smhqLkbSThJDU1gv3.jpeg','',1,1509691646,1509691646,NULL),(206,3,'product','product/4JlewuDrgH2KN3p9OrbMGl5hdCbjEprfFZ6PJNxI.jpeg','',1,1509691685,1509691685,NULL),(207,3,'product','product/qGNE5lkYomn5XmDksx9BfBvZlCwKMrd4TDjXQfzT.png','',1,1509691721,1509691721,NULL),(208,3,'product','product/CD7UO3TLU55XzLSmwnmFVcgb5V7Jq0zJBQodRoSq.png','',1,1509692794,1509692794,NULL),(209,3,'product','product/IlthM101NiTdjZhI4iwjZcQ1QBZw9XHKtxbwAX2t.png','',1,1509692875,1509692875,NULL),(210,3,'product','product/eGQ0F0RoU1pDsqvobjuzgAhgdiYXmkQMUpTPjnJF.png','',1,1509693616,1509693616,NULL),(211,3,'product','product/ygJwPZ61jrwL3CTJNjYDwO78gD2caFftWuR2SAvf.png','',1,1509693652,1509693652,NULL),(212,3,'product','product/iXOlsjFJp39wTSmYNpmWWLazLSV2QyPJnKDK2lDD.png','',1,1509693687,1509693687,NULL),(213,3,'product','product/KVYSBVUMMMJHMhrxUJ8EGwIR9TYE7Rp0SsVN5FLr.png','',1,1509693647,1509693647,NULL),(214,3,'product','product/wpNedAffyxnxJVQkfMRb0UWPSPOE7kWX7GleWwJa.png','',1,1509693754,1509693754,NULL),(215,3,'product','product/Y2OUAZ15ITrbFpW6SQcSPo4lgnnKlp9H5va5Bplo.png','',1,1509693680,1509693680,NULL),(216,3,'product','product/9iaxrsVzX0lbhamaexFf75mUxVWxW824Oe1z9Lp1.png','',1,1509694239,1509694239,NULL),(217,3,'product','product/L02Me15yZN64ypr2zq2twPaYjwKvyFsoNi1s3dfh.png','',1,1509694443,1509694443,NULL),(218,3,'product','product/k3FlL3EhEblHZmOhYGD3YAVfLWgquPwPomoHv88X.png','',1,1509694545,1509694545,NULL),(219,3,'product','product/8Nn3jBN9OKZ7dCKlKXy5eksU755mI2GLCrB6aAxJ.png','',1,1509694465,1509694465,NULL),(220,3,'product','product/oJSMFr5S5Lv9iZkjqItb7qS63NaJXoBjccVgjX1R.png','',1,1509694489,1509694489,NULL),(221,3,'product','product/Gmpu4dn905FQ5oZ9qMBLB5B8NHoAnN0C31FDjn9A.png','',1,1509694505,1509694505,NULL),(222,3,'product','product/8onzOhocVa9g28Lcu7WUuT02wTtEGPtSgM13ajlq.png','',1,1509694789,1509694789,NULL),(223,3,'product','product/Q5cYL0nuynl82p0eQkvdc0la71rd65xagYKAaiSD.jpeg','',1,1509694886,1509694886,NULL),(224,3,'product','product/UiWTxnDUsB661TBTtPrj0u46FcnyeFqy98GxwzLm.png','',1,1509695512,1509695512,NULL),(225,3,'product','product/POff8kEPfGQL4vu3PoqjfJxaMTrs4Ly8AIyZkrBM.png','',1,1509695523,1509695523,NULL),(226,3,'product','product/zTJJj6cAUHFtCop3CkkvPZKoT0CQTUASnXtgauNE.png','',1,1509695567,1509695567,NULL),(227,3,'product','product/gdSRfx6wZddsl7rCkvezShsMkx90mz8ufiwupsrM.png','',1,1509697060,1509697060,NULL),(228,3,'product','product/5hTDouUN2nZGu00Gzw9boxDHMhu2GKIMCPb7Um1V.png','',1,1509697257,1509697257,NULL),(229,3,'product','product/luoH2IO2IEwDZhO8QUOWXFypR6Gjma2VbTlNenJB.png','',1,1509697280,1509697280,NULL),(230,3,'product','product/0eOdAfkJb0ndFufAwKGTBcFy6wPjU8I1yFJWgVSd.png','',1,1509697468,1509697468,NULL),(231,3,'product','product/A9zZOw01urz9Hfe4hz9rztU7dg7DT5sF2SLwut7C.png','',1,1509697549,1509697549,NULL),(232,3,'product','product/38T99YlL2WfsxAEbtDAmmje7d95J5dTfQO3W6VUR.png','',1,1509697550,1509697550,NULL),(233,3,'product','product/jMdvwhTDZ5TFgvSjGmtAd79ZhHgcVC1gJZKe6nCh.png','',1,1509699165,1509699165,NULL),(234,2,'order','order/9lbLF2jgf8SMdcR5lTnonxZIjMSnwahU6LjwbgSr.png','',1,1509775450,1509775450,NULL),(235,3,'product','product/qddBsOYiEw85cwujfNdsCXomZ23GJnp03yz70j5N.png','',1,1509786578,1509786578,NULL),(236,3,'product','product/SqByNP0V6hmiB1XIa0W81pWN97QO8bIRMlvC4JUN.png','',1,1509786578,1509786578,NULL),(237,3,'product','product/pAdDvlaJ2v0gQpDCpXNeLy8qOcrAjuEIj7W1rC4H.png','',1,1509786764,1509786764,NULL),(238,3,'product','product/xYR66xLZgO5yzLhZwpvVXB3H4CkUsc6i7c3GRZQq.png','',1,1509787112,1509787112,NULL),(239,3,'product','product/XeA7rFgIg86nieNEiB3FZoRPv8igh4m1zHeoRrWJ.png','',1,1509787513,1509787513,NULL),(240,3,'product','product/kwwaIeK8tIgVakjCjQPhKz6Vwag4uXx4iY5FqD3M.jpeg','',1,1509787768,1509787768,NULL),(241,3,'product','product/Ydhmqw8XdIP1i0h0C33WHNbQKSufFNUlyV4AKGht.png','',1,1509787943,1509787943,NULL),(242,3,'product','product/KBrzYSumg7nLArjMcS3JhRpiAhdzenzuS1WqcB1S.jpeg','',1,1509789619,1509789619,NULL),(243,3,'product','product/bqHBQmjuhZXQLZMee5fvDdSuxjYkHLHM8Qozt2DL.png','',1,1509789743,1509789743,NULL),(244,3,'product','product/BVsdVYc4wiULXRzF9UisjO61Sf3FQVxnCbRxGf2i.jpeg','',1,1509800559,1509800559,NULL),(245,3,'product','product/y2nzggUOznyvO5MZIg8bKvzThFFvlac35lhBC6x6.png','',1,1509800757,1509800757,NULL),(246,3,'product','product/k0u2bPlspiv4VS2qIaSQLcfqnDg9r84EdWGay1yT.png','',1,1509800767,1509800767,NULL),(247,3,'product','product/Kcha7kaS3BYOso4Lec8q61QP0TpMXVYVu1utvnLD.png','',1,1509863007,1509863007,NULL),(248,3,'product','product/eQcNnZaGC2L8nEmLkPgLQbsTbqYYiCNgf71eInMD.png','',1,1509865352,1509865352,NULL),(249,3,'product','product/fDjwu5fncmDXieaMTQhLILxMXKUjHMN7oy0sxXmC.png','',1,1509865713,1509865713,NULL),(250,3,'product','product/QDsWrQR4epmeVuFiYV1M3qdp2wItI96Tuh2ahnej.png','',1,1509865822,1509865822,NULL),(251,3,'product','product/efQPiQx1pYsXQmtqAZ9ft5byrngVsfxr5cBkSIDg.png','',1,1509865955,1509865955,NULL),(252,3,'product','product/CWZgCsmaZhcvPblzhzx3ciGtpmyfjofiq2vZEZR8.png','',1,1509866475,1509866475,NULL),(253,3,'product','product/lNkZS4CPPtk2h0iPXmqqHTL0p4inAyaXwUb4RgJ9.png','',1,1509866833,1509866833,NULL),(254,2,'order','order/Ndw8ugKynhuitXxEATq0KCw1FViCHJkt1UyuypHM.png','',1,1509866782,1509866782,NULL),(255,2,'order','order/SUJ3QKkiexMLl8ymZXhedL6NyNGi9hft8uaNSC4H.jpeg','',1,1509866805,1509866805,NULL),(256,3,'product','product/JFP7PX7nU34rQaDArrXRD5yFCAgHIP9o3FktST1e.png','',1,1509868846,1509868846,NULL),(257,3,'product','product/mwbaOZFV1zU3778QCylLBydkfdnR4n9rbxPhtf8y.png','',1,1509868866,1509868866,NULL),(258,0,'upload','upload/hPLWjXch0edAjF9X6U08T8l7bx57w6FYHE25YIAt.jpeg','',1,1509885667,1509885667,NULL),(259,0,'upload','upload/dYgOwWrHqiUw6FkwqJczgJDhEWETxStJLsqsSf74.jpeg','',1,1509885799,1509885799,NULL),(260,0,'upload','upload/XPLzF3gFECRbnAdebVs8cEZJie9iZHUfUqkARxhh.jpeg','',1,1509887083,1509887083,NULL),(261,0,'upload','upload/K8LeE1QEzyl0DNWF3ULAwPl04Zr6iZuTNIJFz2ca.jpeg','',1,1509887172,1509887172,NULL),(262,0,'upload','upload/YkbHN0xnapTDcY6fEZ3ofSZ3WDywaqGGRQ1yxngR.jpeg','',1,1509887233,1509887233,NULL),(263,2,'order','order/kj9TKPwVvgeLrg9qFNFWci4PkuqpKnlKwBa7bN5U.jpeg','',1,1509889825,1509889825,NULL),(264,2,'order','order/jOVhwEF0LfSZNYpifFq9t1MqNjmuTspLdgQnAPQj.jpeg','',1,1509889904,1509889904,NULL),(265,2,'order','order/k8QTGqSHVCHyxM1qJUuUcdgVphjLhVySSuxYsZU9.jpeg','',1,1509936228,1509936228,NULL),(266,2,'order','order/JDTYkJsvuejK00Zrdp33qEot4B2HgWJCyCVtluPS.jpeg','',1,1509936257,1509936257,NULL),(267,2,'order','order/Nf48l5SnL785ThHzXo7oX3s0W4dHIv5SOl3GyUlA.jpeg','',1,1509936285,1509936285,NULL),(268,2,'order','order/dA6yTHMkeb44ie1wbANK6Yky9NSADIMSRN0DrtSd.jpeg','',1,1509937624,1509937624,NULL),(269,2,'order','order/lZNrSA2W4AzhDP1NqA8EEad7BarfSgHE4tqbmt19.jpeg','',1,1509937674,1509937674,NULL),(270,2,'order','order/tCuXj4q5RB9rvKTS4gACmKaK1sFvBkHe13ioJ0N4.jpeg','',1,1509937788,1509937788,NULL),(271,3,'product','product/VD1QeRX2ZuV17lxu22cytyr1m763Owo56JtK7UAn.jpeg','',1,1509940114,1509940114,NULL);

/*Table structure for table `ygt_message` */

DROP TABLE IF EXISTS `ygt_message`;

CREATE TABLE `ygt_message` (
  `id` int(11) unsigned NOT NULL AUTO_INCREMENT,
  `type` tinyint(3) unsigned NOT NULL DEFAULT '0' COMMENT '0默认 1订单 2产品',
  `type_id` int(11) unsigned NOT NULL DEFAULT '0' COMMENT 'type关联对应表id 0表示没有关联',
  `title` varchar(100) NOT NULL DEFAULT '' COMMENT '消息标题或订单号',
  `permission_id` smallint(6) unsigned NOT NULL DEFAULT '0' COMMENT '权限id',
  `content` text NOT NULL COMMENT '消息详情rnrn表示换行',
  `status` tinyint(1) unsigned zerofill NOT NULL DEFAULT '1' COMMENT '1正常',
  `updated_at` int(11) DEFAULT NULL,
  `created_at` int(11) DEFAULT NULL,
  `deleted_at` int(11) DEFAULT NULL,
  PRIMARY KEY (`id`)
) ENGINE=MyISAM AUTO_INCREMENT=59 DEFAULT CHARSET=utf8;

/*Data for the table `ygt_message` */

insert  into `ygt_message`(`id`,`type`,`type_id`,`title`,`permission_id`,`content`,`status`,`updated_at`,`created_at`,`deleted_at`) values (9,1,111,'标题或者订单号',1,'内容第一行rnrn内容第二行',1,1509797964,1509797964,NULL),(8,2,111,'标题或者订单号',1,'内容第一行rnrn内容第二行',1,1509797963,1509797963,NULL),(7,3,111,'标题或者订单号',1,'内容第一行rnrn内容第二行',1,1509797961,1509797961,NULL),(6,2,111,'标题或者订单号',1,'内容第一行rnrn内容第二行',1,1509797942,1509797942,NULL),(10,2,111,'标题或者订单号',1,'内容第一行rnrn内容第二行',1,1509797965,1509797965,NULL),(11,1,111,'订单号',1,'内容第一行rnrn内容第二行',1,1509881596,1509881596,NULL),(12,1,111,'订单号',1,'内容第一行rnrn内容第二行',1,1509881596,1509881596,NULL),(13,1,111,'订单号',1,'内容第一行rnrn内容第二行',1,1509881596,1509881596,NULL),(14,1,111,'订单号',1,'内容第一行rnrn内容第二行',1,1509881654,1509881654,NULL),(15,1,111,'订单号',1,'内容第一行rnrn内容第二行',1,1509881654,1509881654,NULL),(16,1,111,'订单号',1,'内容第一行rnrn内容第二行',1,1509881654,1509881654,NULL),(17,1,25,'订单号',1,'内容第一行rnrn内容第二行',1,1509882174,1509882174,NULL),(18,1,25,'订单号',1,'内容第一行rnrn内容第二行',1,1509882174,1509882174,NULL),(19,1,25,'订单号',1,'内容第一行rnrn内容第二行',1,1509882174,1509882174,NULL),(20,1,26,'订单号',1,'下单人：{}rnrn客户： {}rnrn 交货日期： {}',1,1509882431,1509882431,NULL),(21,1,26,'订单号',1,'下单人：{}rnrn客户： {}rnrn 交货日期： {}',1,1509882431,1509882431,NULL),(22,1,26,'订单号',1,'下单人：{}rnrn客户： {}rnrn 交货日期： {}',1,1509882431,1509882431,NULL),(23,1,27,'订单号',2,'下单人：{}rnrn客户： rnrn 交货日期： ',1,1509886511,1509886511,NULL),(24,1,27,'订单号',3,'下单人：{}rnrn客户： rnrn 交货日期： ',1,1509886511,1509886511,NULL),(25,1,27,'订单号',1,'下单人：{}rnrn客户： rnrn 交货日期： ',1,1509886511,1509886511,NULL),(26,1,28,'订单号',2,'下单人：{}rnrn客户： rnrn 交货日期： ',1,1509886980,1509886980,NULL),(27,1,28,'订单号',3,'下单人：{}rnrn客户： rnrn 交货日期： ',1,1509886980,1509886980,NULL),(28,1,28,'订单号',1,'下单人：{}rnrn客户： rnrn 交货日期： ',1,1509886980,1509886980,NULL),(29,1,29,'订单号',2,'下单人：{}rnrn客户： 朱雨俊rnrn 交货日期： 2017-11-05',1,1509887341,1509887341,NULL),(30,1,29,'订单号',3,'下单人：{}rnrn客户： 朱雨俊rnrn 交货日期： 2017-11-05',1,1509887341,1509887341,NULL),(31,1,29,'订单号',1,'下单人：{}rnrn客户： 朱雨俊rnrn 交货日期： 2017-11-05',1,1509887341,1509887341,NULL),(32,1,30,'订单号',2,'下单人：{}rnrn客户： 朱雨俊rnrn 交货日期： 2017-11-05',1,1509890017,1509890017,NULL),(33,1,30,'订单号',3,'下单人：{}rnrn客户： 朱雨俊rnrn 交货日期： 2017-11-05',1,1509890017,1509890017,NULL),(34,1,30,'订单号',1,'下单人：{}rnrn客户： 朱雨俊rnrn 交货日期： 2017-11-05',1,1509890017,1509890017,NULL),(35,1,31,'订单号',2,'下单人：{}rnrn客户： rnrn 交货日期： ',1,1509890782,1509890782,NULL),(36,1,31,'订单号',3,'下单人：{}rnrn客户： rnrn 交货日期： ',1,1509890782,1509890782,NULL),(37,1,31,'订单号',1,'下单人：{}rnrn客户： rnrn 交货日期： ',1,1509890782,1509890782,NULL),(38,1,32,'订单号',2,'下单人：{}rnrn客户： 江陵路rnrn 交货日期： 2017-11-06',1,1509937947,1509937947,NULL),(39,1,32,'订单号',3,'下单人：{}rnrn客户： 江陵路rnrn 交货日期： 2017-11-06',1,1509937947,1509937947,NULL),(40,1,32,'订单号',1,'下单人：{}rnrn客户： 江陵路rnrn 交货日期： 2017-11-06',1,1509937947,1509937947,NULL),(41,1,33,'订单号',2,'下单人：{}rnrn客户： rnrn 交货日期： ',1,1509938603,1509938603,NULL),(42,1,33,'订单号',3,'下单人：{}rnrn客户： rnrn 交货日期： ',1,1509938603,1509938603,NULL),(43,1,33,'订单号',1,'下单人：{}rnrn客户： rnrn 交货日期： ',1,1509938603,1509938603,NULL),(44,1,34,'订单号',2,'下单人：{}rnrn客户： rnrn 交货日期： ',1,1509947556,1509947556,NULL),(45,1,34,'订单号',3,'下单人：{}rnrn客户： rnrn 交货日期： ',1,1509947557,1509947557,NULL),(46,1,34,'订单号',1,'下单人：{}rnrn客户： rnrn 交货日期： ',1,1509947557,1509947557,NULL),(47,1,35,'订单号',2,'下单人：{}rnrn客户： rnrn 交货日期： ',1,1509947754,1509947754,NULL),(48,1,35,'订单号',3,'下单人：{}rnrn客户： rnrn 交货日期： ',1,1509947754,1509947754,NULL),(49,1,35,'订单号',1,'下单人：{}rnrn客户： rnrn 交货日期： ',1,1509947754,1509947754,NULL),(50,1,36,'订单号',2,'下单人：{}rnrn客户： rnrn 交货日期： ',1,1509947807,1509947807,NULL),(51,1,36,'订单号',3,'下单人：{}rnrn客户： rnrn 交货日期： ',1,1509947807,1509947807,NULL),(52,1,36,'订单号',1,'下单人：{}rnrn客户： rnrn 交货日期： ',1,1509947808,1509947808,NULL),(53,1,37,'订单号',2,'下单人：{}rnrn客户： rnrn 交货日期： ',1,1509948345,1509948345,NULL),(54,1,37,'订单号',3,'下单人：{}rnrn客户： rnrn 交货日期： ',1,1509948345,1509948345,NULL),(55,1,37,'订单号',1,'下单人：{}rnrn客户： rnrn 交货日期： ',1,1509948345,1509948345,NULL),(56,1,38,'订单号',2,'下单人：{}rnrn客户： rnrn 交货日期： ',1,1509948579,1509948579,NULL),(57,1,38,'订单号',3,'下单人：{}rnrn客户： rnrn 交货日期： ',1,1509948579,1509948579,NULL),(58,1,38,'订单号',1,'下单人：{}rnrn客户： rnrn 交货日期： ',1,1509948579,1509948579,NULL);

/*Table structure for table `ygt_order` */

DROP TABLE IF EXISTS `ygt_order`;

CREATE TABLE `ygt_order` (
  `id` int(10) unsigned NOT NULL AUTO_INCREMENT COMMENT 'id 自增编号',
  `order_type` int(10) DEFAULT NULL,
  `order_title` char(100) DEFAULT NULL COMMENT '订单号/生产单号',
  `contract_number` char(100) DEFAULT NULL COMMENT '合同编号',
  `customer_name` char(100) DEFAULT NULL COMMENT '客户名称',
  `product_name` char(100) DEFAULT NULL COMMENT '产品名称',
  `product_num` char(100) DEFAULT NULL COMMENT '产品数量',
  `unit` char(100) DEFAULT NULL COMMENT '数量单位',
  `grammage` char(100) DEFAULT NULL COMMENT '克数',
  `chip_specification_length` char(100) DEFAULT NULL COMMENT '片料规格',
  `chip_specification_width` char(100) DEFAULT NULL COMMENT '片料规格-宽',
  `finished_specification` char(100) DEFAULT NULL COMMENT '成品规格',
  `finished_weight` char(100) DEFAULT NULL COMMENT '成品重量',
  `finished_date` char(100) DEFAULT NULL COMMENT '交货日期',
  `created_at` int(10) DEFAULT NULL COMMENT 'laravel框架默认的创建时间',
  `updated_at` int(10) DEFAULT NULL COMMENT 'laravel框架默认的修改时间',
  `deleted_at` int(10) DEFAULT NULL COMMENT 'laravel框架默认的删除时间（软删除）',
  `weaving_type` char(100) DEFAULT NULL COMMENT '织布类型',
  `plate_numbering` char(100) DEFAULT NULL COMMENT '印版编号',
  `plate_position` char(100) DEFAULT NULL COMMENT '印版位置',
  `plate_modification` char(100) DEFAULT NULL COMMENT '印版修改',
  `public_plate` char(100) DEFAULT NULL COMMENT '公用印版',
  `is_priority` tinyint(3) DEFAULT NULL COMMENT '是否优先',
  `enterprise_icon` char(255) DEFAULT NULL COMMENT '企业图标(图片地址id)',
  `production_case_diagram` text COMMENT '生产实例图,图片地址id（可能多个）',
  `status` tinyint(3) DEFAULT NULL COMMENT '订单状态 1-待接单 2-生产中 3-已完成',
  PRIMARY KEY (`id`)
) ENGINE=MyISAM AUTO_INCREMENT=39 DEFAULT CHARSET=utf8 COMMENT='订单-基础信息表';

/*Data for the table `ygt_order` */

insert  into `ygt_order`(`id`,`order_type`,`order_title`,`contract_number`,`customer_name`,`product_name`,`product_num`,`unit`,`grammage`,`chip_specification_length`,`chip_specification_width`,`finished_specification`,`finished_weight`,`finished_date`,`created_at`,`updated_at`,`deleted_at`,`weaving_type`,`plate_numbering`,`plate_position`,`plate_modification`,`public_plate`,`is_priority`,`enterprise_icon`,`production_case_diagram`,`status`) values (30,1,'D1509889807407588','20170111','朱雨俊','麻袋','100kg',NULL,'1','10','10',NULL,'10','2017-11-05',1509890017,1509890046,NULL,'123','123','左边','123','12',1,'263','264',2),(31,1,'D1509890738521586',NULL,NULL,NULL,'11',NULL,NULL,NULL,NULL,NULL,NULL,NULL,1509890782,1509890782,NULL,NULL,NULL,NULL,NULL,NULL,1,NULL,NULL,1),(32,1,'D1509937643997990','555555','江陵路','江陵路','455kg',NULL,'5555','5558','888',NULL,'江陵路','2017-11-06',1509937947,1509938274,NULL,'5555','855','啦咯啦咯啦咯啦','啦咯啦咯啦咯啦','太懒了',0,'269',NULL,2),(33,1,'D1509937767372697',NULL,NULL,NULL,'L',NULL,NULL,NULL,NULL,NULL,NULL,NULL,1509938603,1509946222,NULL,NULL,NULL,NULL,NULL,NULL,1,NULL,NULL,2),(34,1,'D1509947523541533',NULL,NULL,NULL,'kg',NULL,NULL,NULL,NULL,NULL,NULL,NULL,1509947556,1509950616,NULL,NULL,NULL,NULL,NULL,NULL,0,NULL,NULL,2),(35,1,'D1509947730136267',NULL,NULL,NULL,'kg',NULL,NULL,NULL,NULL,NULL,NULL,NULL,1509947754,1509947754,NULL,NULL,NULL,NULL,NULL,NULL,0,NULL,NULL,1),(36,1,'D1509947782743647',NULL,NULL,NULL,'kg',NULL,NULL,NULL,NULL,NULL,NULL,NULL,1509947807,1509950528,NULL,NULL,NULL,NULL,NULL,NULL,0,NULL,NULL,2),(37,1,'D1509948265587573',NULL,NULL,NULL,'kg',NULL,NULL,NULL,NULL,NULL,NULL,NULL,1509948345,1509950256,NULL,NULL,NULL,NULL,NULL,NULL,0,NULL,NULL,2),(38,1,'D1509948478829570',NULL,NULL,NULL,'kg',NULL,NULL,NULL,NULL,NULL,NULL,NULL,1509948579,1509950100,NULL,NULL,NULL,NULL,NULL,NULL,0,NULL,NULL,2),(29,1,'D1509887093929885','123','朱雨俊','编织袋','100kg',NULL,'1','1','1',NULL,'12','2017-11-05',1509887341,1509888321,NULL,'12','45','1','12','11',1,'261','262',2);

/*Table structure for table `ygt_order_distribution` */

DROP TABLE IF EXISTS `ygt_order_distribution`;

CREATE TABLE `ygt_order_distribution` (
  `id` int(10) unsigned NOT NULL AUTO_INCREMENT COMMENT 'id 自增编号',
  `order_id` int(10) DEFAULT NULL COMMENT '关联的订单(预生成)id',
  `consignee` char(100) DEFAULT NULL COMMENT '收货人',
  `phone` char(50) DEFAULT NULL COMMENT '电话',
  `province_id` char(32) CHARACTER SET utf8mb4 DEFAULT NULL COMMENT '省-id',
  `province_name` char(32) CHARACTER SET utf8mb4 DEFAULT NULL COMMENT '省-名称',
  `city_id` char(32) CHARACTER SET utf8mb4 DEFAULT NULL COMMENT '市-id',
  `city_name` char(32) CHARACTER SET utf8mb4 DEFAULT NULL COMMENT '市-名称',
  `area_id` char(32) CHARACTER SET utf8mb4 DEFAULT NULL COMMENT '区-id',
  `area_name` char(32) CHARACTER SET utf8mb4 DEFAULT NULL COMMENT '区-名称',
  `address` char(255) CHARACTER SET utf8mb4 DEFAULT NULL COMMENT '详细地址',
  `created_at` int(10) DEFAULT NULL COMMENT 'laravel框架默认的创建时间',
  `updated_at` int(10) DEFAULT NULL COMMENT 'laravel框架默认的修改时间',
  `deleted_at` int(10) DEFAULT NULL COMMENT 'laravel框架默认的删除时间（软删除）',
  PRIMARY KEY (`id`)
) ENGINE=MyISAM AUTO_INCREMENT=3 DEFAULT CHARSET=utf8 COMMENT='订单-配送信息表';

/*Data for the table `ygt_order_distribution` */

insert  into `ygt_order_distribution`(`id`,`order_id`,`consignee`,`phone`,`province_id`,`province_name`,`city_id`,`city_name`,`area_id`,`area_name`,`address`,`created_at`,`updated_at`,`deleted_at`) values (1,137,'朱雨俊','159901455554','130000','河北省','130100','石家庄市','130101','市辖区','测试地址',1509890017,1509890017,NULL),(2,147,'江陵路','2585555','110000','北京市','110100','市辖区','110101','东城区','啦咯啦咯啦咯啦',1509937947,1509937947,NULL);

/*Table structure for table `ygt_order_distribution_pre` */

DROP TABLE IF EXISTS `ygt_order_distribution_pre`;

CREATE TABLE `ygt_order_distribution_pre` (
  `id` int(10) unsigned NOT NULL AUTO_INCREMENT COMMENT 'id 自增编号',
  `order_id` int(10) DEFAULT NULL COMMENT '关联的订单(预生成)id',
  `consignee` char(100) DEFAULT NULL COMMENT '收货人',
  `phone` char(50) DEFAULT NULL COMMENT '电话',
  `province_id` char(32) CHARACTER SET utf8mb4 DEFAULT NULL COMMENT '省-id',
  `province_name` char(32) CHARACTER SET utf8mb4 DEFAULT NULL COMMENT '省-名称',
  `city_id` char(32) CHARACTER SET utf8mb4 DEFAULT NULL COMMENT '市-id',
  `city_name` char(32) CHARACTER SET utf8mb4 DEFAULT NULL COMMENT '市-名称',
  `area_id` char(32) CHARACTER SET utf8mb4 DEFAULT NULL COMMENT '区-id',
  `area_name` char(32) CHARACTER SET utf8mb4 DEFAULT NULL COMMENT '区-名称',
  `address` char(255) CHARACTER SET utf8mb4 DEFAULT NULL COMMENT '详细地址',
  `created_at` int(10) DEFAULT NULL COMMENT 'laravel框架默认的创建时间',
  `updated_at` int(10) DEFAULT NULL COMMENT 'laravel框架默认的修改时间',
  `deleted_at` int(10) DEFAULT NULL COMMENT 'laravel框架默认的删除时间（软删除）',
  PRIMARY KEY (`id`)
) ENGINE=MyISAM AUTO_INCREMENT=5 DEFAULT CHARSET=utf8 COMMENT='订单-配送信息表';

/*Data for the table `ygt_order_distribution_pre` */

insert  into `ygt_order_distribution_pre`(`id`,`order_id`,`consignee`,`phone`,`province_id`,`province_name`,`city_id`,`city_name`,`area_id`,`area_name`,`address`,`created_at`,`updated_at`,`deleted_at`) values (1,41,'hchc','hxhcgcgc','110000','北京市','110100','市辖区','110102','西城区','bxhxgc',1509866830,1509866830,NULL),(2,137,'朱雨俊','159901455554','130000','河北省','130100','石家庄市','130101','市辖区','测试地址',1509889852,1509890017,1509890017),(3,143,'1','1','110000','北京市','110100','市辖区','110101','东城区','1',1509936191,1509936191,NULL),(4,147,'江陵路','2585555','110000','北京市','110100','市辖区','110101','东城区','啦咯啦咯啦咯啦',1509937690,1509937947,1509937947);

/*Table structure for table `ygt_order_img` */

DROP TABLE IF EXISTS `ygt_order_img`;

CREATE TABLE `ygt_order_img` (
  `id` int(10) unsigned NOT NULL AUTO_INCREMENT COMMENT 'id 自增编号',
  `img_url` char(255) DEFAULT NULL COMMENT '存放图片地址',
  `order_id` int(10) DEFAULT NULL COMMENT '关联的订单id',
  `created_at` int(10) DEFAULT NULL COMMENT 'laravel框架默认的创建时间',
  `updated_at` int(10) DEFAULT NULL COMMENT 'laravel框架默认的修改时间',
  `deleted_at` int(10) DEFAULT NULL COMMENT 'laravel框架默认的删除时间（软删除）',
  PRIMARY KEY (`id`)
) ENGINE=MyISAM DEFAULT CHARSET=utf8 COMMENT='订单-示例图表';

/*Data for the table `ygt_order_img` */

/*Table structure for table `ygt_order_material` */

DROP TABLE IF EXISTS `ygt_order_material`;

CREATE TABLE `ygt_order_material` (
  `id` int(10) unsigned NOT NULL AUTO_INCREMENT COMMENT 'id 自增编号',
  `order_id` int(10) DEFAULT NULL COMMENT '关联的订单id',
  `process_type` char(100) DEFAULT NULL COMMENT '工艺类型',
  `material_id` int(10) DEFAULT NULL COMMENT '对应的材料id',
  `receive_number` float(10,2) DEFAULT NULL COMMENT '领取数量',
  `residual_number` float(10,2) DEFAULT NULL COMMENT '余品数量',
  `scrap_number` float(10,2) DEFAULT NULL COMMENT '废料数量',
  `weight` char(100) DEFAULT NULL COMMENT '重量',
  `created_at` int(10) DEFAULT NULL COMMENT 'laravel框架默认的创建时间',
  `updated_at` int(10) DEFAULT NULL COMMENT 'laravel框架默认的修改时间',
  `deleted_at` int(10) DEFAULT NULL COMMENT 'laravel框架默认的删除时间（软删除）',
  PRIMARY KEY (`id`)
) ENGINE=MyISAM AUTO_INCREMENT=55 DEFAULT CHARSET=utf8 COMMENT='订单材料表，存放材料领取、使用、报废情况';

/*Data for the table `ygt_order_material` */

insert  into `ygt_order_material`(`id`,`order_id`,`process_type`,`material_id`,`receive_number`,`residual_number`,`scrap_number`,`weight`,`created_at`,`updated_at`,`deleted_at`) values (1,1,'1',7,10.00,100.00,100.00,NULL,1509870979,1509876088,1509876088),(2,1,'1',10,NULL,NULL,NULL,NULL,1509870983,1509871134,1509871134),(3,1,'6',10,NULL,NULL,NULL,NULL,1509871329,1509871332,1509871332),(4,1,'6',7,2000.00,NULL,NULL,NULL,1509871329,1509872071,NULL),(5,1,'1',10,1.00,NULL,NULL,NULL,1509871528,1509872553,1509872553),(6,1,'1',6,33.00,100.00,100.00,NULL,1509871558,1509878717,NULL),(7,1,'3',10,2000.00,11.00,12.00,NULL,1509872170,1509881431,NULL),(8,1,'3',7,2000.00,21.00,22.00,NULL,1509872170,1509881431,NULL),(9,1,'7',10,1000.00,NULL,NULL,NULL,1509872910,1509872914,NULL),(10,1,'1',10,1.00,10.00,100.00,NULL,1509876096,1509881144,NULL),(11,1,'1',7,100.00,100.00,100.00,NULL,1509876096,1509878725,NULL),(12,6,'',10,NULL,NULL,NULL,NULL,1509880987,1509881097,1509881097),(13,6,'',10,NULL,NULL,NULL,NULL,1509881101,1509881101,NULL),(14,10,'1',10,11000.00,21.00,22.00,NULL,1509881609,1509886763,NULL),(15,10,'1',7,1000.00,33.00,44.00,NULL,1509881609,1509886763,NULL),(16,6,'',7,NULL,NULL,NULL,NULL,1509882494,1509882494,NULL),(17,25,'2',10,NULL,NULL,NULL,NULL,1509885273,1509885273,NULL),(18,10,'2',10,1.00,2.00,3.00,NULL,1509886229,1509886819,NULL),(19,10,'3',10,11.00,NULL,NULL,NULL,1509886470,1509886486,NULL),(20,12,'1',10,NULL,NULL,NULL,NULL,1509886693,1509886693,NULL),(21,12,'2',10,NULL,NULL,NULL,NULL,1509886925,1509886925,NULL),(22,16,'2',10,100.00,NULL,NULL,NULL,1509887766,1509887805,1509887805),(23,16,'2',7,13.00,NULL,NULL,NULL,1509887766,1509887790,NULL),(24,16,'2',6,NULL,NULL,NULL,NULL,1509887766,1509887794,1509887794),(25,29,'1',10,100.00,100.00,100.00,NULL,1509888329,1509934765,1509934765),(26,29,'1',7,55.00,100.00,100.00,NULL,1509888329,1509934742,1509934742),(27,29,'2',10,122.00,122.00,222.00,NULL,1509889275,1509889359,NULL),(28,29,'2',7,122.00,122.00,111.00,NULL,1509889275,1509889359,NULL),(29,30,'1',10,1000.00,122.00,122.00,NULL,1509890198,1509890289,1509890289),(30,30,'1',7,1555.00,122.00,111.00,NULL,1509890198,1509890294,1509890294),(31,30,'1',10,NULL,NULL,NULL,NULL,1509890382,1509890386,1509890386),(32,30,'1',7,1000.00,1000.00,100.00,NULL,1509890382,1509890414,NULL),(33,29,'1',6,NULL,NULL,NULL,NULL,1509934605,1509934770,1509934770),(34,29,'1',4,NULL,NULL,NULL,NULL,1509934605,1509934739,1509934739),(35,29,'1',7,NULL,NULL,NULL,NULL,1509934749,1509934775,1509934775),(36,29,'1',4,NULL,NULL,NULL,NULL,1509934749,1509934773,1509934773),(37,29,'1',10,NULL,NULL,NULL,NULL,1509934780,1509934794,1509934794),(38,29,'1',7,NULL,NULL,NULL,NULL,1509934780,1509934796,1509934796),(39,29,'1',10,1000.00,NULL,NULL,NULL,1509934913,1509935082,1509935082),(40,29,'1',7,500.00,NULL,NULL,NULL,1509934913,1509934932,1509934932),(41,29,'1',7,NULL,NULL,NULL,NULL,1509934936,1509934995,1509934995),(42,29,'1',6,NULL,NULL,NULL,NULL,1509934936,1509934993,1509934993),(43,29,'1',7,NULL,NULL,NULL,NULL,1509934999,1509935077,1509935077),(44,29,'1',6,NULL,NULL,NULL,NULL,1509934999,1509935080,1509935080),(45,29,'1',10,1000.00,NULL,NULL,NULL,1509935323,1509936228,NULL),(46,29,'1',7,2000.00,NULL,NULL,NULL,1509935323,1509939032,NULL),(47,29,'1',6,3000.00,NULL,NULL,NULL,1509935427,1509939040,NULL),(48,32,'1',10,1000.00,NULL,NULL,NULL,1509938284,1509939642,NULL),(49,32,'1',7,1000.00,NULL,NULL,NULL,1509938284,1509939652,NULL),(50,34,'1',10,NULL,NULL,NULL,NULL,1509950625,1509950765,1509950765),(51,34,'1',7,NULL,NULL,NULL,NULL,1509950625,1509950681,1509950681),(52,34,'1',6,NULL,NULL,NULL,NULL,1509950625,1509950636,1509950636),(53,34,'1',10,NULL,NULL,NULL,NULL,1509950788,1509950918,1509950918),(54,34,'1',7,NULL,NULL,NULL,NULL,1509950788,1509950788,NULL);

/*Table structure for table `ygt_order_module` */

DROP TABLE IF EXISTS `ygt_order_module`;

CREATE TABLE `ygt_order_module` (
  `id` int(10) unsigned NOT NULL AUTO_INCREMENT COMMENT 'id 自增编号',
  `title` char(100) DEFAULT NULL COMMENT '模块名称 例如‘彩印工艺’',
  `table` char(100) DEFAULT NULL COMMENT '模块对应的表名,例如''ygt_order''',
  `created_at` int(10) DEFAULT NULL COMMENT 'laravel框架默认的创建时间',
  `updated_at` int(10) DEFAULT NULL COMMENT 'laravel框架默认的修改时间',
  `deleted_at` int(10) DEFAULT NULL COMMENT 'laravel框架默认的删除时间（软删除）',
  PRIMARY KEY (`id`)
) ENGINE=MyISAM DEFAULT CHARSET=utf8 COMMENT='订单-模块表';

/*Data for the table `ygt_order_module` */

/*Table structure for table `ygt_order_pre` */

DROP TABLE IF EXISTS `ygt_order_pre`;

CREATE TABLE `ygt_order_pre` (
  `id` int(10) unsigned NOT NULL AUTO_INCREMENT COMMENT 'id 自增编号',
  `order_type` int(10) DEFAULT NULL,
  `order_title` char(100) DEFAULT NULL COMMENT '订单号/生产单号',
  `contract_number` char(100) DEFAULT NULL COMMENT '合同编号',
  `customer_name` char(100) DEFAULT NULL COMMENT '客户名称',
  `product_name` char(100) DEFAULT NULL COMMENT '产品名称',
  `product_num` char(100) DEFAULT NULL COMMENT '产品数量',
  `unit` char(100) DEFAULT NULL COMMENT '数量单位',
  `grammage` char(100) DEFAULT NULL COMMENT '克数',
  `chip_specification_length` char(100) DEFAULT NULL COMMENT '片料规格',
  `chip_specification_width` char(100) DEFAULT NULL COMMENT '片料规格-宽',
  `finished_specification` char(100) DEFAULT NULL COMMENT '成品规格',
  `finished_weight` char(100) DEFAULT NULL COMMENT '成品重量',
  `finished_date` char(100) DEFAULT NULL COMMENT '交货日期',
  `created_at` int(10) DEFAULT NULL COMMENT 'laravel框架默认的创建时间',
  `updated_at` int(10) DEFAULT NULL COMMENT 'laravel框架默认的修改时间',
  `deleted_at` int(10) DEFAULT NULL COMMENT 'laravel框架默认的删除时间（软删除）',
  `weaving_type` char(100) DEFAULT NULL COMMENT '织布类型',
  `plate_numbering` char(100) DEFAULT NULL COMMENT '印版编号',
  `plate_position` char(100) DEFAULT NULL COMMENT '印版位置',
  `plate_modification` char(100) DEFAULT NULL COMMENT '印版修改',
  `public_plate` char(100) DEFAULT NULL COMMENT '公用印版',
  `is_priority` tinyint(3) DEFAULT NULL COMMENT '是否优先',
  `enterprise_icon` char(255) DEFAULT NULL COMMENT '企业图标(图片地址id)',
  `production_case_diagram` text COMMENT '生产实例图,图片地址id（可能多个）',
  `status` tinyint(3) DEFAULT NULL COMMENT '订单状态 1-待接单 2-生产中 3-已完成',
  PRIMARY KEY (`id`)
) ENGINE=MyISAM AUTO_INCREMENT=176 DEFAULT CHARSET=utf8 COMMENT='订单-基础信息表';

/*Data for the table `ygt_order_pre` */

insert  into `ygt_order_pre`(`id`,`order_type`,`order_title`,`contract_number`,`customer_name`,`product_name`,`product_num`,`unit`,`grammage`,`chip_specification_length`,`chip_specification_width`,`finished_specification`,`finished_weight`,`finished_date`,`created_at`,`updated_at`,`deleted_at`,`weaving_type`,`plate_numbering`,`plate_position`,`plate_modification`,`public_plate`,`is_priority`,`enterprise_icon`,`production_case_diagram`,`status`) values (1,1,'D1509791937685679','20171103','朱雨俊','编织袋','500kg',NULL,'500','规格1','规格2',NULL,'500','2017-11-03',1509791937,1509878869,NULL,'类型1','编号1','位置1','修改1','印版1',1,'198','199',1),(2,1,'D1509799865130158',NULL,NULL,NULL,'{\n    id = 1;\n    title = kg;\n}',NULL,NULL,NULL,NULL,NULL,NULL,NULL,1509799865,1509878898,1509878898,NULL,NULL,NULL,NULL,NULL,0,NULL,NULL,1),(3,1,'D1509799929953633',NULL,NULL,NULL,NULL,NULL,NULL,NULL,NULL,NULL,NULL,NULL,1509799929,1509799929,NULL,NULL,NULL,NULL,NULL,NULL,NULL,NULL,NULL,NULL),(4,2,'D1509799932766993',NULL,NULL,NULL,'{\n    id = 1;\n    title = kg;\n}',NULL,NULL,NULL,NULL,NULL,NULL,NULL,1509799932,1509879344,1509879344,NULL,NULL,NULL,NULL,NULL,0,NULL,NULL,1),(5,2,'D1509799974875703',NULL,NULL,NULL,'{\n    id = 1;\n    title = kg;\n}',NULL,NULL,NULL,NULL,NULL,NULL,NULL,1509799974,1509799977,NULL,NULL,NULL,NULL,NULL,NULL,0,NULL,NULL,1),(6,2,'D1509800171606592',NULL,NULL,NULL,'kg',NULL,NULL,NULL,NULL,NULL,NULL,NULL,1509800171,1509879972,1509879972,NULL,NULL,NULL,NULL,NULL,0,NULL,NULL,1),(7,2,'D1509849437050053',NULL,NULL,NULL,'{\n    id = 1;\n    title = kg;\n}',NULL,NULL,NULL,NULL,NULL,NULL,NULL,1509849437,1509849439,NULL,NULL,NULL,NULL,NULL,NULL,0,NULL,NULL,1),(8,2,'D1509849972059245',NULL,NULL,NULL,'{\n    id = 1;\n    title = kg;\n}',NULL,NULL,NULL,NULL,NULL,NULL,NULL,1509849972,1509881595,1509881595,NULL,NULL,NULL,NULL,NULL,0,NULL,NULL,1),(9,2,'D1509850018848794',NULL,NULL,NULL,'{\n    id = 1;\n    title = kg;\n}',NULL,NULL,NULL,NULL,NULL,NULL,NULL,1509850018,1509850020,NULL,NULL,NULL,NULL,NULL,NULL,0,NULL,NULL,1),(10,2,'D1509850094013715',NULL,NULL,NULL,'{\n    id = 1;\n    title = kg;\n}',NULL,NULL,NULL,NULL,NULL,NULL,NULL,1509850094,1509881655,1509881655,NULL,NULL,NULL,NULL,NULL,0,NULL,NULL,1),(11,2,'D1509850193606903',NULL,NULL,NULL,'{\n    id = 1;\n    title = kg;\n}',NULL,NULL,NULL,NULL,NULL,NULL,NULL,1509850193,1509850195,NULL,NULL,NULL,NULL,NULL,NULL,0,NULL,NULL,1),(12,1,'D1509851889728088',NULL,NULL,NULL,NULL,NULL,NULL,NULL,NULL,NULL,NULL,NULL,1509851889,1509851889,NULL,NULL,NULL,NULL,NULL,NULL,NULL,NULL,NULL,NULL),(13,3,'D1509851977232299',NULL,NULL,NULL,NULL,NULL,NULL,NULL,NULL,NULL,NULL,NULL,1509851977,1509851995,NULL,NULL,NULL,NULL,NULL,NULL,1,NULL,NULL,1),(14,1,'D1509852088666176',NULL,NULL,NULL,NULL,NULL,NULL,NULL,NULL,NULL,NULL,NULL,1509852088,1509852088,NULL,NULL,NULL,NULL,NULL,NULL,NULL,NULL,NULL,NULL),(15,2,'D1509854618478792',NULL,NULL,NULL,'{\n    id = 1;\n    title = kg;\n}',NULL,NULL,NULL,NULL,NULL,NULL,NULL,1509854618,1509854644,NULL,NULL,NULL,NULL,NULL,NULL,0,NULL,NULL,1),(16,2,'D1509854702147655',NULL,NULL,NULL,'{\n    id = 1;\n    title = kg;\n}',NULL,NULL,NULL,NULL,NULL,NULL,NULL,1509854702,1509854704,NULL,NULL,NULL,NULL,NULL,NULL,0,NULL,NULL,1),(17,2,'D1509855061573564',NULL,NULL,NULL,'{\n    id = 1;\n    title = kg;\n}',NULL,NULL,NULL,NULL,NULL,NULL,NULL,1509855061,1509855063,NULL,NULL,NULL,NULL,NULL,NULL,0,NULL,NULL,1),(18,2,'D1509857923654005',NULL,NULL,NULL,'{\n    id = 1;\n    title = kg;\n}',NULL,NULL,NULL,NULL,NULL,NULL,NULL,1509857923,1509857925,NULL,NULL,NULL,NULL,NULL,NULL,0,NULL,NULL,1),(19,2,'D1509857998996165',NULL,NULL,NULL,'{\n    id = 1;\n    title = kg;\n}',NULL,NULL,NULL,NULL,NULL,NULL,NULL,1509857998,1509858000,NULL,NULL,NULL,NULL,NULL,NULL,0,NULL,NULL,1),(20,2,'D1509858098847797',NULL,NULL,NULL,'{\n    id = 1;\n    title = kg;\n}',NULL,NULL,NULL,NULL,NULL,NULL,NULL,1509858098,1509858100,NULL,NULL,NULL,NULL,NULL,NULL,0,NULL,NULL,1),(21,2,'D1509858277952260',NULL,NULL,NULL,'{\n    id = 1;\n    title = kg;\n}',NULL,NULL,NULL,NULL,NULL,NULL,NULL,1509858277,1509878948,1509878948,NULL,NULL,NULL,NULL,NULL,0,NULL,NULL,1),(22,2,'D1509858476954482',NULL,NULL,NULL,'{\n    id = 1;\n    title = kg;\n}',NULL,NULL,NULL,NULL,NULL,NULL,NULL,1509858476,1509858477,NULL,NULL,NULL,NULL,NULL,NULL,0,NULL,NULL,1),(23,2,'D1509862688543008',NULL,NULL,NULL,'{\n    id = 1;\n    title = kg;\n}',NULL,NULL,NULL,NULL,NULL,NULL,NULL,1509862688,1509862689,NULL,NULL,NULL,NULL,NULL,NULL,0,NULL,NULL,1),(24,3,'D1509863469841831',NULL,NULL,NULL,NULL,NULL,NULL,NULL,NULL,NULL,NULL,NULL,1509863469,1509863472,NULL,NULL,NULL,NULL,NULL,NULL,1,NULL,NULL,1),(25,14,'D1509863519292319',NULL,NULL,NULL,NULL,NULL,NULL,NULL,NULL,NULL,NULL,NULL,1509863519,1509863521,NULL,NULL,NULL,NULL,NULL,NULL,1,NULL,NULL,1),(26,1,'D1509863534714158',NULL,NULL,NULL,'{\n    id = 1;\n    title = kg;\n}',NULL,NULL,NULL,NULL,NULL,NULL,NULL,1509863534,1509863535,NULL,NULL,NULL,NULL,NULL,NULL,0,NULL,NULL,1),(27,1,'D1509863614498273',NULL,NULL,NULL,NULL,NULL,NULL,NULL,NULL,NULL,NULL,NULL,1509863614,1509863625,NULL,NULL,NULL,NULL,NULL,NULL,1,NULL,NULL,1),(28,1,'D1509864273180813',NULL,NULL,NULL,'{\n    id = 1;\n    title = kg;\n}',NULL,NULL,NULL,NULL,NULL,NULL,NULL,1509864273,1509864275,NULL,NULL,NULL,NULL,NULL,NULL,0,NULL,NULL,1),(29,1,'D1509864590700697',NULL,NULL,NULL,'{\n    id = 1;\n    title = kg;\n}',NULL,NULL,NULL,NULL,NULL,NULL,NULL,1509864590,1509864593,NULL,NULL,NULL,NULL,NULL,NULL,0,NULL,NULL,1),(30,1,'D1509864853711177',NULL,NULL,NULL,NULL,NULL,NULL,NULL,NULL,NULL,NULL,NULL,1509864853,1509864853,NULL,NULL,NULL,NULL,NULL,NULL,NULL,NULL,NULL,NULL),(31,1,'D1509864884049827',NULL,NULL,NULL,'{\n    id = 1;\n    title = kg;\n}',NULL,NULL,NULL,NULL,NULL,NULL,NULL,1509864884,1509864886,NULL,NULL,NULL,NULL,NULL,NULL,0,NULL,NULL,1),(32,1,'D1509865213441873',NULL,NULL,NULL,'{\n    id = 1;\n    title = kg;\n}',NULL,NULL,NULL,NULL,NULL,NULL,NULL,1509865213,1509865214,NULL,NULL,NULL,NULL,NULL,NULL,0,NULL,NULL,1),(33,1,'D1509865302507299',NULL,NULL,NULL,NULL,NULL,NULL,NULL,NULL,NULL,NULL,NULL,1509865302,1509865302,NULL,NULL,NULL,NULL,NULL,NULL,NULL,NULL,NULL,NULL),(34,1,'D1509865342793699',NULL,NULL,NULL,NULL,NULL,NULL,NULL,NULL,NULL,NULL,NULL,1509865342,1509865342,NULL,NULL,NULL,NULL,NULL,NULL,NULL,NULL,NULL,NULL),(35,1,'D1509865376997161',NULL,NULL,NULL,NULL,NULL,NULL,NULL,NULL,NULL,NULL,NULL,1509865376,1509865376,NULL,NULL,NULL,NULL,NULL,NULL,NULL,NULL,NULL,NULL),(36,3,'D1509865776468319',NULL,NULL,NULL,NULL,NULL,NULL,NULL,NULL,NULL,NULL,NULL,1509865776,1509865778,NULL,NULL,NULL,NULL,NULL,NULL,1,NULL,NULL,1),(37,3,'D1509865802574760',NULL,NULL,NULL,NULL,NULL,NULL,NULL,NULL,NULL,NULL,NULL,1509865802,1509865804,NULL,NULL,NULL,NULL,NULL,NULL,1,NULL,NULL,1),(38,3,'D1509865863411974',NULL,NULL,NULL,NULL,NULL,NULL,NULL,NULL,NULL,NULL,NULL,1509865863,1509865865,NULL,NULL,NULL,NULL,NULL,NULL,1,NULL,NULL,1),(39,3,'D1509866178068487',NULL,NULL,NULL,NULL,NULL,NULL,NULL,NULL,NULL,NULL,NULL,1509866178,1509866179,NULL,NULL,NULL,NULL,NULL,NULL,1,NULL,NULL,1),(40,3,'D1509866293630700',NULL,NULL,NULL,NULL,NULL,NULL,NULL,NULL,NULL,NULL,NULL,1509866293,1509866295,NULL,NULL,NULL,NULL,NULL,NULL,1,NULL,NULL,1),(41,3,'D1509866577569487',NULL,NULL,NULL,NULL,NULL,NULL,NULL,NULL,NULL,NULL,NULL,1509866577,1509866944,NULL,NULL,NULL,NULL,NULL,NULL,1,NULL,NULL,1),(42,1,'D1509867050412116',NULL,NULL,NULL,NULL,NULL,NULL,NULL,NULL,NULL,NULL,NULL,1509867050,1509867053,NULL,NULL,NULL,NULL,NULL,NULL,1,NULL,NULL,1),(43,1,'D1509867146980094',NULL,NULL,NULL,'kg',NULL,NULL,NULL,NULL,NULL,NULL,NULL,1509867146,1509867151,NULL,NULL,NULL,NULL,NULL,NULL,0,NULL,NULL,1),(44,1,'D1509867223721610',NULL,NULL,NULL,'kg',NULL,NULL,NULL,NULL,NULL,NULL,NULL,1509867223,1509867310,NULL,NULL,NULL,NULL,NULL,NULL,0,NULL,NULL,1),(45,1,'D1509867330670675',NULL,NULL,NULL,'kg',NULL,NULL,NULL,NULL,NULL,NULL,NULL,1509867330,1509867341,NULL,NULL,NULL,NULL,NULL,NULL,0,NULL,NULL,1),(46,NULL,NULL,NULL,NULL,NULL,'kg',NULL,NULL,NULL,NULL,NULL,NULL,NULL,1509867377,1509867377,NULL,NULL,NULL,NULL,NULL,NULL,0,NULL,NULL,1),(47,NULL,NULL,NULL,NULL,NULL,'kg',NULL,NULL,NULL,NULL,NULL,NULL,NULL,1509867382,1509867382,NULL,NULL,NULL,NULL,NULL,NULL,0,NULL,NULL,1),(48,NULL,NULL,NULL,NULL,NULL,'kg',NULL,NULL,NULL,NULL,NULL,NULL,NULL,1509867398,1509867398,NULL,NULL,NULL,NULL,NULL,NULL,0,NULL,NULL,1),(49,NULL,NULL,NULL,NULL,NULL,'kg',NULL,NULL,NULL,NULL,NULL,NULL,NULL,1509867413,1509867413,NULL,NULL,NULL,NULL,NULL,NULL,0,NULL,NULL,1),(50,NULL,NULL,NULL,NULL,NULL,'kg',NULL,NULL,NULL,NULL,NULL,NULL,NULL,1509867430,1509867430,NULL,NULL,NULL,NULL,NULL,NULL,0,NULL,NULL,1),(51,NULL,NULL,NULL,NULL,NULL,'kg',NULL,NULL,NULL,NULL,NULL,NULL,NULL,1509867476,1509867476,NULL,NULL,NULL,NULL,NULL,NULL,0,NULL,NULL,1),(52,1,'D1509867505282160',NULL,NULL,NULL,'kg',NULL,NULL,NULL,NULL,NULL,NULL,NULL,1509867505,1509867520,NULL,NULL,NULL,NULL,NULL,NULL,0,NULL,NULL,1),(53,1,'D1509867570139076',NULL,NULL,NULL,'kg',NULL,NULL,NULL,NULL,NULL,NULL,NULL,1509867570,1509867579,NULL,NULL,NULL,NULL,NULL,NULL,0,NULL,NULL,1),(54,1,'D1509867610800773',NULL,NULL,NULL,'kg',NULL,NULL,NULL,NULL,NULL,NULL,NULL,1509867610,1509868384,1509868384,NULL,NULL,NULL,NULL,NULL,0,NULL,NULL,1),(55,1,'D1509868343005173',NULL,NULL,NULL,NULL,NULL,NULL,NULL,NULL,NULL,NULL,NULL,1509868343,1509868345,NULL,NULL,NULL,NULL,NULL,NULL,1,NULL,NULL,1),(56,1,'D1509868420443472',NULL,NULL,NULL,'kg',NULL,NULL,NULL,NULL,NULL,NULL,NULL,1509868420,1509868429,1509868429,NULL,NULL,NULL,NULL,NULL,0,NULL,NULL,1),(57,1,'D1509868637672227',NULL,NULL,NULL,'kg',NULL,NULL,NULL,NULL,NULL,NULL,NULL,1509868637,1509868645,1509868645,NULL,NULL,NULL,NULL,NULL,0,NULL,NULL,1),(58,1,'D1509868818749895',NULL,NULL,NULL,NULL,NULL,NULL,NULL,NULL,NULL,NULL,NULL,1509868818,1509868821,NULL,NULL,NULL,NULL,NULL,NULL,1,NULL,NULL,1),(59,1,'D1509869157766642',NULL,NULL,NULL,NULL,NULL,NULL,NULL,NULL,NULL,NULL,NULL,1509869157,1509869159,NULL,NULL,NULL,NULL,NULL,NULL,1,NULL,NULL,1),(60,1,'D1509870629100982',NULL,NULL,NULL,NULL,NULL,NULL,NULL,NULL,NULL,NULL,NULL,1509870629,1509870631,NULL,NULL,NULL,NULL,NULL,NULL,1,NULL,NULL,1),(61,1,'D1509871601665358',NULL,NULL,NULL,NULL,NULL,NULL,NULL,NULL,NULL,NULL,NULL,1509871601,1509871602,NULL,NULL,NULL,NULL,NULL,NULL,1,NULL,NULL,1),(62,1,'D1509871930946509',NULL,NULL,NULL,NULL,NULL,NULL,NULL,NULL,NULL,NULL,NULL,1509871930,1509871930,NULL,NULL,NULL,NULL,NULL,NULL,NULL,NULL,NULL,NULL),(63,1,'D1509873002054356',NULL,NULL,NULL,NULL,NULL,NULL,NULL,NULL,NULL,NULL,NULL,1509873002,1509873004,NULL,NULL,NULL,NULL,NULL,NULL,1,NULL,NULL,1),(64,1,'D1509874066633650',NULL,NULL,NULL,NULL,NULL,NULL,NULL,NULL,NULL,NULL,NULL,1509874066,1509874068,NULL,NULL,NULL,NULL,NULL,NULL,1,NULL,NULL,1),(65,1,'D1509874641843115',NULL,NULL,NULL,NULL,NULL,NULL,NULL,NULL,NULL,NULL,NULL,1509874641,1509874643,NULL,NULL,NULL,NULL,NULL,NULL,1,NULL,NULL,1),(66,1,'D1509876630152811',NULL,NULL,NULL,'kg',NULL,NULL,NULL,NULL,NULL,NULL,NULL,1509876630,1509876632,NULL,NULL,NULL,NULL,NULL,NULL,0,NULL,NULL,1),(67,1,'D1509877001469597',NULL,NULL,NULL,'kg',NULL,NULL,NULL,NULL,NULL,NULL,NULL,1509877001,1509877003,NULL,NULL,NULL,NULL,NULL,NULL,0,NULL,NULL,1),(68,1,'D1509877658161146',NULL,NULL,NULL,NULL,NULL,NULL,NULL,NULL,NULL,NULL,NULL,1509877658,1509877660,NULL,NULL,NULL,NULL,NULL,NULL,1,NULL,NULL,1),(69,1,'D1509878283512990',NULL,NULL,NULL,NULL,NULL,NULL,NULL,NULL,NULL,NULL,NULL,1509878283,1509878286,NULL,NULL,NULL,NULL,NULL,NULL,1,NULL,NULL,1),(70,1,'D1509878481376781',NULL,NULL,NULL,NULL,NULL,NULL,NULL,NULL,NULL,NULL,NULL,1509878481,1509878482,NULL,NULL,NULL,NULL,NULL,NULL,1,NULL,NULL,1),(122,1,'D1509886676459660',NULL,NULL,NULL,NULL,NULL,NULL,NULL,NULL,NULL,NULL,NULL,1509886676,1509886678,NULL,NULL,NULL,NULL,NULL,NULL,1,NULL,NULL,1),(71,1,'D1509879044345566',NULL,NULL,NULL,NULL,NULL,NULL,NULL,NULL,NULL,NULL,NULL,1509879044,1509879051,NULL,NULL,NULL,NULL,NULL,NULL,1,NULL,NULL,1),(72,1,'D1509880124156865',NULL,NULL,NULL,NULL,NULL,NULL,NULL,NULL,NULL,NULL,NULL,1509880124,1509880130,1509880130,NULL,NULL,NULL,NULL,NULL,1,NULL,NULL,1),(73,1,'D1509880425874286',NULL,NULL,NULL,NULL,NULL,NULL,NULL,NULL,NULL,NULL,NULL,1509880425,1509880430,1509880430,NULL,NULL,NULL,NULL,NULL,1,NULL,NULL,1),(74,1,'D1509880507355139',NULL,NULL,NULL,NULL,NULL,NULL,NULL,NULL,NULL,NULL,NULL,1509880507,1509880862,1509880862,NULL,NULL,NULL,NULL,NULL,1,NULL,NULL,1),(75,1,'D1509880548685094',NULL,NULL,NULL,NULL,NULL,NULL,NULL,NULL,NULL,NULL,NULL,1509880548,1509880555,1509880555,NULL,NULL,NULL,NULL,NULL,1,NULL,NULL,1),(76,NULL,NULL,NULL,NULL,NULL,NULL,NULL,NULL,NULL,NULL,NULL,NULL,NULL,1509880566,1509880566,NULL,NULL,NULL,NULL,NULL,NULL,1,NULL,NULL,1),(77,1,'D1509880570754262',NULL,NULL,NULL,NULL,NULL,NULL,NULL,NULL,NULL,NULL,NULL,1509880570,1509880571,NULL,NULL,NULL,NULL,NULL,NULL,1,NULL,NULL,1),(78,1,'D1509880620181054',NULL,NULL,NULL,NULL,NULL,NULL,NULL,NULL,NULL,NULL,NULL,1509880620,1509880620,NULL,NULL,NULL,NULL,NULL,NULL,NULL,NULL,NULL,NULL),(79,1,'D1509880689127737',NULL,NULL,NULL,'kg',NULL,NULL,NULL,NULL,NULL,NULL,NULL,1509880689,1509880704,1509880704,NULL,NULL,NULL,NULL,NULL,0,NULL,NULL,1),(80,1,'D1509880879112717',NULL,NULL,NULL,NULL,NULL,NULL,NULL,NULL,NULL,NULL,NULL,1509880879,1509880879,NULL,NULL,NULL,NULL,NULL,NULL,NULL,NULL,NULL,NULL),(81,1,'D1509880951986880',NULL,NULL,NULL,NULL,NULL,NULL,NULL,NULL,NULL,NULL,NULL,1509880951,1509880951,NULL,NULL,NULL,NULL,NULL,NULL,NULL,NULL,NULL,NULL),(82,1,'D1509880988474864',NULL,NULL,NULL,'kg',NULL,NULL,NULL,NULL,NULL,NULL,NULL,1509880988,1509881007,1509881007,NULL,NULL,NULL,NULL,NULL,0,NULL,NULL,1),(83,1,'D1509881008626992',NULL,NULL,NULL,NULL,NULL,NULL,NULL,NULL,NULL,NULL,NULL,1509881008,1509881008,NULL,NULL,NULL,NULL,NULL,NULL,NULL,NULL,NULL,NULL),(84,1,'D1509881017831288',NULL,NULL,NULL,NULL,NULL,NULL,NULL,NULL,NULL,NULL,NULL,1509881017,1509881151,1509881151,NULL,NULL,NULL,NULL,NULL,1,NULL,NULL,1),(85,1,'D1509881059631669',NULL,NULL,NULL,'kg',NULL,NULL,NULL,NULL,NULL,NULL,NULL,1509881059,1509881066,1509881066,NULL,NULL,NULL,NULL,NULL,0,NULL,NULL,1),(86,1,'D1509881156770902',NULL,NULL,NULL,'kg',NULL,NULL,NULL,NULL,NULL,NULL,NULL,1509881156,1509881162,1509881162,NULL,NULL,NULL,NULL,NULL,0,NULL,NULL,1),(87,1,'D1509881201431645',NULL,NULL,NULL,'kg',NULL,NULL,NULL,NULL,NULL,NULL,NULL,1509881201,1509881213,1509881213,NULL,NULL,NULL,NULL,NULL,0,NULL,NULL,1),(88,1,'D1509881251409494',NULL,NULL,NULL,'kg',NULL,NULL,NULL,NULL,NULL,NULL,NULL,1509881251,1509881300,1509881300,NULL,NULL,NULL,NULL,NULL,0,NULL,NULL,1),(89,1,'D1509881311313981',NULL,NULL,NULL,'kg',NULL,NULL,NULL,NULL,NULL,NULL,NULL,1509881311,1509881318,1509881318,NULL,NULL,NULL,NULL,NULL,0,NULL,NULL,1),(90,1,'D1509881415965413',NULL,NULL,NULL,'kg',NULL,NULL,NULL,NULL,NULL,NULL,NULL,1509881415,1509881422,1509881422,NULL,NULL,NULL,NULL,NULL,0,NULL,NULL,1),(91,1,'D1509881506114124',NULL,NULL,NULL,'kg',NULL,NULL,NULL,NULL,NULL,NULL,NULL,1509881506,1509881512,1509881512,NULL,NULL,NULL,NULL,NULL,0,NULL,NULL,1),(92,1,'D1509881590081864',NULL,NULL,NULL,'kg',NULL,NULL,NULL,NULL,NULL,NULL,NULL,1509881590,1509881596,1509881596,NULL,NULL,NULL,NULL,NULL,0,NULL,NULL,1),(93,1,'D1509881642233027',NULL,NULL,NULL,'kg',NULL,NULL,NULL,NULL,NULL,NULL,NULL,1509881642,1509881654,1509881654,NULL,NULL,NULL,NULL,NULL,0,NULL,NULL,1),(94,1,'D1509881750650188',NULL,NULL,NULL,NULL,NULL,NULL,NULL,NULL,NULL,NULL,NULL,1509881750,1509881752,NULL,NULL,NULL,NULL,NULL,NULL,1,NULL,NULL,1),(95,1,'D1509881782861182',NULL,NULL,NULL,NULL,NULL,NULL,NULL,NULL,NULL,NULL,NULL,1509881782,1509881783,NULL,NULL,NULL,NULL,NULL,NULL,1,NULL,NULL,1),(96,1,'D1509881896772604',NULL,NULL,NULL,NULL,NULL,NULL,NULL,NULL,NULL,NULL,NULL,1509881896,1509881900,NULL,NULL,NULL,NULL,NULL,NULL,1,NULL,NULL,1),(97,1,'D1509882164165323',NULL,NULL,NULL,'kg',NULL,NULL,NULL,NULL,NULL,NULL,NULL,1509882164,1509882174,1509882174,NULL,NULL,NULL,NULL,NULL,0,NULL,NULL,1),(98,1,'D1509882210850161',NULL,NULL,NULL,NULL,NULL,NULL,NULL,NULL,NULL,NULL,NULL,1509882210,1509882224,NULL,NULL,NULL,NULL,NULL,NULL,1,NULL,NULL,1),(99,1,'D1509882424576180',NULL,NULL,NULL,'kg',NULL,NULL,NULL,NULL,NULL,NULL,NULL,1509882424,1509882431,1509882431,NULL,NULL,NULL,NULL,NULL,0,NULL,NULL,1),(100,1,'D1509882635644385',NULL,NULL,NULL,'kg',NULL,NULL,NULL,NULL,NULL,NULL,NULL,1509882635,1509882636,NULL,NULL,NULL,NULL,NULL,NULL,0,NULL,NULL,1),(101,1,'D1509882682750781',NULL,NULL,NULL,NULL,NULL,NULL,NULL,NULL,NULL,NULL,NULL,1509882682,1509882683,NULL,NULL,NULL,NULL,NULL,NULL,1,NULL,NULL,1),(102,5,'D1509883300032459',NULL,NULL,NULL,NULL,NULL,NULL,NULL,NULL,NULL,NULL,NULL,1509883300,1509883300,NULL,NULL,NULL,NULL,NULL,NULL,NULL,NULL,NULL,NULL),(103,5,'D1509883310640346',NULL,NULL,NULL,'kg',NULL,NULL,NULL,NULL,NULL,NULL,NULL,1509883310,1509883315,NULL,NULL,NULL,NULL,NULL,NULL,0,NULL,NULL,1),(104,1,'D1509883355160976',NULL,NULL,NULL,'kg',NULL,NULL,NULL,NULL,NULL,NULL,NULL,1509883355,1509883357,NULL,NULL,NULL,NULL,NULL,NULL,0,NULL,NULL,1),(105,1,'D1509884271406329',NULL,NULL,NULL,'kg',NULL,NULL,NULL,NULL,NULL,NULL,NULL,1509884271,1509884273,NULL,NULL,NULL,NULL,NULL,NULL,0,NULL,NULL,1),(106,1,'D1509884696220152',NULL,NULL,NULL,NULL,NULL,NULL,NULL,NULL,NULL,NULL,NULL,1509884696,1509884698,NULL,NULL,NULL,NULL,NULL,NULL,1,NULL,NULL,1),(107,1,'D1509884937437903',NULL,NULL,NULL,NULL,NULL,NULL,NULL,NULL,NULL,NULL,NULL,1509884937,1509884938,NULL,NULL,NULL,NULL,NULL,NULL,1,NULL,NULL,1),(108,1,'D1509884991520644',NULL,NULL,NULL,NULL,NULL,NULL,NULL,NULL,NULL,NULL,NULL,1509884991,1509884992,NULL,NULL,NULL,NULL,NULL,NULL,1,NULL,NULL,1),(109,1,'D1509885020906873',NULL,NULL,NULL,NULL,NULL,NULL,NULL,NULL,NULL,NULL,NULL,1509885020,1509885025,NULL,NULL,NULL,NULL,NULL,NULL,1,NULL,NULL,1),(110,1,'D1509885129698180','1474','朱雨俊','产品明','10kg',NULL,'44','1','44',NULL,'44','2017-11-05',1509885129,1509885340,NULL,'很尴尬','11','14','44','44',1,NULL,NULL,1),(111,1,'D1509885200275369',NULL,NULL,NULL,NULL,NULL,NULL,NULL,NULL,NULL,NULL,NULL,1509885200,1509885202,NULL,NULL,NULL,NULL,NULL,NULL,1,NULL,NULL,1),(112,1,'D1509885309962590',NULL,NULL,NULL,NULL,NULL,NULL,NULL,NULL,NULL,NULL,NULL,1509885309,1509885309,NULL,NULL,NULL,NULL,NULL,NULL,NULL,NULL,NULL,NULL),(113,1,'D1509885360487878',NULL,NULL,NULL,NULL,NULL,NULL,NULL,NULL,NULL,NULL,NULL,1509885360,1509885362,NULL,NULL,NULL,NULL,NULL,NULL,1,NULL,NULL,1),(114,1,'D1509885588399134',NULL,NULL,NULL,NULL,NULL,NULL,NULL,NULL,NULL,NULL,NULL,1509885588,1509885589,NULL,NULL,NULL,NULL,NULL,NULL,1,NULL,NULL,1),(115,1,'D1509885650915137',NULL,NULL,NULL,NULL,NULL,NULL,NULL,NULL,NULL,NULL,NULL,1509885650,1509885654,NULL,NULL,NULL,NULL,NULL,NULL,1,NULL,NULL,1),(116,1,'D1509885941619001',NULL,NULL,NULL,NULL,NULL,NULL,NULL,NULL,NULL,NULL,NULL,1509885941,1509885943,NULL,NULL,NULL,NULL,NULL,NULL,1,NULL,NULL,1),(117,1,'D1509886005671534',NULL,NULL,NULL,NULL,NULL,NULL,NULL,NULL,NULL,NULL,NULL,1509886005,1509886007,NULL,NULL,NULL,NULL,NULL,NULL,1,NULL,NULL,1),(118,1,'D1509886165820926',NULL,NULL,NULL,NULL,NULL,NULL,NULL,NULL,NULL,NULL,NULL,1509886165,1509886172,NULL,NULL,NULL,NULL,NULL,NULL,1,NULL,NULL,1),(119,1,'D1509886274066926',NULL,NULL,NULL,NULL,NULL,NULL,NULL,NULL,NULL,NULL,NULL,1509886274,1509886282,NULL,NULL,NULL,NULL,NULL,NULL,1,NULL,NULL,1),(120,1,'D1509886484851426',NULL,NULL,NULL,'(null)',NULL,NULL,NULL,NULL,NULL,NULL,NULL,1509886484,1509886511,1509886511,NULL,NULL,NULL,NULL,NULL,0,NULL,NULL,1),(121,1,'D1509886617597556',NULL,NULL,NULL,NULL,NULL,NULL,NULL,NULL,NULL,NULL,NULL,1509886617,1509886620,NULL,NULL,NULL,NULL,NULL,NULL,1,NULL,NULL,1),(123,1,'D1509886970002594',NULL,NULL,NULL,'kg',NULL,NULL,NULL,NULL,NULL,NULL,NULL,1509886970,1509886980,1509886980,NULL,NULL,NULL,NULL,NULL,0,NULL,NULL,1),(124,1,'D1509886989633306',NULL,NULL,NULL,NULL,NULL,NULL,NULL,NULL,NULL,NULL,NULL,1509886989,1509886989,NULL,NULL,NULL,NULL,NULL,NULL,NULL,NULL,NULL,NULL),(125,1,'D1509887068480607',NULL,NULL,NULL,NULL,NULL,NULL,NULL,NULL,NULL,NULL,NULL,1509887068,1509887068,NULL,NULL,NULL,NULL,NULL,NULL,NULL,NULL,NULL,NULL),(126,1,'D1509887093929885','123','朱雨俊','编织袋','100kg',NULL,'1','1','1',NULL,'12','2017-11-05',1509887093,1509887341,1509887341,'12','45','1','12','11',1,'261','262',1),(127,1,'D1509888801752832',NULL,NULL,NULL,NULL,NULL,NULL,NULL,NULL,NULL,NULL,NULL,1509888801,1509888804,NULL,NULL,NULL,NULL,NULL,NULL,1,NULL,NULL,1),(128,1,'D1509888844881786',NULL,NULL,NULL,'kg',NULL,NULL,NULL,NULL,NULL,NULL,NULL,1509888844,1509888846,NULL,NULL,NULL,NULL,NULL,NULL,0,NULL,NULL,1),(129,1,'D1509888920394548',NULL,NULL,NULL,NULL,NULL,NULL,NULL,NULL,NULL,NULL,NULL,1509888920,1509888922,NULL,NULL,NULL,NULL,NULL,NULL,1,NULL,NULL,1),(130,1,'D1509888960215498',NULL,NULL,NULL,NULL,NULL,NULL,NULL,NULL,NULL,NULL,NULL,1509888960,1509888962,NULL,NULL,NULL,NULL,NULL,NULL,1,NULL,NULL,1),(131,1,'D1509889077902806',NULL,NULL,NULL,NULL,NULL,NULL,NULL,NULL,NULL,NULL,NULL,1509889077,1509889078,NULL,NULL,NULL,NULL,NULL,NULL,1,NULL,NULL,1),(132,1,'D1509889288568155',NULL,NULL,NULL,NULL,NULL,NULL,NULL,NULL,NULL,NULL,NULL,1509889288,1509889290,NULL,NULL,NULL,NULL,NULL,NULL,1,NULL,NULL,1),(133,1,'D1509889361118798',NULL,NULL,NULL,NULL,NULL,NULL,NULL,NULL,NULL,NULL,NULL,1509889361,1509889363,NULL,NULL,NULL,NULL,NULL,NULL,1,NULL,NULL,1),(134,1,'D1509889587885542',NULL,NULL,NULL,NULL,NULL,NULL,NULL,NULL,NULL,NULL,NULL,1509889587,1509889589,NULL,NULL,NULL,NULL,NULL,NULL,1,NULL,NULL,1),(135,1,'D1509889621670143',NULL,NULL,NULL,NULL,NULL,NULL,NULL,NULL,NULL,NULL,NULL,1509889621,1509889622,NULL,NULL,NULL,NULL,NULL,NULL,1,NULL,NULL,1),(136,1,'D1509889754619771',NULL,NULL,NULL,NULL,NULL,NULL,NULL,NULL,NULL,NULL,NULL,1509889754,1509889754,NULL,NULL,NULL,NULL,NULL,NULL,NULL,NULL,NULL,NULL),(137,1,'D1509889807407588','20170111','朱雨俊','麻袋','100kg',NULL,'1','10','10',NULL,'10','2017-11-05',1509889807,1509890017,1509890017,'123','123','左边','123','12',1,'263','264',1),(138,1,'D1509889925356675',NULL,NULL,NULL,NULL,NULL,NULL,NULL,NULL,NULL,NULL,NULL,1509889925,1509889926,NULL,NULL,NULL,NULL,NULL,NULL,1,NULL,NULL,1),(139,1,'D1509890604307869',NULL,NULL,NULL,NULL,NULL,NULL,NULL,NULL,NULL,NULL,NULL,1509890604,1509890607,NULL,NULL,NULL,NULL,NULL,NULL,1,NULL,NULL,1),(140,1,'D1509890652567048',NULL,NULL,NULL,'11',NULL,NULL,NULL,NULL,NULL,NULL,NULL,1509890652,1509890664,NULL,NULL,NULL,NULL,NULL,NULL,1,NULL,NULL,1),(141,1,'D1509890738521586',NULL,NULL,NULL,'11',NULL,NULL,NULL,NULL,NULL,NULL,NULL,1509890738,1509890782,1509890782,NULL,NULL,NULL,NULL,NULL,1,NULL,NULL,1),(142,1,'D1509934030890867',NULL,NULL,NULL,NULL,NULL,NULL,NULL,NULL,NULL,NULL,NULL,1509934030,1509934031,NULL,NULL,NULL,NULL,NULL,NULL,1,NULL,NULL,1),(143,1,'D1509936124182305',NULL,NULL,NULL,'kg',NULL,NULL,NULL,NULL,NULL,NULL,NULL,1509936124,1509936289,NULL,NULL,NULL,NULL,NULL,NULL,0,'265','266,267',1),(144,1,'D1509937458054397',NULL,NULL,NULL,NULL,NULL,NULL,NULL,NULL,NULL,NULL,NULL,1509937458,1509937458,NULL,NULL,NULL,NULL,NULL,NULL,NULL,NULL,NULL,NULL),(145,1,'D1509937551351665',NULL,NULL,NULL,NULL,NULL,NULL,NULL,NULL,NULL,NULL,NULL,1509937551,1509937551,NULL,NULL,NULL,NULL,NULL,NULL,NULL,NULL,NULL,NULL),(146,1,'D1509937601868000',NULL,NULL,NULL,NULL,NULL,NULL,NULL,NULL,NULL,NULL,NULL,1509937601,1509937601,NULL,NULL,NULL,NULL,NULL,NULL,NULL,NULL,NULL,NULL),(147,1,'D1509937643997990','555555','江陵路','江陵路','455kg',NULL,'5555','5558','888',NULL,'江陵路','2017-11-06',1509937643,1509937947,1509937947,'5555','855','啦咯啦咯啦咯啦','啦咯啦咯啦咯啦','太懒了',0,'269',NULL,1),(148,9,'D1509937763961790',NULL,NULL,NULL,NULL,NULL,NULL,NULL,NULL,NULL,NULL,NULL,1509937763,1509937763,NULL,NULL,NULL,NULL,NULL,NULL,NULL,NULL,NULL,NULL),(149,1,'D1509937767372697',NULL,NULL,NULL,'L',NULL,NULL,NULL,NULL,NULL,NULL,NULL,1509937767,1509938603,1509938603,NULL,NULL,NULL,NULL,NULL,1,NULL,NULL,1),(150,1,'D1509937827623148',NULL,NULL,NULL,NULL,NULL,NULL,NULL,NULL,NULL,NULL,NULL,1509937827,1509937841,NULL,NULL,NULL,NULL,NULL,NULL,1,NULL,NULL,1),(151,1,'D1509937856863253',NULL,NULL,NULL,NULL,NULL,NULL,NULL,NULL,NULL,NULL,NULL,1509937856,1509937856,NULL,NULL,NULL,NULL,NULL,NULL,NULL,NULL,NULL,NULL),(152,1,'D1509937874005030',NULL,NULL,NULL,NULL,NULL,NULL,NULL,NULL,NULL,NULL,NULL,1509937874,1509937874,NULL,NULL,NULL,NULL,NULL,NULL,NULL,NULL,NULL,NULL),(153,1,'D1509937890458721',NULL,NULL,NULL,NULL,NULL,NULL,NULL,NULL,NULL,NULL,NULL,1509937890,1509937890,NULL,NULL,NULL,NULL,NULL,NULL,NULL,NULL,NULL,NULL),(154,1,'D1509937951443194',NULL,NULL,NULL,NULL,NULL,NULL,NULL,NULL,NULL,NULL,NULL,1509937951,1509937956,NULL,NULL,NULL,NULL,NULL,NULL,1,NULL,NULL,1),(155,1,'D1509943065969879',NULL,NULL,NULL,NULL,NULL,NULL,NULL,NULL,NULL,NULL,NULL,1509943065,1509943070,NULL,NULL,NULL,NULL,NULL,NULL,1,NULL,NULL,1),(156,1,'D1509943109724936',NULL,NULL,NULL,NULL,NULL,NULL,NULL,NULL,NULL,NULL,NULL,1509943109,1509943111,NULL,NULL,NULL,NULL,NULL,NULL,1,NULL,NULL,1),(157,1,'D1509943143215668',NULL,NULL,NULL,NULL,NULL,NULL,NULL,NULL,NULL,NULL,NULL,1509943143,1509943145,NULL,NULL,NULL,NULL,NULL,NULL,1,NULL,NULL,1),(158,1,'D1509946315173162',NULL,NULL,NULL,'kg',NULL,NULL,NULL,NULL,NULL,NULL,NULL,1509946315,1509946320,NULL,NULL,NULL,NULL,NULL,NULL,0,NULL,NULL,1),(159,1,'D1509946859627021',NULL,NULL,NULL,NULL,NULL,NULL,NULL,NULL,NULL,NULL,NULL,1509946859,1509946877,NULL,NULL,NULL,NULL,NULL,NULL,1,NULL,NULL,1),(160,1,'D1509946922936502',NULL,NULL,NULL,NULL,NULL,NULL,NULL,NULL,NULL,NULL,NULL,1509946922,1509946934,NULL,NULL,NULL,NULL,NULL,NULL,1,NULL,NULL,1),(161,1,'D1509946957960345',NULL,NULL,NULL,NULL,NULL,NULL,NULL,NULL,NULL,NULL,NULL,1509946957,1509946990,NULL,NULL,NULL,NULL,NULL,NULL,1,NULL,NULL,1),(162,1,'D1509947220151150',NULL,NULL,NULL,NULL,NULL,NULL,NULL,NULL,NULL,NULL,NULL,1509947220,1509947222,NULL,NULL,NULL,NULL,NULL,NULL,1,NULL,NULL,1),(163,1,'D1509947263119512',NULL,NULL,NULL,NULL,NULL,NULL,NULL,NULL,NULL,NULL,NULL,1509947263,1509947263,NULL,NULL,NULL,NULL,NULL,NULL,NULL,NULL,NULL,NULL),(164,1,'D1509947400029248',NULL,NULL,NULL,NULL,NULL,NULL,NULL,NULL,NULL,NULL,NULL,1509947400,1509947400,NULL,NULL,NULL,NULL,NULL,NULL,NULL,NULL,NULL,NULL),(165,1,'D1509947523541533',NULL,NULL,NULL,'kg',NULL,NULL,NULL,NULL,NULL,NULL,NULL,1509947523,1509947556,1509947556,NULL,NULL,NULL,NULL,NULL,0,NULL,NULL,1),(166,1,'D1509947730136267',NULL,NULL,NULL,'kg',NULL,NULL,NULL,NULL,NULL,NULL,NULL,1509947730,1509947754,1509947754,NULL,NULL,NULL,NULL,NULL,0,NULL,NULL,1),(167,1,'D1509947782743647',NULL,NULL,NULL,'kg',NULL,NULL,NULL,NULL,NULL,NULL,NULL,1509947782,1509947807,1509947807,NULL,NULL,NULL,NULL,NULL,0,NULL,NULL,1),(168,2,'D1509948212338617',NULL,NULL,NULL,'kg',NULL,NULL,NULL,NULL,NULL,NULL,NULL,1509948212,1509948214,NULL,NULL,NULL,NULL,NULL,NULL,0,NULL,NULL,1),(169,1,'D1509948265587573',NULL,NULL,NULL,'kg',NULL,NULL,NULL,NULL,NULL,NULL,NULL,1509948265,1509948345,1509948345,NULL,NULL,NULL,NULL,NULL,0,NULL,NULL,1),(170,1,'D1509948430408542',NULL,NULL,NULL,'kg',NULL,NULL,NULL,NULL,NULL,NULL,NULL,1509948430,1509948431,NULL,NULL,NULL,NULL,NULL,NULL,0,NULL,NULL,1),(171,1,'D1509948441008735',NULL,NULL,NULL,'kg',NULL,NULL,NULL,NULL,NULL,NULL,NULL,1509948441,1509948446,NULL,NULL,NULL,NULL,NULL,NULL,0,NULL,NULL,1),(172,1,'D1509948478829570',NULL,NULL,NULL,'kg',NULL,NULL,NULL,NULL,NULL,NULL,NULL,1509948478,1509948579,1509948579,NULL,NULL,NULL,NULL,NULL,0,NULL,NULL,1),(173,1,'D1509948586129064',NULL,NULL,NULL,'kg',NULL,NULL,NULL,NULL,NULL,NULL,NULL,1509948586,1509948588,NULL,NULL,NULL,NULL,NULL,NULL,0,NULL,NULL,1),(174,1,'D1509948719975963',NULL,NULL,NULL,NULL,NULL,NULL,NULL,NULL,NULL,NULL,NULL,1509948719,1509948719,NULL,NULL,NULL,NULL,NULL,NULL,NULL,NULL,NULL,NULL),(175,1,'D1509950027082848',NULL,NULL,NULL,'kg',NULL,NULL,NULL,NULL,NULL,NULL,NULL,1509950027,1509950029,NULL,NULL,NULL,NULL,NULL,NULL,0,NULL,NULL,1);

/*Table structure for table `ygt_order_process` */

DROP TABLE IF EXISTS `ygt_order_process`;

CREATE TABLE `ygt_order_process` (
  `id` int(10) unsigned NOT NULL AUTO_INCREMENT COMMENT 'id 自增编号',
  `order_id` int(10) DEFAULT NULL COMMENT '关联的订单id',
  `process_type` char(100) DEFAULT NULL COMMENT '工艺类型',
  `printing_style` char(100) DEFAULT NULL COMMENT '印刷样式',
  `printing_materials` char(100) DEFAULT NULL COMMENT '印刷材料',
  `thickness` char(100) DEFAULT NULL COMMENT '厚度',
  `printing_film_width` char(100) DEFAULT NULL COMMENT '印膜宽度',
  `color_number_front` char(100) DEFAULT NULL COMMENT '色数正面',
  `color_number_back` char(100) DEFAULT NULL COMMENT '色数背面',
  `white_plate_requirement` char(100) DEFAULT NULL COMMENT '白版要求',
  `ink_requirement` char(100) DEFAULT NULL COMMENT '油墨要求',
  `printing_machine` char(100) DEFAULT NULL COMMENT '印刷机台',
  `printing_number` char(100) DEFAULT NULL COMMENT '印刷数量',
  `polishing_requirement` char(100) DEFAULT NULL COMMENT '抛光要求',
  `compound_style` char(100) DEFAULT NULL COMMENT '复合样式',
  `compound_type` char(100) DEFAULT NULL COMMENT '复合类型',
  `three_complex_material` char(100) DEFAULT NULL COMMENT '三复材料',
  `film_thickness` char(100) DEFAULT NULL COMMENT '淋膜厚度',
  `film_number` char(100) DEFAULT NULL COMMENT '淋膜数量',
  `film_width_positive` char(100) DEFAULT NULL COMMENT '淋膜宽度正面',
  `film_width_back` char(100) DEFAULT NULL COMMENT '淋膜宽度背面',
  `is_cut_edge` char(100) DEFAULT NULL COMMENT '是否割边',
  `edge_extraction_method` char(100) DEFAULT NULL COMMENT '抽边方式',
  `bag_cutting_mode` char(100) DEFAULT NULL COMMENT '切袋方式',
  `punching_requirement` char(100) DEFAULT NULL COMMENT '打孔要求',
  `portable_style` char(100) DEFAULT NULL COMMENT '手提样式',
  `back_cover_stype` char(100) DEFAULT NULL COMMENT '封底样式',
  `edge_beating_requirement` char(100) DEFAULT NULL COMMENT '打边要求',
  `notch_requirement` char(100) DEFAULT NULL COMMENT '阙口要求',
  `is_edgetrimming` char(100) DEFAULT NULL COMMENT '是否割口',
  `intima_specification` char(100) DEFAULT NULL COMMENT '内膜规格',
  `intima_quality` char(100) DEFAULT NULL COMMENT '内膜质量',
  `intima_weighting` char(100) DEFAULT NULL COMMENT '内膜克重',
  `bagging_requirement` char(100) DEFAULT NULL COMMENT '套袋要求',
  `remark` text COMMENT '备注信息',
  `created_at` int(10) DEFAULT NULL COMMENT 'laravel框架默认的创建时间',
  `updated_at` int(10) DEFAULT NULL COMMENT 'laravel框架默认的修改时间',
  `deleted_at` int(10) DEFAULT NULL COMMENT 'laravel框架默认的删除时间（软删除）',
  `status` char(100) DEFAULT NULL COMMENT '工艺状态 1-待接单 2-确认开工（未领取材料） 3-已领取材料 4-确认完工',
  `estimated_time` char(100) DEFAULT NULL COMMENT '预估时间',
  `completed_number` float(10,2) DEFAULT NULL COMMENT '完成数量',
  PRIMARY KEY (`id`)
) ENGINE=MyISAM AUTO_INCREMENT=83 DEFAULT CHARSET=utf8 COMMENT='订单工艺表-存放每个工艺的具体数据';

/*Data for the table `ygt_order_process` */

insert  into `ygt_order_process`(`id`,`order_id`,`process_type`,`printing_style`,`printing_materials`,`thickness`,`printing_film_width`,`color_number_front`,`color_number_back`,`white_plate_requirement`,`ink_requirement`,`printing_machine`,`printing_number`,`polishing_requirement`,`compound_style`,`compound_type`,`three_complex_material`,`film_thickness`,`film_number`,`film_width_positive`,`film_width_back`,`is_cut_edge`,`edge_extraction_method`,`bag_cutting_mode`,`punching_requirement`,`portable_style`,`back_cover_stype`,`edge_beating_requirement`,`notch_requirement`,`is_edgetrimming`,`intima_specification`,`intima_quality`,`intima_weighting`,`bagging_requirement`,`remark`,`created_at`,`updated_at`,`deleted_at`,`status`,`estimated_time`,`completed_number`) values (56,30,'2',NULL,NULL,NULL,NULL,NULL,NULL,NULL,NULL,NULL,NULL,'12','14','18','19','23','40,5','10','10','1',NULL,NULL,NULL,NULL,NULL,NULL,NULL,NULL,NULL,NULL,NULL,NULL,'备注信息',1509890017,1509890017,NULL,'1',NULL,NULL),(57,30,'3',NULL,NULL,NULL,NULL,NULL,NULL,NULL,NULL,NULL,NULL,NULL,NULL,NULL,NULL,NULL,NULL,NULL,NULL,NULL,'25','29','32','36','38','42','44','1','10','40','1','47','北校区因为',1509890017,1509890017,NULL,'1',NULL,NULL),(58,30,'1','1',NULL,'10','111','111','123','4','8','10','100',NULL,NULL,NULL,NULL,NULL,NULL,NULL,NULL,NULL,NULL,NULL,NULL,NULL,NULL,NULL,NULL,NULL,NULL,NULL,NULL,NULL,'321',1509890017,1509890414,NULL,'4','2h1m',1000.00),(59,31,'2',NULL,NULL,NULL,NULL,NULL,NULL,NULL,NULL,NULL,NULL,NULL,NULL,NULL,NULL,NULL,'11,5',NULL,NULL,'1',NULL,NULL,NULL,NULL,NULL,NULL,NULL,NULL,NULL,NULL,NULL,NULL,NULL,1509890782,1509890782,NULL,'1',NULL,NULL),(60,31,'3',NULL,NULL,NULL,NULL,NULL,NULL,NULL,NULL,NULL,NULL,NULL,NULL,NULL,NULL,NULL,NULL,NULL,NULL,NULL,NULL,NULL,NULL,NULL,NULL,NULL,NULL,'1',NULL,NULL,NULL,NULL,NULL,1509890782,1509890782,NULL,'1',NULL,NULL),(61,31,'1',NULL,NULL,NULL,NULL,NULL,NULL,NULL,NULL,NULL,NULL,NULL,NULL,NULL,NULL,NULL,NULL,NULL,NULL,NULL,NULL,NULL,NULL,NULL,NULL,NULL,NULL,NULL,NULL,NULL,NULL,NULL,NULL,1509890782,1509890782,NULL,'1',NULL,NULL),(62,32,'2',NULL,NULL,NULL,NULL,NULL,NULL,NULL,NULL,NULL,NULL,'10','15','16','19','22','555,4','555','555','1',NULL,NULL,NULL,NULL,NULL,NULL,NULL,NULL,NULL,NULL,NULL,NULL,'卢丽丽',1509937947,1509937947,NULL,'1',NULL,NULL),(63,32,'3',NULL,NULL,NULL,NULL,NULL,NULL,NULL,NULL,NULL,NULL,NULL,NULL,NULL,NULL,NULL,NULL,NULL,NULL,NULL,'25','29','33','34','37','42','45','1','啦咯啦咯啦咯啦','啦咯啦咯啦咯啦','三生三世','48','太可怜了',1509937947,1509937947,NULL,'1',NULL,NULL),(64,32,'1','1',NULL,'具体','江陵路','kk','555','6','9','555','555555',NULL,NULL,NULL,NULL,NULL,NULL,NULL,NULL,NULL,NULL,NULL,NULL,NULL,NULL,NULL,NULL,NULL,NULL,NULL,NULL,NULL,'江陵路',1509937947,1509939656,NULL,'3','20h1m',NULL),(65,33,'2',NULL,NULL,NULL,NULL,NULL,NULL,NULL,NULL,NULL,NULL,NULL,NULL,NULL,NULL,NULL,',',NULL,NULL,'0',NULL,NULL,NULL,NULL,NULL,NULL,NULL,NULL,NULL,NULL,NULL,NULL,NULL,1509938603,1509938603,NULL,'1',NULL,NULL),(66,33,'3',NULL,NULL,NULL,NULL,NULL,NULL,NULL,NULL,NULL,NULL,NULL,NULL,NULL,NULL,NULL,NULL,NULL,NULL,NULL,NULL,NULL,NULL,NULL,NULL,NULL,NULL,'0',NULL,NULL,NULL,NULL,NULL,1509938603,1509938603,NULL,'1',NULL,NULL),(67,33,'1',NULL,NULL,NULL,NULL,NULL,NULL,NULL,NULL,NULL,NULL,NULL,NULL,NULL,NULL,NULL,NULL,NULL,NULL,NULL,NULL,NULL,NULL,NULL,NULL,NULL,NULL,NULL,NULL,NULL,NULL,NULL,NULL,1509938603,1509946222,NULL,'2','00时01分',NULL),(68,34,'2',NULL,NULL,NULL,NULL,NULL,NULL,NULL,NULL,NULL,NULL,'10',NULL,NULL,NULL,NULL,',',NULL,NULL,'0',NULL,NULL,NULL,NULL,NULL,NULL,NULL,NULL,NULL,NULL,NULL,NULL,NULL,1509947556,1509947556,NULL,'1',NULL,NULL),(69,34,'3',NULL,NULL,NULL,NULL,NULL,NULL,NULL,NULL,NULL,NULL,NULL,NULL,NULL,NULL,NULL,NULL,NULL,NULL,NULL,NULL,NULL,NULL,NULL,NULL,NULL,NULL,'0',NULL,NULL,NULL,NULL,NULL,1509947557,1509947557,NULL,'1',NULL,NULL),(70,34,'1',NULL,NULL,NULL,NULL,NULL,NULL,NULL,NULL,NULL,NULL,NULL,NULL,NULL,NULL,NULL,NULL,NULL,NULL,NULL,NULL,NULL,NULL,NULL,NULL,NULL,NULL,NULL,NULL,NULL,NULL,NULL,NULL,1509947557,1509950616,NULL,'2','00时01分',NULL),(71,35,'2',NULL,NULL,NULL,NULL,NULL,NULL,NULL,NULL,NULL,NULL,NULL,NULL,NULL,NULL,NULL,',',NULL,NULL,'0',NULL,NULL,NULL,NULL,NULL,NULL,NULL,NULL,NULL,NULL,NULL,NULL,NULL,1509947754,1509947754,NULL,'1',NULL,NULL),(72,35,'3',NULL,NULL,NULL,NULL,NULL,NULL,NULL,NULL,NULL,NULL,NULL,NULL,NULL,NULL,NULL,NULL,NULL,NULL,NULL,NULL,NULL,NULL,NULL,NULL,NULL,NULL,'0',NULL,NULL,NULL,NULL,NULL,1509947754,1509947754,NULL,'1',NULL,NULL),(73,35,'1','2',NULL,NULL,NULL,NULL,NULL,NULL,NULL,NULL,NULL,NULL,NULL,NULL,NULL,NULL,NULL,NULL,NULL,NULL,NULL,NULL,NULL,NULL,NULL,NULL,NULL,NULL,NULL,NULL,NULL,NULL,NULL,1509947754,1509947754,NULL,'1',NULL,NULL),(74,36,'2',NULL,NULL,NULL,NULL,NULL,NULL,NULL,NULL,NULL,NULL,NULL,NULL,NULL,NULL,NULL,',',NULL,NULL,'0',NULL,NULL,NULL,NULL,NULL,NULL,NULL,NULL,NULL,NULL,NULL,NULL,NULL,1509947807,1509947807,NULL,'1',NULL,NULL),(75,36,'3',NULL,NULL,NULL,NULL,NULL,NULL,NULL,NULL,NULL,NULL,NULL,NULL,NULL,NULL,NULL,NULL,NULL,NULL,NULL,NULL,NULL,NULL,NULL,NULL,NULL,NULL,'0',NULL,NULL,NULL,NULL,NULL,1509947807,1509947807,NULL,'1',NULL,NULL),(76,36,'1','1',NULL,NULL,NULL,NULL,NULL,NULL,NULL,NULL,NULL,NULL,NULL,NULL,NULL,NULL,NULL,NULL,NULL,NULL,NULL,NULL,NULL,NULL,NULL,NULL,NULL,NULL,NULL,NULL,NULL,NULL,NULL,1509947807,1509950528,NULL,'2','00时01分',NULL),(77,37,'2',NULL,NULL,NULL,NULL,NULL,NULL,NULL,NULL,NULL,NULL,NULL,NULL,NULL,NULL,NULL,',',NULL,NULL,'0',NULL,NULL,NULL,NULL,NULL,NULL,NULL,NULL,NULL,NULL,NULL,NULL,NULL,1509948345,1509948345,NULL,'1',NULL,NULL),(78,37,'3',NULL,NULL,NULL,NULL,NULL,NULL,NULL,NULL,NULL,NULL,NULL,NULL,NULL,NULL,NULL,NULL,NULL,NULL,NULL,NULL,NULL,NULL,NULL,NULL,NULL,NULL,'0',NULL,NULL,NULL,NULL,NULL,1509948345,1509948345,NULL,'1',NULL,NULL),(79,37,'1','1',NULL,NULL,NULL,NULL,NULL,NULL,NULL,NULL,NULL,NULL,NULL,NULL,NULL,NULL,NULL,NULL,NULL,NULL,NULL,NULL,NULL,NULL,NULL,NULL,NULL,NULL,NULL,NULL,NULL,NULL,NULL,1509948345,1509950256,NULL,'2','00时01分',NULL),(80,38,'2',NULL,NULL,NULL,NULL,NULL,NULL,NULL,NULL,NULL,NULL,NULL,NULL,NULL,NULL,NULL,',4',NULL,NULL,'0',NULL,NULL,NULL,NULL,NULL,NULL,NULL,NULL,NULL,NULL,NULL,NULL,NULL,1509948579,1509948579,NULL,'1',NULL,NULL),(81,38,'3',NULL,NULL,NULL,NULL,NULL,NULL,NULL,NULL,NULL,NULL,NULL,NULL,NULL,NULL,NULL,NULL,NULL,NULL,NULL,NULL,NULL,NULL,NULL,NULL,NULL,NULL,'0',NULL,NULL,NULL,NULL,NULL,1509948579,1509948579,NULL,'1',NULL,NULL),(82,38,'1',NULL,NULL,NULL,NULL,NULL,NULL,NULL,NULL,NULL,NULL,NULL,NULL,NULL,NULL,NULL,NULL,NULL,NULL,NULL,NULL,NULL,NULL,NULL,NULL,NULL,NULL,NULL,NULL,NULL,NULL,NULL,NULL,1509948579,1509950100,NULL,'2','00时01分',NULL),(53,29,'2',NULL,NULL,NULL,NULL,NULL,NULL,NULL,NULL,NULL,NULL,'10','14','18','20','24','15,5','11','44','1',NULL,NULL,NULL,NULL,NULL,NULL,NULL,NULL,NULL,NULL,NULL,NULL,'125',1509887341,1509889359,NULL,'1','1h1m',11.00),(54,29,'3',NULL,NULL,NULL,NULL,NULL,NULL,NULL,NULL,NULL,NULL,NULL,NULL,NULL,NULL,NULL,NULL,NULL,NULL,NULL,'25','29','32','36','37','40','45','1','14','死','741','47','477',1509887341,1509889187,NULL,'1','1h1m',100.00),(55,29,'1','3',NULL,'1','17','444','47','5','9','777','44',NULL,NULL,NULL,NULL,NULL,NULL,NULL,NULL,NULL,NULL,NULL,NULL,NULL,NULL,NULL,NULL,NULL,NULL,NULL,NULL,NULL,'444',1509887341,1509939272,NULL,'3','1时分',1000.00);

/*Table structure for table `ygt_order_process_pre` */

DROP TABLE IF EXISTS `ygt_order_process_pre`;

CREATE TABLE `ygt_order_process_pre` (
  `id` int(10) unsigned NOT NULL AUTO_INCREMENT COMMENT 'id 自增编号',
  `order_id` int(10) DEFAULT NULL COMMENT '关联的订单id',
  `process_type` char(100) DEFAULT NULL COMMENT '工艺类型',
  `printing_style` char(100) DEFAULT NULL COMMENT '印刷样式',
  `printing_materials` char(100) DEFAULT NULL COMMENT '印刷材料',
  `thickness` char(100) DEFAULT NULL COMMENT '厚度',
  `printing_film_width` char(100) DEFAULT NULL COMMENT '印膜宽度',
  `color_number_front` char(100) DEFAULT NULL COMMENT '色数正面',
  `color_number_back` char(100) DEFAULT NULL COMMENT '色数背面',
  `white_plate_requirement` char(100) DEFAULT NULL COMMENT '白版要求',
  `ink_requirement` char(100) DEFAULT NULL COMMENT '油墨要求',
  `printing_machine` char(100) DEFAULT NULL COMMENT '印刷机台',
  `printing_number` char(100) DEFAULT NULL COMMENT '印刷数量',
  `polishing_requirement` char(100) DEFAULT NULL COMMENT '抛光要求',
  `compound_style` char(100) DEFAULT NULL COMMENT '复合样式',
  `compound_type` char(100) DEFAULT NULL COMMENT '复合类型',
  `three_complex_material` char(100) DEFAULT NULL COMMENT '三复材料',
  `film_thickness` char(100) DEFAULT NULL COMMENT '淋膜厚度',
  `film_number` char(100) DEFAULT NULL COMMENT '淋膜数量',
  `film_width_positive` char(100) DEFAULT NULL COMMENT '淋膜宽度正面',
  `film_width_back` char(100) DEFAULT NULL COMMENT '淋膜宽度背面',
  `is_cut_edge` char(100) DEFAULT NULL COMMENT '是否割边',
  `edge_extraction_method` char(100) DEFAULT NULL COMMENT '抽边方式',
  `bag_cutting_mode` char(100) DEFAULT NULL COMMENT '切袋方式',
  `punching_requirement` char(100) DEFAULT NULL COMMENT '打孔要求',
  `portable_style` char(100) DEFAULT NULL COMMENT '手提样式',
  `back_cover_stype` char(100) DEFAULT NULL COMMENT '封底样式',
  `edge_beating_requirement` char(100) DEFAULT NULL COMMENT '打边要求',
  `notch_requirement` char(100) DEFAULT NULL COMMENT '阙口要求',
  `is_edgetrimming` char(100) DEFAULT NULL COMMENT '是否割口',
  `intima_specification` char(100) DEFAULT NULL COMMENT '内膜规格',
  `intima_quality` char(100) DEFAULT NULL COMMENT '内膜质量',
  `intima_weighting` char(100) DEFAULT NULL COMMENT '内膜克重',
  `bagging_requirement` char(100) DEFAULT NULL COMMENT '套袋要求',
  `remark` text COMMENT '备注信息',
  `created_at` int(10) DEFAULT NULL COMMENT 'laravel框架默认的创建时间',
  `updated_at` int(10) DEFAULT NULL COMMENT 'laravel框架默认的修改时间',
  `deleted_at` int(10) DEFAULT NULL COMMENT 'laravel框架默认的删除时间（软删除）',
  `status` char(100) DEFAULT NULL COMMENT '工艺状态 1-待接单 2-确认开工（未领取材料） 3-已领取材料 4-确认完工',
  PRIMARY KEY (`id`)
) ENGINE=MyISAM AUTO_INCREMENT=157 DEFAULT CHARSET=utf8 COMMENT='订单工艺表-存放每个工艺的具体数据';

/*Data for the table `ygt_order_process_pre` */

insert  into `ygt_order_process_pre`(`id`,`order_id`,`process_type`,`printing_style`,`printing_materials`,`thickness`,`printing_film_width`,`color_number_front`,`color_number_back`,`white_plate_requirement`,`ink_requirement`,`printing_machine`,`printing_number`,`polishing_requirement`,`compound_style`,`compound_type`,`three_complex_material`,`film_thickness`,`film_number`,`film_width_positive`,`film_width_back`,`is_cut_edge`,`edge_extraction_method`,`bag_cutting_mode`,`punching_requirement`,`portable_style`,`back_cover_stype`,`edge_beating_requirement`,`notch_requirement`,`is_edgetrimming`,`intima_specification`,`intima_quality`,`intima_weighting`,`bagging_requirement`,`remark`,`created_at`,`updated_at`,`deleted_at`,`status`) values (1,1,'6',NULL,NULL,NULL,NULL,NULL,NULL,NULL,NULL,NULL,NULL,NULL,NULL,NULL,NULL,NULL,NULL,NULL,NULL,NULL,NULL,NULL,NULL,NULL,NULL,NULL,NULL,NULL,NULL,NULL,NULL,NULL,NULL,1509865101,1509878869,1509878869,NULL),(2,31,'1',NULL,NULL,NULL,NULL,NULL,NULL,NULL,NULL,NULL,NULL,NULL,NULL,NULL,NULL,NULL,NULL,NULL,NULL,NULL,NULL,NULL,NULL,NULL,NULL,NULL,NULL,'0',',',NULL,NULL,NULL,NULL,1509865137,1509865137,NULL,NULL),(3,32,'1',NULL,NULL,NULL,NULL,NULL,NULL,NULL,NULL,NULL,NULL,NULL,NULL,NULL,NULL,NULL,NULL,NULL,NULL,NULL,NULL,NULL,NULL,NULL,NULL,NULL,NULL,'0',',',NULL,NULL,NULL,NULL,1509865218,1509865218,NULL,NULL),(4,43,'1',NULL,NULL,NULL,NULL,NULL,NULL,NULL,NULL,NULL,NULL,NULL,NULL,NULL,NULL,NULL,NULL,NULL,NULL,NULL,NULL,NULL,NULL,NULL,NULL,NULL,NULL,'0',',',NULL,NULL,NULL,NULL,1509867155,1509867155,NULL,NULL),(5,43,'6',NULL,NULL,NULL,NULL,NULL,NULL,NULL,NULL,NULL,NULL,NULL,NULL,NULL,NULL,NULL,NULL,NULL,NULL,NULL,NULL,NULL,NULL,NULL,NULL,NULL,NULL,NULL,',',NULL,NULL,NULL,NULL,1509867158,1509867158,NULL,NULL),(6,43,'3',NULL,NULL,NULL,NULL,NULL,NULL,NULL,NULL,NULL,NULL,NULL,NULL,NULL,NULL,NULL,NULL,NULL,NULL,NULL,NULL,NULL,NULL,NULL,NULL,NULL,NULL,'0',NULL,NULL,NULL,NULL,NULL,1509867161,1509867161,NULL,NULL),(7,44,'1',NULL,NULL,NULL,NULL,NULL,NULL,NULL,NULL,NULL,NULL,NULL,NULL,NULL,NULL,NULL,NULL,NULL,NULL,NULL,NULL,NULL,NULL,NULL,NULL,NULL,NULL,'0',',',NULL,NULL,NULL,NULL,1509867227,1509867227,NULL,NULL),(8,44,'6',NULL,NULL,NULL,NULL,NULL,NULL,NULL,NULL,NULL,NULL,NULL,NULL,NULL,NULL,NULL,NULL,NULL,NULL,NULL,NULL,NULL,NULL,NULL,NULL,NULL,NULL,NULL,',',NULL,NULL,NULL,NULL,1509867229,1509867229,NULL,NULL),(9,44,'3',NULL,NULL,NULL,NULL,NULL,NULL,NULL,NULL,NULL,NULL,NULL,NULL,NULL,NULL,NULL,NULL,NULL,NULL,NULL,NULL,NULL,NULL,NULL,NULL,NULL,NULL,'0',NULL,NULL,NULL,NULL,NULL,1509867233,1509867233,NULL,NULL),(10,44,'7',NULL,NULL,NULL,NULL,NULL,NULL,NULL,NULL,NULL,NULL,NULL,NULL,NULL,NULL,NULL,NULL,NULL,NULL,NULL,NULL,NULL,NULL,NULL,NULL,NULL,NULL,NULL,',',NULL,NULL,NULL,NULL,1509867310,1509867310,NULL,NULL),(11,45,'1',NULL,NULL,NULL,NULL,NULL,NULL,NULL,NULL,NULL,NULL,NULL,NULL,NULL,NULL,NULL,NULL,NULL,NULL,NULL,NULL,NULL,NULL,NULL,NULL,NULL,NULL,'0',',',NULL,NULL,NULL,NULL,1509867335,1509867335,NULL,NULL),(12,45,'6',NULL,NULL,NULL,NULL,NULL,NULL,NULL,NULL,NULL,NULL,NULL,NULL,NULL,NULL,NULL,NULL,NULL,NULL,NULL,NULL,NULL,NULL,NULL,NULL,NULL,NULL,NULL,',',NULL,NULL,NULL,NULL,1509867337,1509867337,NULL,NULL),(13,45,'3',NULL,NULL,NULL,NULL,NULL,NULL,NULL,NULL,NULL,NULL,NULL,NULL,NULL,NULL,NULL,NULL,NULL,NULL,NULL,NULL,NULL,NULL,NULL,NULL,NULL,NULL,'0',NULL,NULL,NULL,NULL,NULL,1509867339,1509867339,NULL,NULL),(14,45,'7',NULL,NULL,NULL,NULL,NULL,NULL,NULL,NULL,NULL,NULL,NULL,NULL,NULL,NULL,NULL,NULL,NULL,NULL,NULL,NULL,NULL,NULL,NULL,NULL,NULL,NULL,NULL,',',NULL,NULL,NULL,NULL,1509867341,1509867341,NULL,NULL),(15,52,'1',NULL,NULL,NULL,NULL,NULL,NULL,NULL,NULL,NULL,NULL,NULL,NULL,NULL,NULL,NULL,NULL,NULL,NULL,NULL,NULL,NULL,NULL,NULL,NULL,NULL,NULL,'0',',',NULL,NULL,NULL,NULL,1509867510,1509867510,NULL,NULL),(16,52,'6',NULL,NULL,NULL,NULL,NULL,NULL,NULL,NULL,NULL,NULL,NULL,NULL,NULL,NULL,NULL,NULL,NULL,NULL,NULL,NULL,NULL,NULL,NULL,NULL,NULL,NULL,NULL,',',NULL,NULL,NULL,NULL,1509867512,1509867512,NULL,NULL),(17,52,'3',NULL,NULL,NULL,NULL,NULL,NULL,NULL,NULL,NULL,NULL,NULL,NULL,NULL,NULL,NULL,NULL,NULL,NULL,NULL,NULL,NULL,NULL,NULL,NULL,NULL,NULL,'0',NULL,NULL,NULL,NULL,NULL,1509867514,1509867514,NULL,NULL),(18,52,'7',NULL,NULL,NULL,NULL,NULL,NULL,NULL,NULL,NULL,NULL,NULL,NULL,NULL,NULL,NULL,NULL,NULL,NULL,NULL,NULL,NULL,NULL,NULL,NULL,NULL,NULL,NULL,',',NULL,NULL,NULL,NULL,1509867520,1509867520,NULL,NULL),(19,53,'1',NULL,NULL,NULL,NULL,NULL,NULL,NULL,NULL,NULL,NULL,NULL,NULL,NULL,NULL,NULL,NULL,NULL,NULL,NULL,NULL,NULL,NULL,NULL,NULL,NULL,NULL,'0',',',NULL,NULL,NULL,NULL,1509867574,1509867574,NULL,NULL),(20,53,'6',NULL,NULL,NULL,NULL,NULL,NULL,NULL,NULL,NULL,NULL,NULL,NULL,NULL,NULL,NULL,NULL,NULL,NULL,NULL,NULL,NULL,NULL,NULL,NULL,NULL,NULL,NULL,',',NULL,NULL,NULL,NULL,1509867576,1509867576,NULL,NULL),(21,53,'3',NULL,NULL,NULL,NULL,NULL,NULL,NULL,NULL,NULL,NULL,NULL,NULL,NULL,NULL,NULL,NULL,NULL,NULL,NULL,NULL,NULL,NULL,NULL,NULL,NULL,NULL,'0',NULL,NULL,NULL,NULL,NULL,1509867577,1509867577,NULL,NULL),(22,53,'7',NULL,NULL,NULL,NULL,NULL,NULL,NULL,NULL,NULL,NULL,NULL,NULL,NULL,NULL,NULL,NULL,NULL,NULL,NULL,NULL,NULL,NULL,NULL,NULL,NULL,NULL,NULL,',',NULL,NULL,NULL,NULL,1509867579,1509867579,NULL,NULL),(23,54,'1',NULL,NULL,NULL,NULL,NULL,NULL,NULL,NULL,NULL,NULL,NULL,NULL,NULL,NULL,NULL,NULL,NULL,NULL,NULL,NULL,NULL,NULL,NULL,NULL,NULL,NULL,'0',',',NULL,NULL,NULL,NULL,1509867613,1509868384,1509868384,NULL),(24,54,'6',NULL,NULL,NULL,NULL,NULL,NULL,NULL,NULL,NULL,NULL,NULL,NULL,NULL,NULL,NULL,NULL,NULL,NULL,NULL,NULL,NULL,NULL,NULL,NULL,NULL,NULL,NULL,',',NULL,NULL,NULL,NULL,1509867615,1509868384,1509868384,NULL),(25,54,'3',NULL,NULL,NULL,NULL,NULL,NULL,NULL,NULL,NULL,NULL,NULL,NULL,NULL,NULL,NULL,NULL,NULL,NULL,NULL,NULL,NULL,NULL,NULL,NULL,NULL,NULL,'0',NULL,NULL,NULL,NULL,NULL,1509867622,1509868384,1509868384,NULL),(26,54,'7',NULL,NULL,NULL,NULL,NULL,NULL,NULL,NULL,NULL,NULL,NULL,NULL,NULL,NULL,NULL,NULL,NULL,NULL,NULL,NULL,NULL,NULL,NULL,NULL,NULL,NULL,NULL,NULL,NULL,NULL,NULL,NULL,1509867628,1509868384,1509868384,NULL),(27,54,'7',NULL,NULL,NULL,NULL,NULL,NULL,NULL,NULL,NULL,NULL,NULL,NULL,NULL,NULL,NULL,NULL,NULL,NULL,NULL,NULL,NULL,NULL,NULL,NULL,NULL,NULL,NULL,',',NULL,NULL,NULL,NULL,1509868412,1509868412,NULL,NULL),(28,56,'1',NULL,NULL,NULL,NULL,NULL,NULL,NULL,NULL,NULL,NULL,NULL,NULL,NULL,NULL,NULL,NULL,NULL,NULL,NULL,NULL,NULL,NULL,NULL,NULL,NULL,NULL,'0',',',NULL,NULL,NULL,NULL,1509868424,1509868429,1509868429,NULL),(29,56,'6',NULL,NULL,NULL,NULL,NULL,NULL,NULL,NULL,NULL,NULL,NULL,NULL,NULL,NULL,NULL,NULL,NULL,NULL,NULL,NULL,NULL,NULL,NULL,NULL,NULL,NULL,NULL,',',NULL,NULL,NULL,NULL,1509868425,1509868429,1509868429,NULL),(30,56,'3',NULL,NULL,NULL,NULL,NULL,NULL,NULL,NULL,NULL,NULL,NULL,NULL,NULL,NULL,NULL,NULL,NULL,NULL,NULL,NULL,NULL,NULL,NULL,NULL,NULL,NULL,'0',NULL,NULL,NULL,NULL,NULL,1509868427,1509868429,1509868429,NULL),(31,56,'7',NULL,NULL,NULL,NULL,NULL,NULL,NULL,NULL,NULL,NULL,NULL,NULL,NULL,NULL,NULL,NULL,NULL,NULL,NULL,NULL,NULL,NULL,NULL,NULL,NULL,NULL,NULL,',',NULL,NULL,NULL,NULL,1509868429,1509868429,1509868429,NULL),(32,57,'1',NULL,NULL,NULL,NULL,NULL,NULL,NULL,NULL,NULL,NULL,NULL,NULL,NULL,NULL,NULL,NULL,NULL,NULL,NULL,NULL,NULL,NULL,NULL,NULL,NULL,NULL,'0',',',NULL,NULL,NULL,NULL,1509868641,1509868645,1509868645,NULL),(33,57,'6',NULL,NULL,NULL,NULL,NULL,NULL,NULL,NULL,NULL,NULL,NULL,NULL,NULL,NULL,NULL,NULL,NULL,NULL,NULL,NULL,NULL,NULL,NULL,NULL,NULL,NULL,NULL,',',NULL,NULL,NULL,NULL,1509868642,1509868645,1509868645,NULL),(34,57,'3',NULL,NULL,NULL,NULL,NULL,NULL,NULL,NULL,NULL,NULL,NULL,NULL,NULL,NULL,NULL,NULL,NULL,NULL,NULL,NULL,NULL,NULL,NULL,NULL,NULL,NULL,'0',NULL,NULL,NULL,NULL,NULL,1509868644,1509868645,1509868645,NULL),(35,57,'7',NULL,NULL,NULL,NULL,NULL,NULL,NULL,NULL,NULL,NULL,NULL,NULL,NULL,NULL,NULL,NULL,NULL,NULL,NULL,NULL,NULL,NULL,NULL,NULL,NULL,NULL,NULL,',',NULL,NULL,NULL,NULL,1509868645,1509868645,1509868645,NULL),(36,67,'1',NULL,NULL,NULL,NULL,NULL,NULL,NULL,NULL,NULL,NULL,NULL,NULL,NULL,NULL,NULL,NULL,NULL,NULL,NULL,NULL,NULL,NULL,NULL,NULL,NULL,NULL,NULL,NULL,NULL,NULL,NULL,NULL,1509877011,1509877011,NULL,NULL),(37,1,'',NULL,NULL,NULL,NULL,NULL,NULL,NULL,NULL,NULL,NULL,NULL,NULL,NULL,NULL,NULL,NULL,NULL,NULL,NULL,NULL,NULL,NULL,NULL,NULL,NULL,NULL,NULL,NULL,NULL,NULL,NULL,NULL,1509878869,1509878869,1509878869,NULL),(38,1,'',NULL,NULL,NULL,NULL,NULL,NULL,NULL,NULL,NULL,NULL,NULL,NULL,NULL,NULL,NULL,NULL,NULL,NULL,NULL,NULL,NULL,NULL,NULL,NULL,NULL,NULL,NULL,NULL,NULL,NULL,NULL,NULL,1509878889,1509878889,NULL,NULL),(39,2,'',NULL,NULL,NULL,NULL,NULL,NULL,NULL,NULL,NULL,NULL,NULL,NULL,NULL,NULL,NULL,NULL,NULL,NULL,NULL,NULL,NULL,NULL,NULL,NULL,NULL,NULL,NULL,NULL,NULL,NULL,NULL,NULL,1509878898,1509878898,1509878898,NULL),(40,21,'',NULL,NULL,NULL,NULL,NULL,NULL,NULL,NULL,NULL,NULL,NULL,NULL,NULL,NULL,NULL,NULL,NULL,NULL,NULL,NULL,NULL,NULL,NULL,NULL,NULL,NULL,NULL,NULL,NULL,NULL,NULL,NULL,1509878948,1509878948,1509878948,NULL),(41,21,'',NULL,NULL,NULL,NULL,NULL,NULL,NULL,NULL,NULL,NULL,NULL,NULL,NULL,NULL,NULL,NULL,NULL,NULL,NULL,NULL,NULL,NULL,NULL,NULL,NULL,NULL,NULL,NULL,NULL,NULL,NULL,NULL,1509879105,1509879105,NULL,NULL),(42,211,'',NULL,NULL,NULL,NULL,NULL,NULL,NULL,NULL,NULL,NULL,NULL,NULL,NULL,NULL,NULL,NULL,NULL,NULL,NULL,NULL,NULL,NULL,NULL,NULL,NULL,NULL,NULL,NULL,NULL,NULL,NULL,NULL,1509879328,1509879328,NULL,NULL),(43,4,'',NULL,NULL,NULL,NULL,NULL,NULL,NULL,NULL,NULL,NULL,NULL,NULL,NULL,NULL,NULL,NULL,NULL,NULL,NULL,NULL,NULL,NULL,NULL,NULL,NULL,NULL,NULL,NULL,NULL,NULL,NULL,NULL,1509879344,1509879344,1509879344,NULL),(44,6,'',NULL,NULL,NULL,NULL,NULL,NULL,NULL,NULL,NULL,NULL,NULL,NULL,NULL,NULL,NULL,NULL,NULL,NULL,NULL,NULL,NULL,NULL,NULL,NULL,NULL,NULL,NULL,NULL,NULL,NULL,NULL,NULL,1509879972,1509879972,1509879972,NULL),(45,72,'',NULL,NULL,NULL,NULL,NULL,NULL,NULL,NULL,NULL,NULL,NULL,NULL,NULL,NULL,NULL,NULL,NULL,NULL,NULL,NULL,NULL,NULL,NULL,NULL,NULL,NULL,NULL,NULL,NULL,NULL,NULL,NULL,1509880130,1509880130,1509880130,NULL),(46,73,'',NULL,NULL,NULL,NULL,NULL,NULL,NULL,NULL,NULL,NULL,NULL,NULL,NULL,NULL,NULL,NULL,NULL,NULL,NULL,NULL,NULL,NULL,NULL,NULL,NULL,NULL,NULL,NULL,NULL,NULL,NULL,NULL,1509880430,1509880430,1509880430,NULL),(47,75,'',NULL,NULL,NULL,NULL,NULL,NULL,NULL,NULL,NULL,NULL,NULL,NULL,NULL,NULL,NULL,NULL,NULL,NULL,NULL,NULL,NULL,NULL,NULL,NULL,NULL,NULL,NULL,NULL,NULL,NULL,NULL,NULL,1509880555,1509880555,1509880555,NULL),(48,79,'1',NULL,NULL,NULL,NULL,NULL,NULL,NULL,NULL,NULL,NULL,NULL,NULL,NULL,NULL,NULL,NULL,NULL,NULL,NULL,NULL,NULL,NULL,NULL,NULL,NULL,NULL,NULL,NULL,NULL,NULL,NULL,NULL,1509880694,1509880704,1509880704,NULL),(49,79,'2',NULL,NULL,NULL,NULL,NULL,NULL,NULL,NULL,NULL,NULL,NULL,NULL,NULL,NULL,NULL,',',NULL,NULL,'0',NULL,NULL,NULL,NULL,NULL,NULL,NULL,NULL,NULL,NULL,NULL,NULL,NULL,1509880700,1509880704,1509880704,NULL),(50,79,'3',NULL,NULL,NULL,NULL,NULL,NULL,NULL,NULL,NULL,NULL,NULL,NULL,NULL,NULL,NULL,NULL,NULL,NULL,NULL,NULL,NULL,NULL,NULL,NULL,NULL,NULL,'0',NULL,NULL,NULL,NULL,NULL,1509880704,1509880704,1509880704,NULL),(51,73,'',NULL,NULL,NULL,NULL,NULL,NULL,NULL,NULL,NULL,NULL,NULL,NULL,NULL,NULL,NULL,NULL,NULL,NULL,NULL,NULL,NULL,NULL,NULL,NULL,NULL,NULL,NULL,NULL,NULL,NULL,NULL,NULL,1509880855,1509880855,NULL,NULL),(52,74,'',NULL,NULL,NULL,NULL,NULL,NULL,NULL,NULL,NULL,NULL,NULL,NULL,NULL,NULL,NULL,NULL,NULL,NULL,NULL,NULL,NULL,NULL,NULL,NULL,NULL,NULL,NULL,NULL,NULL,NULL,NULL,NULL,1509880862,1509880862,1509880862,NULL),(53,82,'1',NULL,NULL,NULL,NULL,NULL,NULL,NULL,NULL,NULL,NULL,NULL,NULL,NULL,NULL,NULL,NULL,NULL,NULL,NULL,NULL,NULL,NULL,NULL,NULL,NULL,NULL,NULL,NULL,NULL,NULL,NULL,NULL,1509880991,1509881007,1509881007,NULL),(54,82,'2',NULL,NULL,NULL,NULL,NULL,NULL,NULL,NULL,NULL,NULL,NULL,NULL,NULL,NULL,NULL,',',NULL,NULL,'0',NULL,NULL,NULL,NULL,NULL,NULL,NULL,NULL,NULL,NULL,NULL,NULL,NULL,1509880999,1509881007,1509881007,NULL),(55,82,'3',NULL,NULL,NULL,NULL,NULL,NULL,NULL,NULL,NULL,NULL,NULL,NULL,NULL,NULL,NULL,NULL,NULL,NULL,NULL,NULL,NULL,NULL,NULL,NULL,NULL,NULL,'0',NULL,NULL,NULL,NULL,NULL,1509881007,1509881007,1509881007,NULL),(56,85,'1',NULL,NULL,NULL,NULL,NULL,NULL,NULL,NULL,NULL,NULL,NULL,NULL,NULL,NULL,NULL,NULL,NULL,NULL,NULL,NULL,NULL,NULL,NULL,NULL,NULL,NULL,NULL,NULL,NULL,NULL,NULL,NULL,1509881063,1509881066,1509881066,NULL),(57,85,'2',NULL,NULL,NULL,NULL,NULL,NULL,NULL,NULL,NULL,NULL,NULL,NULL,NULL,NULL,NULL,',',NULL,NULL,'0',NULL,NULL,NULL,NULL,NULL,NULL,NULL,NULL,NULL,NULL,NULL,NULL,NULL,1509881064,1509881066,1509881066,NULL),(58,85,'3',NULL,NULL,NULL,NULL,NULL,NULL,NULL,NULL,NULL,NULL,NULL,NULL,NULL,NULL,NULL,NULL,NULL,NULL,NULL,NULL,NULL,NULL,NULL,NULL,NULL,NULL,'0',NULL,NULL,NULL,NULL,NULL,1509881066,1509881066,1509881066,NULL),(59,84,'',NULL,NULL,NULL,NULL,NULL,NULL,NULL,NULL,NULL,NULL,NULL,NULL,NULL,NULL,NULL,NULL,NULL,NULL,NULL,NULL,NULL,NULL,NULL,NULL,NULL,NULL,NULL,NULL,NULL,NULL,NULL,NULL,1509881151,1509881151,1509881151,NULL),(60,86,'1',NULL,NULL,NULL,NULL,NULL,NULL,NULL,NULL,NULL,NULL,NULL,NULL,NULL,NULL,NULL,NULL,NULL,NULL,NULL,NULL,NULL,NULL,NULL,NULL,NULL,NULL,NULL,NULL,NULL,NULL,NULL,NULL,1509881159,1509881162,1509881162,NULL),(61,86,'2',NULL,NULL,NULL,NULL,NULL,NULL,NULL,NULL,NULL,NULL,NULL,NULL,NULL,NULL,NULL,',',NULL,NULL,'0',NULL,NULL,NULL,NULL,NULL,NULL,NULL,NULL,NULL,NULL,NULL,NULL,NULL,1509881161,1509881162,1509881162,NULL),(62,86,'3',NULL,NULL,NULL,NULL,NULL,NULL,NULL,NULL,NULL,NULL,NULL,NULL,NULL,NULL,NULL,NULL,NULL,NULL,NULL,NULL,NULL,NULL,NULL,NULL,NULL,NULL,'0',NULL,NULL,NULL,NULL,NULL,1509881162,1509881162,1509881162,NULL),(63,87,'1',NULL,NULL,NULL,NULL,NULL,NULL,NULL,NULL,NULL,NULL,NULL,NULL,NULL,NULL,NULL,NULL,NULL,NULL,NULL,NULL,NULL,NULL,NULL,NULL,NULL,NULL,NULL,NULL,NULL,NULL,NULL,NULL,1509881204,1509881213,1509881213,NULL),(64,87,'2',NULL,NULL,NULL,NULL,NULL,NULL,NULL,NULL,NULL,NULL,NULL,NULL,NULL,NULL,NULL,',',NULL,NULL,'0',NULL,NULL,NULL,NULL,NULL,NULL,NULL,NULL,NULL,NULL,NULL,NULL,NULL,1509881207,1509881213,1509881213,NULL),(65,87,'3',NULL,NULL,NULL,NULL,NULL,NULL,NULL,NULL,NULL,NULL,NULL,NULL,NULL,NULL,NULL,NULL,NULL,NULL,NULL,NULL,NULL,NULL,NULL,NULL,NULL,NULL,'0',NULL,NULL,NULL,NULL,NULL,1509881213,1509881213,1509881213,NULL),(66,88,'1',NULL,NULL,NULL,NULL,NULL,NULL,NULL,NULL,NULL,NULL,NULL,NULL,NULL,NULL,NULL,NULL,NULL,NULL,NULL,NULL,NULL,NULL,NULL,NULL,NULL,NULL,NULL,NULL,NULL,NULL,NULL,NULL,1509881297,1509881300,1509881300,NULL),(67,88,'2',NULL,NULL,NULL,NULL,NULL,NULL,NULL,NULL,NULL,NULL,NULL,NULL,NULL,NULL,NULL,',',NULL,NULL,'0',NULL,NULL,NULL,NULL,NULL,NULL,NULL,NULL,NULL,NULL,NULL,NULL,NULL,1509881298,1509881298,NULL,NULL),(68,88,'3',NULL,NULL,NULL,NULL,NULL,NULL,NULL,NULL,NULL,NULL,NULL,NULL,NULL,NULL,NULL,NULL,NULL,NULL,NULL,NULL,NULL,NULL,NULL,NULL,NULL,NULL,'0',NULL,NULL,NULL,NULL,NULL,1509881300,1509881300,NULL,NULL),(69,89,'1',NULL,NULL,NULL,NULL,NULL,NULL,NULL,NULL,NULL,NULL,NULL,NULL,NULL,NULL,NULL,NULL,NULL,NULL,NULL,NULL,NULL,NULL,NULL,NULL,NULL,NULL,NULL,NULL,NULL,NULL,NULL,NULL,1509881314,1509881318,1509881318,NULL),(70,89,'2',NULL,NULL,NULL,NULL,NULL,NULL,NULL,NULL,NULL,NULL,NULL,NULL,NULL,NULL,NULL,',',NULL,NULL,'0',NULL,NULL,NULL,NULL,NULL,NULL,NULL,NULL,NULL,NULL,NULL,NULL,NULL,1509881316,1509881316,NULL,NULL),(71,89,'3',NULL,NULL,NULL,NULL,NULL,NULL,NULL,NULL,NULL,NULL,NULL,NULL,NULL,NULL,NULL,NULL,NULL,NULL,NULL,NULL,NULL,NULL,NULL,NULL,NULL,NULL,'0',NULL,NULL,NULL,NULL,NULL,1509881318,1509881318,NULL,NULL),(72,90,'1',NULL,NULL,NULL,NULL,NULL,NULL,NULL,NULL,NULL,NULL,NULL,NULL,NULL,NULL,NULL,NULL,NULL,NULL,NULL,NULL,NULL,NULL,NULL,NULL,NULL,NULL,NULL,NULL,NULL,NULL,NULL,NULL,1509881418,1509881422,1509881422,NULL),(73,90,'2',NULL,NULL,NULL,NULL,NULL,NULL,NULL,NULL,NULL,NULL,NULL,NULL,NULL,NULL,NULL,',',NULL,NULL,'0',NULL,NULL,NULL,NULL,NULL,NULL,NULL,NULL,NULL,NULL,NULL,NULL,NULL,1509881420,1509881420,NULL,NULL),(74,90,'3',NULL,NULL,NULL,NULL,NULL,NULL,NULL,NULL,NULL,NULL,NULL,NULL,NULL,NULL,NULL,NULL,NULL,NULL,NULL,NULL,NULL,NULL,NULL,NULL,NULL,NULL,'0',NULL,NULL,NULL,NULL,NULL,1509881422,1509881422,NULL,NULL),(75,91,'1',NULL,NULL,NULL,NULL,NULL,NULL,NULL,NULL,NULL,NULL,NULL,NULL,NULL,NULL,NULL,NULL,NULL,NULL,NULL,NULL,NULL,NULL,NULL,NULL,NULL,NULL,NULL,NULL,NULL,NULL,NULL,NULL,1509881509,1509881512,1509881512,NULL),(76,91,'2',NULL,NULL,NULL,NULL,NULL,NULL,NULL,NULL,NULL,NULL,NULL,NULL,NULL,NULL,NULL,',',NULL,NULL,'0',NULL,NULL,NULL,NULL,NULL,NULL,NULL,NULL,NULL,NULL,NULL,NULL,NULL,1509881510,1509881510,NULL,NULL),(77,91,'3',NULL,NULL,NULL,NULL,NULL,NULL,NULL,NULL,NULL,NULL,NULL,NULL,NULL,NULL,NULL,NULL,NULL,NULL,NULL,NULL,NULL,NULL,NULL,NULL,NULL,NULL,'0',NULL,NULL,NULL,NULL,NULL,1509881512,1509881512,NULL,NULL),(78,92,'1',NULL,NULL,NULL,NULL,NULL,NULL,NULL,NULL,NULL,NULL,NULL,NULL,NULL,NULL,NULL,NULL,NULL,NULL,NULL,NULL,NULL,NULL,NULL,NULL,NULL,NULL,NULL,NULL,NULL,NULL,NULL,NULL,1509881593,1509881596,1509881596,NULL),(79,92,'2',NULL,NULL,NULL,NULL,NULL,NULL,NULL,NULL,NULL,NULL,NULL,NULL,NULL,NULL,NULL,',',NULL,NULL,'0',NULL,NULL,NULL,NULL,NULL,NULL,NULL,NULL,NULL,NULL,NULL,NULL,NULL,1509881594,1509881596,1509881596,NULL),(80,8,'1','10','9','8','7','6','5','color_number_back','1','1','1',NULL,NULL,NULL,NULL,NULL,NULL,NULL,NULL,NULL,NULL,NULL,NULL,NULL,NULL,NULL,NULL,NULL,NULL,NULL,NULL,NULL,'11',1509881595,1509881644,NULL,NULL),(81,92,'3',NULL,NULL,NULL,NULL,NULL,NULL,NULL,NULL,NULL,NULL,NULL,NULL,NULL,NULL,NULL,NULL,NULL,NULL,NULL,NULL,NULL,NULL,NULL,NULL,NULL,NULL,'0',NULL,NULL,NULL,NULL,NULL,1509881596,1509881596,1509881596,NULL),(82,93,'1',NULL,NULL,NULL,NULL,NULL,NULL,NULL,NULL,NULL,NULL,NULL,NULL,NULL,NULL,NULL,NULL,NULL,NULL,NULL,NULL,NULL,NULL,NULL,NULL,NULL,NULL,NULL,NULL,NULL,NULL,NULL,NULL,1509881645,1509881654,1509881654,NULL),(83,93,'2',NULL,NULL,NULL,NULL,NULL,NULL,NULL,NULL,NULL,NULL,NULL,NULL,NULL,NULL,NULL,',',NULL,NULL,'0',NULL,NULL,NULL,NULL,NULL,NULL,NULL,NULL,NULL,NULL,NULL,NULL,NULL,1509881647,1509881654,1509881654,NULL),(84,93,'3',NULL,NULL,NULL,NULL,NULL,NULL,NULL,NULL,NULL,NULL,NULL,NULL,NULL,NULL,NULL,NULL,NULL,NULL,NULL,NULL,NULL,NULL,NULL,NULL,NULL,NULL,'0',NULL,NULL,NULL,NULL,NULL,1509881654,1509881654,1509881654,NULL),(85,10,'1','10','9','8','7','6','5','color_number_back','1','1','1',NULL,NULL,NULL,NULL,NULL,NULL,NULL,NULL,NULL,NULL,NULL,NULL,NULL,NULL,NULL,NULL,NULL,NULL,NULL,NULL,NULL,'11',1509881655,1509881655,NULL,NULL),(86,96,'1','1','10','1','2','3','4','4','7','1','2',NULL,NULL,NULL,NULL,NULL,NULL,NULL,NULL,NULL,NULL,NULL,NULL,NULL,NULL,NULL,NULL,NULL,NULL,NULL,NULL,NULL,'3',1509881973,1509881973,NULL,NULL),(87,97,'1',NULL,NULL,NULL,NULL,NULL,NULL,NULL,NULL,NULL,NULL,NULL,NULL,NULL,NULL,NULL,NULL,NULL,NULL,NULL,NULL,NULL,NULL,NULL,NULL,NULL,NULL,NULL,NULL,NULL,NULL,NULL,NULL,1509882169,1509882174,1509882174,NULL),(88,97,'2',NULL,NULL,NULL,NULL,NULL,NULL,NULL,NULL,NULL,NULL,NULL,NULL,NULL,NULL,NULL,',',NULL,NULL,'0',NULL,NULL,NULL,NULL,NULL,NULL,NULL,NULL,NULL,NULL,NULL,NULL,NULL,1509882171,1509882174,1509882174,NULL),(89,97,'3',NULL,NULL,NULL,NULL,NULL,NULL,NULL,NULL,NULL,NULL,NULL,NULL,NULL,NULL,NULL,NULL,NULL,NULL,NULL,NULL,NULL,NULL,NULL,NULL,NULL,NULL,'0',NULL,NULL,NULL,NULL,NULL,1509882174,1509882174,1509882174,NULL),(90,98,'1','2','10','11','22','33','44','5','9','66','77',NULL,NULL,NULL,NULL,NULL,NULL,NULL,NULL,NULL,NULL,NULL,NULL,NULL,NULL,NULL,NULL,NULL,NULL,NULL,NULL,NULL,'88',1509882251,1509882457,NULL,NULL),(91,99,'1',NULL,NULL,NULL,NULL,NULL,NULL,NULL,NULL,NULL,NULL,NULL,NULL,NULL,NULL,NULL,NULL,NULL,NULL,NULL,NULL,NULL,NULL,NULL,NULL,NULL,NULL,NULL,NULL,NULL,NULL,NULL,NULL,1509882394,1509882431,1509882431,NULL),(92,99,'2',NULL,NULL,NULL,NULL,NULL,NULL,NULL,NULL,NULL,NULL,NULL,NULL,NULL,NULL,NULL,',',NULL,NULL,'0',NULL,NULL,NULL,NULL,NULL,NULL,NULL,NULL,NULL,NULL,NULL,NULL,NULL,1509882429,1509882431,1509882431,NULL),(93,99,'3',NULL,NULL,NULL,NULL,NULL,NULL,NULL,NULL,NULL,NULL,NULL,NULL,NULL,NULL,NULL,NULL,NULL,NULL,NULL,NULL,NULL,NULL,NULL,NULL,NULL,NULL,'0',NULL,NULL,NULL,NULL,NULL,1509882431,1509882431,1509882431,NULL),(94,101,'1',NULL,NULL,NULL,NULL,NULL,NULL,NULL,NULL,NULL,NULL,NULL,NULL,NULL,NULL,NULL,NULL,NULL,NULL,NULL,NULL,NULL,NULL,NULL,NULL,NULL,NULL,NULL,NULL,NULL,NULL,NULL,NULL,1509882700,1509882700,NULL,NULL),(95,104,'1',NULL,NULL,NULL,NULL,NULL,NULL,NULL,NULL,NULL,NULL,NULL,NULL,NULL,NULL,NULL,NULL,NULL,NULL,NULL,NULL,NULL,NULL,NULL,NULL,NULL,NULL,NULL,NULL,NULL,NULL,NULL,NULL,1509883359,1509883359,NULL,NULL),(96,104,'2',NULL,NULL,NULL,NULL,NULL,NULL,NULL,NULL,NULL,NULL,NULL,NULL,NULL,NULL,NULL,',',NULL,NULL,'0',NULL,NULL,NULL,NULL,NULL,NULL,NULL,NULL,NULL,NULL,NULL,NULL,NULL,1509883361,1509883361,NULL,NULL),(97,105,'1',NULL,NULL,NULL,NULL,NULL,NULL,NULL,NULL,NULL,NULL,NULL,NULL,NULL,NULL,NULL,NULL,NULL,NULL,NULL,NULL,NULL,NULL,NULL,NULL,NULL,NULL,NULL,NULL,NULL,NULL,NULL,NULL,1509884278,1509884278,NULL,NULL),(98,106,'1',NULL,NULL,NULL,NULL,NULL,NULL,NULL,NULL,NULL,NULL,NULL,NULL,NULL,NULL,NULL,NULL,NULL,NULL,NULL,NULL,NULL,NULL,NULL,NULL,NULL,NULL,NULL,NULL,NULL,NULL,NULL,NULL,1509884702,1509884702,NULL,NULL),(99,120,'2',NULL,NULL,NULL,NULL,NULL,NULL,NULL,NULL,NULL,NULL,NULL,NULL,NULL,NULL,NULL,',',NULL,NULL,'0',NULL,NULL,NULL,NULL,NULL,NULL,NULL,NULL,NULL,NULL,NULL,NULL,NULL,1509886488,1509886511,1509886511,NULL),(100,120,'3',NULL,NULL,NULL,NULL,NULL,NULL,NULL,NULL,NULL,NULL,NULL,NULL,NULL,NULL,NULL,NULL,NULL,NULL,NULL,NULL,NULL,NULL,NULL,NULL,NULL,NULL,'0',NULL,NULL,NULL,NULL,NULL,1509886501,1509886511,1509886511,NULL),(101,120,'1',NULL,NULL,NULL,NULL,NULL,NULL,NULL,NULL,NULL,NULL,NULL,NULL,NULL,NULL,NULL,NULL,NULL,NULL,NULL,NULL,NULL,NULL,NULL,NULL,NULL,NULL,NULL,NULL,NULL,NULL,NULL,NULL,1509886511,1509886511,1509886511,NULL),(102,121,'2',NULL,NULL,NULL,NULL,NULL,NULL,NULL,NULL,NULL,NULL,NULL,NULL,NULL,NULL,NULL,NULL,NULL,NULL,'1',NULL,NULL,NULL,NULL,NULL,NULL,NULL,NULL,NULL,NULL,NULL,NULL,NULL,1509886622,1509886622,NULL,NULL),(103,122,'2',NULL,NULL,NULL,NULL,NULL,NULL,NULL,NULL,NULL,NULL,NULL,NULL,NULL,NULL,NULL,NULL,NULL,NULL,'1',NULL,NULL,NULL,NULL,NULL,NULL,NULL,NULL,NULL,NULL,NULL,NULL,NULL,1509886680,1509886680,NULL,NULL),(104,122,'3',NULL,NULL,NULL,NULL,NULL,NULL,NULL,NULL,NULL,NULL,NULL,NULL,NULL,NULL,NULL,NULL,NULL,NULL,NULL,NULL,NULL,NULL,NULL,NULL,NULL,NULL,'1',NULL,NULL,NULL,NULL,NULL,1509886686,1509886686,NULL,NULL),(105,123,'2',NULL,NULL,NULL,NULL,NULL,NULL,NULL,NULL,NULL,NULL,NULL,NULL,NULL,NULL,NULL,',',NULL,NULL,'0',NULL,NULL,NULL,NULL,NULL,NULL,NULL,NULL,NULL,NULL,NULL,NULL,NULL,1509886974,1509886980,1509886980,NULL),(106,123,'3',NULL,NULL,NULL,NULL,NULL,NULL,NULL,NULL,NULL,NULL,NULL,NULL,NULL,NULL,NULL,NULL,NULL,NULL,NULL,NULL,NULL,NULL,NULL,NULL,NULL,NULL,'0',NULL,NULL,NULL,NULL,NULL,1509886978,1509886980,1509886980,NULL),(107,123,'1',NULL,NULL,NULL,NULL,NULL,NULL,NULL,NULL,NULL,NULL,NULL,NULL,NULL,NULL,NULL,NULL,NULL,NULL,NULL,NULL,NULL,NULL,NULL,NULL,NULL,NULL,NULL,NULL,NULL,NULL,NULL,NULL,1509886980,1509886980,1509886980,NULL),(108,126,'2',NULL,NULL,NULL,NULL,NULL,NULL,NULL,NULL,NULL,NULL,'10','14','18','20','24','15,5','11','44','1',NULL,NULL,NULL,NULL,NULL,NULL,NULL,NULL,NULL,NULL,NULL,NULL,'125',1509887264,1509887341,1509887341,NULL),(109,126,'3',NULL,NULL,NULL,NULL,NULL,NULL,NULL,NULL,NULL,NULL,NULL,NULL,NULL,NULL,NULL,NULL,NULL,NULL,NULL,'25','29','32','36','37','40','45','1','14','死','741','47','477',1509887294,1509887341,1509887341,NULL),(110,126,'1','3',NULL,'1','17','444','47','5','9','777','44',NULL,NULL,NULL,NULL,NULL,NULL,NULL,NULL,NULL,NULL,NULL,NULL,NULL,NULL,NULL,NULL,NULL,NULL,NULL,NULL,NULL,'444',1509887341,1509887341,1509887341,NULL),(111,137,'2',NULL,NULL,NULL,NULL,NULL,NULL,NULL,NULL,NULL,NULL,'12','14','18','19','23','40,5','10','10','1',NULL,NULL,NULL,NULL,NULL,NULL,NULL,NULL,NULL,NULL,NULL,NULL,'备注信息',1509889942,1509890017,1509890017,NULL),(112,138,'2',NULL,NULL,NULL,NULL,NULL,NULL,NULL,NULL,NULL,NULL,NULL,NULL,NULL,NULL,NULL,NULL,NULL,NULL,'1',NULL,NULL,NULL,NULL,NULL,NULL,NULL,NULL,NULL,NULL,NULL,NULL,NULL,1509889966,1509889966,NULL,NULL),(113,138,'3',NULL,NULL,NULL,NULL,NULL,NULL,NULL,NULL,NULL,NULL,NULL,NULL,NULL,NULL,NULL,NULL,NULL,NULL,NULL,NULL,NULL,NULL,NULL,NULL,NULL,NULL,'1',NULL,NULL,NULL,NULL,NULL,1509889969,1509889969,NULL,NULL),(114,137,'3',NULL,NULL,NULL,NULL,NULL,NULL,NULL,NULL,NULL,NULL,NULL,NULL,NULL,NULL,NULL,NULL,NULL,NULL,NULL,'25','29','32','36','38','42','44','1','10','40','1','47','北校区因为',1509889975,1509890017,1509890017,NULL),(115,137,'1','1',NULL,'10','111','111','123','4','8','10','100',NULL,NULL,NULL,NULL,NULL,NULL,NULL,NULL,NULL,NULL,NULL,NULL,NULL,NULL,NULL,NULL,NULL,NULL,NULL,NULL,NULL,'321',1509890017,1509890017,1509890017,NULL),(116,141,'2',NULL,NULL,NULL,NULL,NULL,NULL,NULL,NULL,NULL,NULL,NULL,NULL,NULL,NULL,NULL,'11,5',NULL,NULL,'1',NULL,NULL,NULL,NULL,NULL,NULL,NULL,NULL,NULL,NULL,NULL,NULL,NULL,1509890767,1509890782,1509890782,NULL),(117,141,'3',NULL,NULL,NULL,NULL,NULL,NULL,NULL,NULL,NULL,NULL,NULL,NULL,NULL,NULL,NULL,NULL,NULL,NULL,NULL,NULL,NULL,NULL,NULL,NULL,NULL,NULL,'1',NULL,NULL,NULL,NULL,NULL,1509890779,1509890782,1509890782,NULL),(118,141,'1',NULL,NULL,NULL,NULL,NULL,NULL,NULL,NULL,NULL,NULL,NULL,NULL,NULL,NULL,NULL,NULL,NULL,NULL,NULL,NULL,NULL,NULL,NULL,NULL,NULL,NULL,NULL,NULL,NULL,NULL,NULL,NULL,1509890782,1509890782,1509890782,NULL),(119,142,'2',NULL,NULL,NULL,NULL,NULL,NULL,NULL,NULL,NULL,NULL,NULL,NULL,NULL,NULL,NULL,NULL,NULL,NULL,'1',NULL,NULL,NULL,NULL,NULL,NULL,NULL,NULL,NULL,NULL,NULL,NULL,NULL,1509934033,1509934033,NULL,NULL),(120,142,'3',NULL,NULL,NULL,NULL,NULL,NULL,NULL,NULL,NULL,NULL,NULL,NULL,NULL,NULL,NULL,NULL,NULL,NULL,NULL,NULL,NULL,NULL,NULL,NULL,NULL,NULL,'1',NULL,NULL,NULL,NULL,NULL,1509934039,1509934039,NULL,NULL),(121,149,'2',NULL,NULL,NULL,NULL,NULL,NULL,NULL,NULL,NULL,NULL,NULL,NULL,NULL,NULL,NULL,',',NULL,NULL,'0',NULL,NULL,NULL,NULL,NULL,NULL,NULL,NULL,NULL,NULL,NULL,NULL,NULL,1509937793,1509938603,1509938603,NULL),(122,147,'2',NULL,NULL,NULL,NULL,NULL,NULL,NULL,NULL,NULL,NULL,'10','15','16','19','22','555,4','555','555','1',NULL,NULL,NULL,NULL,NULL,NULL,NULL,NULL,NULL,NULL,NULL,NULL,'卢丽丽',1509937797,1509937947,1509937947,NULL),(123,149,'3',NULL,NULL,NULL,NULL,NULL,NULL,NULL,NULL,NULL,NULL,NULL,NULL,NULL,NULL,NULL,NULL,NULL,NULL,NULL,NULL,NULL,NULL,NULL,NULL,NULL,NULL,'0',NULL,NULL,NULL,NULL,NULL,1509937805,1509938603,1509938603,NULL),(124,147,'3',NULL,NULL,NULL,NULL,NULL,NULL,NULL,NULL,NULL,NULL,NULL,NULL,NULL,NULL,NULL,NULL,NULL,NULL,NULL,'25','29','33','34','37','42','45','1','啦咯啦咯啦咯啦','啦咯啦咯啦咯啦','三生三世','48','太可怜了',1509937859,1509937947,1509937947,NULL),(125,147,'1','1',NULL,'具体','江陵路','kk','555','6','9','555','555555',NULL,NULL,NULL,NULL,NULL,NULL,NULL,NULL,NULL,NULL,NULL,NULL,NULL,NULL,NULL,NULL,NULL,NULL,NULL,NULL,NULL,'江陵路',1509937947,1509937947,1509937947,NULL),(126,154,'2',NULL,NULL,NULL,NULL,NULL,NULL,NULL,NULL,NULL,NULL,NULL,NULL,NULL,NULL,NULL,NULL,NULL,NULL,'1',NULL,NULL,NULL,NULL,NULL,NULL,NULL,NULL,NULL,NULL,NULL,NULL,NULL,1509937962,1509937962,NULL,NULL),(127,154,'3',NULL,NULL,NULL,NULL,NULL,NULL,NULL,NULL,NULL,NULL,NULL,NULL,NULL,NULL,NULL,NULL,NULL,NULL,NULL,NULL,NULL,NULL,NULL,NULL,NULL,NULL,'1',NULL,NULL,NULL,NULL,NULL,1509937969,1509937969,NULL,NULL),(128,149,'1',NULL,NULL,NULL,NULL,NULL,NULL,NULL,NULL,NULL,NULL,NULL,NULL,NULL,NULL,NULL,NULL,NULL,NULL,NULL,NULL,NULL,NULL,NULL,NULL,NULL,NULL,NULL,NULL,NULL,NULL,NULL,NULL,1509938603,1509938603,1509938603,NULL),(129,158,'2',NULL,NULL,NULL,NULL,NULL,NULL,NULL,NULL,NULL,NULL,NULL,NULL,NULL,NULL,NULL,',',NULL,NULL,'0',NULL,NULL,NULL,NULL,NULL,NULL,NULL,NULL,NULL,NULL,NULL,NULL,NULL,1509946325,1509946325,NULL,NULL),(130,158,'3',NULL,NULL,NULL,NULL,NULL,NULL,NULL,NULL,NULL,NULL,NULL,NULL,NULL,NULL,NULL,NULL,NULL,NULL,NULL,NULL,NULL,NULL,NULL,NULL,NULL,NULL,'0',NULL,NULL,NULL,NULL,NULL,1509946371,1509946371,NULL,NULL),(131,159,'2',NULL,NULL,NULL,NULL,NULL,NULL,NULL,NULL,NULL,NULL,NULL,NULL,NULL,NULL,NULL,NULL,NULL,NULL,'1',NULL,NULL,NULL,NULL,NULL,NULL,NULL,NULL,NULL,NULL,NULL,NULL,NULL,1509946894,1509946894,NULL,NULL),(132,160,'2',NULL,NULL,NULL,NULL,NULL,NULL,NULL,NULL,NULL,NULL,NULL,NULL,NULL,NULL,NULL,NULL,NULL,NULL,'1',NULL,NULL,NULL,NULL,NULL,NULL,NULL,NULL,NULL,NULL,NULL,NULL,NULL,1509946949,1509946949,NULL,NULL),(133,160,'3',NULL,NULL,NULL,NULL,NULL,NULL,NULL,NULL,NULL,NULL,NULL,NULL,NULL,NULL,NULL,NULL,NULL,NULL,NULL,NULL,NULL,NULL,NULL,NULL,NULL,NULL,'1',NULL,NULL,NULL,NULL,NULL,1509946964,1509946964,NULL,NULL),(134,161,'2',NULL,NULL,NULL,NULL,NULL,NULL,NULL,NULL,NULL,NULL,NULL,NULL,NULL,NULL,NULL,NULL,NULL,NULL,'1',NULL,NULL,NULL,NULL,NULL,NULL,NULL,NULL,NULL,NULL,NULL,NULL,NULL,1509946993,1509946993,NULL,NULL),(135,161,'3',NULL,NULL,NULL,NULL,NULL,NULL,NULL,NULL,NULL,NULL,NULL,NULL,NULL,NULL,NULL,NULL,NULL,NULL,NULL,NULL,NULL,NULL,NULL,NULL,NULL,NULL,'1',NULL,NULL,NULL,NULL,NULL,1509947012,1509947012,NULL,NULL),(136,162,'2',NULL,NULL,NULL,NULL,NULL,NULL,NULL,NULL,NULL,NULL,NULL,NULL,NULL,NULL,NULL,NULL,NULL,NULL,'1',NULL,NULL,NULL,NULL,NULL,NULL,NULL,NULL,NULL,NULL,NULL,NULL,NULL,1509947223,1509947223,NULL,NULL),(137,162,'3',NULL,NULL,NULL,NULL,NULL,NULL,NULL,NULL,NULL,NULL,NULL,NULL,NULL,NULL,NULL,NULL,NULL,NULL,NULL,NULL,NULL,NULL,NULL,NULL,NULL,NULL,'1',NULL,NULL,NULL,NULL,NULL,1509947227,1509947227,NULL,NULL),(138,165,'2',NULL,NULL,NULL,NULL,NULL,NULL,NULL,NULL,NULL,NULL,'10',NULL,NULL,NULL,NULL,',',NULL,NULL,'0',NULL,NULL,NULL,NULL,NULL,NULL,NULL,NULL,NULL,NULL,NULL,NULL,NULL,1509947536,1509947556,1509947556,NULL),(139,165,'3',NULL,NULL,NULL,NULL,NULL,NULL,NULL,NULL,NULL,NULL,NULL,NULL,NULL,NULL,NULL,NULL,NULL,NULL,NULL,NULL,NULL,NULL,NULL,NULL,NULL,NULL,'0',NULL,NULL,NULL,NULL,NULL,1509947544,1509947557,1509947557,NULL),(140,165,'1',NULL,NULL,NULL,NULL,NULL,NULL,NULL,NULL,NULL,NULL,NULL,NULL,NULL,NULL,NULL,NULL,NULL,NULL,NULL,NULL,NULL,NULL,NULL,NULL,NULL,NULL,NULL,NULL,NULL,NULL,NULL,NULL,1509947556,1509947557,1509947557,NULL),(141,166,'2',NULL,NULL,NULL,NULL,NULL,NULL,NULL,NULL,NULL,NULL,NULL,NULL,NULL,NULL,NULL,',',NULL,NULL,'0',NULL,NULL,NULL,NULL,NULL,NULL,NULL,NULL,NULL,NULL,NULL,NULL,NULL,1509947735,1509947754,1509947754,NULL),(142,166,'3',NULL,NULL,NULL,NULL,NULL,NULL,NULL,NULL,NULL,NULL,NULL,NULL,NULL,NULL,NULL,NULL,NULL,NULL,NULL,NULL,NULL,NULL,NULL,NULL,NULL,NULL,'0',NULL,NULL,NULL,NULL,NULL,1509947737,1509947754,1509947754,NULL),(143,166,'1','2',NULL,NULL,NULL,NULL,NULL,NULL,NULL,NULL,NULL,NULL,NULL,NULL,NULL,NULL,NULL,NULL,NULL,NULL,NULL,NULL,NULL,NULL,NULL,NULL,NULL,NULL,NULL,NULL,NULL,NULL,NULL,1509947754,1509947754,1509947754,NULL),(144,167,'2',NULL,NULL,NULL,NULL,NULL,NULL,NULL,NULL,NULL,NULL,NULL,NULL,NULL,NULL,NULL,',',NULL,NULL,'0',NULL,NULL,NULL,NULL,NULL,NULL,NULL,NULL,NULL,NULL,NULL,NULL,NULL,1509947786,1509947807,1509947807,NULL),(145,167,'3',NULL,NULL,NULL,NULL,NULL,NULL,NULL,NULL,NULL,NULL,NULL,NULL,NULL,NULL,NULL,NULL,NULL,NULL,NULL,NULL,NULL,NULL,NULL,NULL,NULL,NULL,'0',NULL,NULL,NULL,NULL,NULL,1509947789,1509947807,1509947807,NULL),(146,167,'1','1',NULL,NULL,NULL,NULL,NULL,NULL,NULL,NULL,NULL,NULL,NULL,NULL,NULL,NULL,NULL,NULL,NULL,NULL,NULL,NULL,NULL,NULL,NULL,NULL,NULL,NULL,NULL,NULL,NULL,NULL,NULL,1509947807,1509947808,1509947808,NULL),(147,169,'2',NULL,NULL,NULL,NULL,NULL,NULL,NULL,NULL,NULL,NULL,NULL,NULL,NULL,NULL,NULL,',',NULL,NULL,'0',NULL,NULL,NULL,NULL,NULL,NULL,NULL,NULL,NULL,NULL,NULL,NULL,NULL,1509948284,1509948345,1509948345,NULL),(148,169,'3',NULL,NULL,NULL,NULL,NULL,NULL,NULL,NULL,NULL,NULL,NULL,NULL,NULL,NULL,NULL,NULL,NULL,NULL,NULL,NULL,NULL,NULL,NULL,NULL,NULL,NULL,'0',NULL,NULL,NULL,NULL,NULL,1509948333,1509948345,1509948345,NULL),(149,169,'1','1',NULL,NULL,NULL,NULL,NULL,NULL,NULL,NULL,NULL,NULL,NULL,NULL,NULL,NULL,NULL,NULL,NULL,NULL,NULL,NULL,NULL,NULL,NULL,NULL,NULL,NULL,NULL,NULL,NULL,NULL,NULL,1509948345,1509948345,1509948345,NULL),(150,171,'2',NULL,NULL,NULL,NULL,NULL,NULL,NULL,NULL,NULL,NULL,NULL,NULL,NULL,NULL,NULL,',4',NULL,NULL,'0',NULL,NULL,NULL,NULL,NULL,NULL,NULL,NULL,NULL,NULL,NULL,NULL,NULL,1509948454,1509948454,NULL,NULL),(151,171,'2',NULL,NULL,NULL,NULL,NULL,NULL,NULL,NULL,NULL,NULL,NULL,NULL,NULL,NULL,NULL,',4',NULL,NULL,'0',NULL,NULL,NULL,NULL,NULL,NULL,NULL,NULL,NULL,NULL,NULL,NULL,NULL,1509948454,1509948454,NULL,NULL),(152,172,'2',NULL,NULL,NULL,NULL,NULL,NULL,NULL,NULL,NULL,NULL,NULL,NULL,NULL,NULL,NULL,',4',NULL,NULL,'0',NULL,NULL,NULL,NULL,NULL,NULL,NULL,NULL,NULL,NULL,NULL,NULL,NULL,1509948486,1509948579,1509948579,NULL),(153,172,'3',NULL,NULL,NULL,NULL,NULL,NULL,NULL,NULL,NULL,NULL,NULL,NULL,NULL,NULL,NULL,NULL,NULL,NULL,NULL,NULL,NULL,NULL,NULL,NULL,NULL,NULL,'0',NULL,NULL,NULL,NULL,NULL,1509948489,1509948579,1509948579,NULL),(154,172,'1',NULL,NULL,NULL,NULL,NULL,NULL,NULL,NULL,NULL,NULL,NULL,NULL,NULL,NULL,NULL,NULL,NULL,NULL,NULL,NULL,NULL,NULL,NULL,NULL,NULL,NULL,NULL,NULL,NULL,NULL,NULL,NULL,1509948579,1509948579,1509948579,NULL),(155,173,'2',NULL,NULL,NULL,NULL,NULL,NULL,NULL,NULL,NULL,NULL,NULL,NULL,NULL,NULL,NULL,',4',NULL,NULL,'0',NULL,NULL,NULL,NULL,NULL,NULL,NULL,NULL,NULL,NULL,NULL,NULL,NULL,1509948589,1509948589,NULL,NULL),(156,173,'3',NULL,NULL,NULL,NULL,NULL,NULL,NULL,NULL,NULL,NULL,NULL,NULL,NULL,NULL,NULL,NULL,NULL,NULL,NULL,NULL,NULL,NULL,NULL,NULL,NULL,NULL,'0',NULL,NULL,NULL,NULL,NULL,1509948593,1509948593,NULL,NULL);

/*Table structure for table `ygt_order_type` */

DROP TABLE IF EXISTS `ygt_order_type`;

CREATE TABLE `ygt_order_type` (
  `id` int(10) unsigned NOT NULL AUTO_INCREMENT COMMENT 'id 自增编号',
  `title` char(100) NOT NULL COMMENT '订单类型标题',
  `img_url` char(255) NOT NULL DEFAULT '' COMMENT '图片对应地址',
  `remark` text COMMENT '备注信息',
  `img_id` int(10) NOT NULL DEFAULT '0' COMMENT '图片ID',
  `created_at` int(10) DEFAULT NULL COMMENT 'laravel框架默认的创建时间',
  `updated_at` int(10) DEFAULT NULL COMMENT 'laravel框架默认的修改时间',
  `deleted_at` int(10) DEFAULT NULL COMMENT 'laravel框架默认的删除时间（软删除）',
  PRIMARY KEY (`id`)
) ENGINE=MyISAM AUTO_INCREMENT=20 DEFAULT CHARSET=utf8 COMMENT='订单类型（选择要生成的产品）表';

/*Data for the table `ygt_order_type` */

insert  into `ygt_order_type`(`id`,`title`,`img_url`,`remark`,`img_id`,`created_at`,`updated_at`,`deleted_at`) values (1,'三复七字口袋','/upload/order/bianzhidai1.png','',0,1508989826,1508989826,NULL),(2,'三复合纸塑袋','/upload/order/bianzhidai2.png','',0,1508989826,1508989826,NULL),(3,'二复七字口袋','/upload/order/bianzhidai3.png','',0,1508989826,1508989826,NULL),(4,'二复合袋','/upload/order/bianzhidai4.png','',0,1508989826,1508989826,NULL),(5,'其他袋类','/upload/order/bianzhidai5.png','',0,1508989826,1508989826,NULL),(6,'卷筒袋','/upload/order/bianzhidai6.png','',0,1508989826,1508989826,NULL),(7,'彩印纸塑袋','/upload/order/bianzhidai7.png','',0,1508989826,1508989826,NULL),(8,'彩印袋','/upload/order/bianzhidai8.png','',0,1508989826,1508989826,NULL),(9,'手提大米袋','/upload/order/bianzhidai9.png','',0,1508989826,1508989826,NULL),(10,'无纺布袋','/upload/order/bianzhidai10.png','',0,1508989826,1508989826,NULL),(11,'种子袋','/upload/order/bianzhidai11.png','',0,1508989826,1508989826,NULL),(12,'纸袋','/upload/order/bianzhidai12.png','',0,1508989826,1508989826,NULL),(13,'编织袋','/upload/order/bianzhidai13.png','',0,1508989826,1508989826,NULL),(14,'透明袋','/upload/order/bianzhidai14.png','',0,1508989826,1508989826,NULL),(15,'阀口袋','/upload/order/bianzhidai15.png','',0,1508989826,1508989826,NULL),(16,'ssss','',NULL,233,NULL,NULL,NULL),(17,'ssss','',NULL,233,NULL,NULL,NULL),(18,'ssss','',NULL,233,NULL,NULL,NULL),(19,'ssss','',NULL,233,NULL,1509701514,1509701514);

/*Table structure for table `ygt_order_unit` */

DROP TABLE IF EXISTS `ygt_order_unit`;

CREATE TABLE `ygt_order_unit` (
  `id` int(10) unsigned NOT NULL AUTO_INCREMENT COMMENT '主键id,自增',
  `order_id` int(10) DEFAULT NULL,
  `process_type` int(10) DEFAULT NULL COMMENT '工艺类型id',
  `filed` char(100) DEFAULT NULL COMMENT '对应的字段',
  `unit_id` int(10) DEFAULT NULL COMMENT '对应的单位id',
  `created_at` int(10) DEFAULT NULL COMMENT 'laravel框架默认的创建时间',
  `updated_at` int(10) DEFAULT NULL COMMENT 'laravel框架默认的修改时间',
  `deleted_at` int(10) DEFAULT NULL COMMENT 'laravel框架默认的删除时间（软删除）',
  PRIMARY KEY (`id`)
) ENGINE=MyISAM DEFAULT CHARSET=utf8;

/*Data for the table `ygt_order_unit` */

/*Table structure for table `ygt_permission` */

DROP TABLE IF EXISTS `ygt_permission`;

CREATE TABLE `ygt_permission` (
  `id` int(11) unsigned NOT NULL AUTO_INCREMENT,
  `type` tinyint(3) unsigned NOT NULL DEFAULT '0' COMMENT '0默认1工艺2产品',
  `type_id` int(11) unsigned NOT NULL DEFAULT '0' COMMENT '对应type不同id',
  `title` varchar(30) NOT NULL DEFAULT '',
  `info` text,
  `status` tinyint(1) unsigned NOT NULL DEFAULT '1',
  `updated_at` int(11) DEFAULT NULL,
  `created_at` int(11) DEFAULT NULL,
  `deleted_at` int(11) DEFAULT NULL,
  PRIMARY KEY (`id`)
) ENGINE=MyISAM AUTO_INCREMENT=4 DEFAULT CHARSET=utf8;

/*Data for the table `ygt_permission` */

insert  into `ygt_permission`(`id`,`type`,`type_id`,`title`,`info`,`status`,`updated_at`,`created_at`,`deleted_at`) values (1,1,1,'印刷工艺',NULL,1,1509503130,1509503130,NULL),(2,1,2,'淋膜要求',NULL,1,1509503130,1509503130,NULL),(3,1,3,'后段工艺',NULL,1,1509503130,1509503130,NULL);

/*Table structure for table `ygt_privilege` */

DROP TABLE IF EXISTS `ygt_privilege`;

CREATE TABLE `ygt_privilege` (
  `id` smallint(6) unsigned NOT NULL AUTO_INCREMENT,
  `title` varchar(30) NOT NULL DEFAULT '',
  `status` tinyint(1) unsigned NOT NULL DEFAULT '1',
  `updated_at` int(11) DEFAULT NULL,
  `created_at` int(11) DEFAULT NULL,
  `deleted_at` int(11) DEFAULT NULL,
  PRIMARY KEY (`id`)
) ENGINE=MyISAM AUTO_INCREMENT=6 DEFAULT CHARSET=utf8 COMMENT='订单流程处理 员工角色表';

/*Data for the table `ygt_privilege` */

insert  into `ygt_privilege`(`id`,`title`,`status`,`updated_at`,`created_at`,`deleted_at`) values (1,'普通员工权限',1,NULL,NULL,NULL),(2,'仓库管理员权限',1,NULL,NULL,NULL),(3,'彩印员权限',1,NULL,NULL,NULL),(4,'业务员权限',1,NULL,NULL,NULL),(5,'某某员权限',1,NULL,NULL,NULL);

/*Table structure for table `ygt_privilege_permission` */

DROP TABLE IF EXISTS `ygt_privilege_permission`;

CREATE TABLE `ygt_privilege_permission` (
  `privilege_id` smallint(6) unsigned NOT NULL DEFAULT '0',
  `permission_id` smallint(6) unsigned NOT NULL DEFAULT '0',
  `updated_at` int(11) DEFAULT NULL,
  `created_at` int(11) DEFAULT NULL,
  `deleted_at` int(11) DEFAULT NULL
) ENGINE=MyISAM DEFAULT CHARSET=utf8;

/*Data for the table `ygt_privilege_permission` */

insert  into `ygt_privilege_permission`(`privilege_id`,`permission_id`,`updated_at`,`created_at`,`deleted_at`) values (3,3,NULL,NULL,NULL),(1,1,NULL,NULL,NULL),(2,2,NULL,NULL,NULL);

/*Table structure for table `ygt_procedure` */

DROP TABLE IF EXISTS `ygt_procedure`;

CREATE TABLE `ygt_procedure` (
  `id` int(10) unsigned NOT NULL AUTO_INCREMENT COMMENT 'id 自增编号',
  `step` int(5) DEFAULT NULL COMMENT '步骤',
  `process_id` int(10) DEFAULT NULL COMMENT '工艺，对应的id',
  `created_at` int(10) DEFAULT NULL COMMENT 'laravel框架默认的创建时间',
  `updated_at` int(10) DEFAULT NULL COMMENT 'laravel框架默认的修改时间',
  `deleted_at` int(10) DEFAULT NULL COMMENT 'laravel框架默认的删除时间（软删除）',
  PRIMARY KEY (`id`)
) ENGINE=MyISAM DEFAULT CHARSET=utf8 COMMENT='工序表-保存某个订单类型工序关系';

/*Data for the table `ygt_procedure` */

/*Table structure for table `ygt_process` */

DROP TABLE IF EXISTS `ygt_process`;

CREATE TABLE `ygt_process` (
  `id` int(10) unsigned NOT NULL AUTO_INCREMENT COMMENT 'id 自增编号',
  `title` char(100) DEFAULT NULL COMMENT '工艺名称 例如‘彩印工艺’',
  `created_at` int(10) DEFAULT NULL COMMENT 'laravel框架默认的创建时间',
  `updated_at` int(10) DEFAULT NULL COMMENT 'laravel框架默认的修改时间',
  `deleted_at` int(10) DEFAULT NULL COMMENT 'laravel框架默认的删除时间（软删除）',
  PRIMARY KEY (`id`)
) ENGINE=MyISAM AUTO_INCREMENT=4 DEFAULT CHARSET=utf8 COMMENT='工艺表-管理工艺类型';

/*Data for the table `ygt_process` */

insert  into `ygt_process`(`id`,`title`,`created_at`,`updated_at`,`deleted_at`) values (1,'印刷工艺',1509503130,1509503130,NULL),(2,'淋膜要求',1509503130,1509503130,NULL),(3,'后段工艺',1509503130,1509503130,NULL);

/*Table structure for table `ygt_process_field` */

DROP TABLE IF EXISTS `ygt_process_field`;

CREATE TABLE `ygt_process_field` (
  `id` int(10) unsigned NOT NULL AUTO_INCREMENT COMMENT 'id 自增编号',
  `title` char(100) DEFAULT NULL COMMENT '字段名称',
  `field_name` char(100) DEFAULT NULL COMMENT '对应ygt_order_process表的字段',
  `field_type` int(5) DEFAULT NULL COMMENT '字段类型，用于区分文字填写，选项，具体未定',
  `placeholder` varchar(50) NOT NULL DEFAULT '',
  `created_at` int(10) DEFAULT NULL COMMENT 'laravel框架默认的创建时间',
  `updated_at` int(10) DEFAULT NULL COMMENT 'laravel框架默认的修改时间',
  `deleted_at` int(10) DEFAULT NULL COMMENT 'laravel框架默认的删除时间（软删除）',
  PRIMARY KEY (`id`)
) ENGINE=MyISAM AUTO_INCREMENT=34 DEFAULT CHARSET=utf8 COMMENT='工艺字段表';

/*Data for the table `ygt_process_field` */

insert  into `ygt_process_field`(`id`,`title`,`field_name`,`field_type`,`placeholder`,`created_at`,`updated_at`,`deleted_at`) values (2,'印刷样式','printing_style',3,'请选择',1509503130,1509503130,NULL),(3,'印刷材料','printing_materials',4,'请选择',1509503130,1509503130,NULL),(4,'厚度','thickness',1,'请输入',1509503130,1509503130,NULL),(5,'印膜宽度','printing_film_width',1,'请输入',1509503130,1509503130,NULL),(6,'色数正面','color_number_front',1,'请输入',1509503130,1509503130,NULL),(7,'色数背面','color_number_back',1,'请输入',1509503130,1509503130,NULL),(8,'白版要求','white_plate_requirement',3,'请选择',1509503130,1509503130,NULL),(9,'油墨要求','ink_requirement',3,'请选择',1509503130,1509503130,NULL),(10,'印刷机台','printing_machine',1,'请输入',1509503130,1509503130,NULL),(11,'印刷数量','printing_number',1,'请输入',1509503130,1509503130,NULL),(12,'抛光要求','polishing_requirement',3,'请选择',1509503130,1509503130,NULL),(13,'复合样式','compound_style',3,'请选择',1509503130,1509503130,NULL),(14,'复合类型','compound_type',3,'请选择',1509503130,1509503130,NULL),(15,'三复材料','three_complex_material',3,'请选择',1509503130,1509503130,NULL),(16,'淋膜厚度','film_thickness',3,'请选择',1509503130,1509503130,NULL),(17,'淋膜数量','film_number',5,'请输入',1509503130,1509503130,NULL),(18,'淋膜宽度正面','film_width_positive',1,'请输入',1509503130,1509503130,NULL),(19,'淋膜宽度背面','film_width_back',1,'请输入',1509503130,1509503130,NULL),(20,'是否割边','is_cut_edge',6,'',1509503130,1509503130,NULL),(21,'抽边方式','edge_extraction_method',3,'请选择',1509503130,1509503130,NULL),(22,'切袋方式','bag_cutting_mode',3,'请选择',1509503130,1509503130,NULL),(23,'打孔要求','punching_requirement',3,'请选择',1509503130,1509503130,NULL),(24,'手提样式','portable_style',3,'请选择',1509503130,1509503130,NULL),(25,'封底样式','back_cover_stype',3,'请选择',1509503130,1509503130,NULL),(26,'打边要求','edge_beating_requirement',3,'请选择',1509503130,1509503130,NULL),(27,'阙口要求','notch_requirement',3,'请选择',1509503130,1509503130,NULL),(28,'是否割口','is_edgetrimming',6,'',1509503130,1509503130,NULL),(29,'内膜规格','intima_specification',1,'请输入',1509503130,1509503130,NULL),(30,'内膜质量','intima_quality',1,'请输入',1509503130,1509503130,NULL),(31,'内膜克重','intima_weighting',1,'请输入',1509503130,1509503130,NULL),(32,'套袋要求','bagging_requirement',3,'请选择',1509503130,1509791419,NULL),(33,'备注','remark',2,'请输入其它需求信息',1509503130,1509788281,NULL);

/*Table structure for table `ygt_process_field_relation` */

DROP TABLE IF EXISTS `ygt_process_field_relation`;

CREATE TABLE `ygt_process_field_relation` (
  `id` int(11) unsigned NOT NULL AUTO_INCREMENT,
  `process_id` int(11) unsigned NOT NULL DEFAULT '0',
  `field_id` int(11) unsigned NOT NULL DEFAULT '0',
  `updated_at` int(11) DEFAULT NULL,
  `created_at` int(11) DEFAULT NULL,
  `deleted_at` int(11) DEFAULT NULL,
  PRIMARY KEY (`id`)
) ENGINE=MyISAM AUTO_INCREMENT=35 DEFAULT CHARSET=utf8 COMMENT='工艺字段表';

/*Data for the table `ygt_process_field_relation` */

insert  into `ygt_process_field_relation`(`id`,`process_id`,`field_id`,`updated_at`,`created_at`,`deleted_at`) values (1,1,33,1509875913,1509875913,NULL),(2,1,11,1509875913,1509875913,NULL),(3,1,10,1509875913,1509875913,NULL),(4,1,9,1509875913,1509875913,NULL),(5,1,8,1509875913,1509875913,NULL),(6,1,7,1509875913,1509875913,NULL),(7,1,6,1509875913,1509875913,NULL),(8,1,5,1509875913,1509875913,NULL),(9,1,4,1509875913,1509875913,NULL),(10,1,3,1509875913,1509875913,NULL),(11,1,2,1509875913,1509875913,NULL),(12,2,33,1509875953,1509875953,NULL),(13,2,20,1509875953,1509875953,NULL),(14,2,19,1509875953,1509875953,NULL),(15,2,18,1509875953,1509875953,NULL),(16,2,17,1509875953,1509875953,NULL),(17,2,16,1509875953,1509875953,NULL),(18,2,15,1509875953,1509875953,NULL),(19,2,14,1509875953,1509875953,NULL),(20,2,13,1509875953,1509875953,NULL),(21,2,12,1509875953,1509875953,NULL),(22,3,33,1509875982,1509875982,NULL),(23,3,32,1509875982,1509875982,NULL),(24,3,31,1509875982,1509875982,NULL),(25,3,30,1509875982,1509875982,NULL),(26,3,29,1509875982,1509875982,NULL),(27,3,28,1509875982,1509875982,NULL),(28,3,27,1509875982,1509875982,NULL),(29,3,26,1509875982,1509875982,NULL),(30,3,25,1509875982,1509875982,NULL),(31,3,24,1509875982,1509875982,NULL),(32,3,23,1509875982,1509875982,NULL),(33,3,22,1509875982,1509875982,NULL),(34,3,21,1509875982,1509875982,NULL);

/*Table structure for table `ygt_process_field_relation_select` */

DROP TABLE IF EXISTS `ygt_process_field_relation_select`;

CREATE TABLE `ygt_process_field_relation_select` (
  `id` int(11) unsigned NOT NULL AUTO_INCREMENT,
  `relation_id` int(11) unsigned NOT NULL DEFAULT '0',
  `title` varchar(50) NOT NULL DEFAULT '',
  `updated_at` int(11) DEFAULT NULL,
  `created_at` int(11) DEFAULT NULL,
  `deleted_at` int(11) DEFAULT NULL,
  PRIMARY KEY (`id`)
) ENGINE=MyISAM AUTO_INCREMENT=49 DEFAULT CHARSET=utf8;

/*Data for the table `ygt_process_field_relation_select` */

insert  into `ygt_process_field_relation_select`(`id`,`relation_id`,`title`,`updated_at`,`created_at`,`deleted_at`) values (1,11,'印刷样式1',1509876158,1509876158,NULL),(2,11,'印刷样式2',1509876158,1509876158,NULL),(3,11,'印刷样式3',1509876158,1509876158,NULL),(4,5,'白版要求1',1509876287,1509876287,NULL),(5,5,'白版要求2',1509876287,1509876287,NULL),(6,5,'白版要求3',1509876287,1509876287,NULL),(7,4,'油墨要求1',1509876308,1509876308,NULL),(8,4,'油墨要求2',1509876308,1509876308,NULL),(9,4,'油墨要求3',1509876308,1509876308,NULL),(10,21,'抛光要求1',1509876337,1509876337,NULL),(11,21,'抛光要求2',1509876337,1509876337,NULL),(12,21,'抛光要求3',1509876337,1509876337,NULL),(13,20,'复合样式1',1509876355,1509876355,NULL),(14,20,'复合样式2',1509876355,1509876355,NULL),(15,20,'复合样式3',1509876355,1509876355,NULL),(16,19,'复合类型1',1509876381,1509876381,NULL),(17,19,'复合类型2',1509876381,1509876381,NULL),(18,19,'复合类型3',1509876381,1509876381,NULL),(19,18,'三复材料1',1509876400,1509876400,NULL),(20,18,'三复材料2',1509876400,1509876400,NULL),(21,18,'三复材料3',1509876400,1509876400,NULL),(22,17,'淋膜厚度1',1509876418,1509876418,NULL),(23,17,'淋膜厚度2',1509876418,1509876418,NULL),(24,17,'淋膜厚度3',1509876418,1509876418,NULL),(25,34,'抽边方式1',1509876480,1509876480,NULL),(26,34,'抽边方式2',1509876480,1509876480,NULL),(27,34,'抽边方式3',1509876480,1509876480,NULL),(28,33,'切袋方式1',1509876491,1509876491,NULL),(29,33,'切袋方式2',1509876491,1509876491,NULL),(30,33,'切袋方式3',1509876491,1509876491,NULL),(31,32,'打孔要求1',1509876502,1509876502,NULL),(32,32,'打孔要求2',1509876502,1509876502,NULL),(33,32,'打孔要求3',1509876502,1509876502,NULL),(34,31,'手提样式1',1509876512,1509876512,NULL),(35,31,'手提样式2',1509876512,1509876512,NULL),(36,31,'手提样式3',1509876512,1509876512,NULL),(37,30,'封底样式1',1509876523,1509876523,NULL),(38,30,'封底样式2',1509876523,1509876523,NULL),(39,30,'封底样式3',1509876523,1509876523,NULL),(40,29,'打边要求1',1509876539,1509876539,NULL),(41,29,'打边要求2',1509876539,1509876539,NULL),(42,29,'打边要求3',1509876539,1509876539,NULL),(43,28,'阙口要求1',1509876549,1509876549,NULL),(44,28,'阙口要求2',1509876549,1509876549,NULL),(45,28,'阙口要求3',1509876549,1509876549,NULL),(46,23,'套袋要求1',1509876563,1509876563,NULL),(47,23,'套袋要求2',1509876563,1509876563,NULL),(48,23,'套袋要求3',1509876563,1509876563,NULL);

/*Table structure for table `ygt_process_field_relation_unit` */

DROP TABLE IF EXISTS `ygt_process_field_relation_unit`;

CREATE TABLE `ygt_process_field_relation_unit` (
  `id` int(11) unsigned NOT NULL AUTO_INCREMENT,
  `relation_id` int(11) unsigned NOT NULL DEFAULT '0',
  `title` varchar(50) NOT NULL DEFAULT '',
  `updated_at` int(11) DEFAULT NULL,
  `created_at` int(11) DEFAULT NULL,
  `deleted_at` int(11) DEFAULT NULL,
  PRIMARY KEY (`id`)
) ENGINE=MyISAM AUTO_INCREMENT=7 DEFAULT CHARSET=utf8;

/*Data for the table `ygt_process_field_relation_unit` */

insert  into `ygt_process_field_relation_unit`(`id`,`relation_id`,`title`,`updated_at`,`created_at`,`deleted_at`) values (4,16,'单位1',1509876444,1509876444,NULL),(5,16,'单位2',1509876444,1509876444,NULL),(6,16,'单位3',1509876444,1509876444,NULL);

/*Table structure for table `ygt_process_ordertype` */

DROP TABLE IF EXISTS `ygt_process_ordertype`;

CREATE TABLE `ygt_process_ordertype` (
  `id` int(11) unsigned NOT NULL AUTO_INCREMENT,
  `ordertype_id` int(11) NOT NULL COMMENT '工序ID',
  `process_id` int(11) NOT NULL COMMENT '工艺ID',
  `step_number` int(10) NOT NULL DEFAULT '1' COMMENT '步骤顺序',
  `updated_at` int(10) DEFAULT NULL,
  `created_at` int(10) DEFAULT NULL,
  PRIMARY KEY (`id`),
  UNIQUE KEY `ordertype_id` (`ordertype_id`,`process_id`) USING BTREE
) ENGINE=MyISAM AUTO_INCREMENT=25 DEFAULT CHARSET=utf8;

/*Data for the table `ygt_process_ordertype` */

insert  into `ygt_process_ordertype`(`id`,`ordertype_id`,`process_id`,`step_number`,`updated_at`,`created_at`) values (22,1,1,2,1509884960,1509875693),(23,1,2,1,1509884960,1509875693),(24,1,3,1,1509884960,1509875693);

/*Table structure for table `ygt_product` */

DROP TABLE IF EXISTS `ygt_product`;

CREATE TABLE `ygt_product` (
  `id` int(10) unsigned NOT NULL AUTO_INCREMENT,
  `product_name` varchar(32) NOT NULL DEFAULT '' COMMENT '产品名称',
  `product_no` varchar(32) NOT NULL DEFAULT '' COMMENT '产品编号',
  `barcode` varchar(100) NOT NULL DEFAULT '' COMMENT '条形码',
  `number` int(10) NOT NULL DEFAULT '0' COMMENT '库存',
  `warning_number` int(10) NOT NULL DEFAULT '10' COMMENT '预警数量',
  `img_id` int(10) NOT NULL DEFAULT '0' COMMENT '产品图片',
  `category_id` int(11) NOT NULL DEFAULT '0' COMMENT '分类ID',
  `category_name` varchar(100) NOT NULL DEFAULT '' COMMENT '产品分类名称',
  `price` decimal(20,2) NOT NULL DEFAULT '0.00' COMMENT '均价',
  `unit` varchar(10) NOT NULL DEFAULT '',
  `created_at` int(10) unsigned NOT NULL DEFAULT '0' COMMENT '创建时间',
  `updated_at` int(10) unsigned NOT NULL DEFAULT '0' COMMENT '更新时间',
  PRIMARY KEY (`id`)
) ENGINE=MyISAM AUTO_INCREMENT=17 DEFAULT CHARSET=utf8 COMMENT='产品表';

/*Data for the table `ygt_product` */

insert  into `ygt_product`(`id`,`product_name`,`product_no`,`barcode`,`number`,`warning_number`,`img_id`,`category_id`,`category_name`,`price`,`unit`,`created_at`,`updated_at`) values (1,'第一个产品','no123456','1531687945315',100,10,179,1,'成品','0.00','件',1495766873,1495766873),(2,'第二个产品','123456','',0,10,178,2,'','0.00','件',1509014546,1509014546),(3,'第三个产品','1234567','',0,10,177,16,'','0.00','件',1509014729,1509014729),(4,'第四个产品','12345678','',0,10,176,17,'','0.00','件',1509014779,1509014779),(5,'第五个产品','12345679','',0,10,175,18,'','0.00','件',1509014807,1509014807),(6,'第六个产品','123456710','',-3000,10,174,16,'','0.00','件',1509014884,1509939040),(7,'第七个产品','123456711','',-13659,10,173,17,'','0.00','件',1509014915,1509939652),(8,'aa','123456712','',2,10,172,2,'','0.00','个',0,0),(9,'第八个产品','123456713','',12,10,171,2,'','0.00','个',0,0),(10,'We’re','123','',-18215,10,170,8,'','0.00','个',0,1509939642),(11,'ProductCS','Asdsad','',10000,10,169,3,'','0.00','个',0,0),(12,'Youmo','11111','',1000,10,168,20,'','0.00','个',0,0),(13,'Mater000','12322','',3222,10,167,20,'','0.00','个',0,0),(14,'999','000','',111,10,0,1,'','0.00','个',0,0),(15,'111','222','',444,10,0,1,'','0.00','个',0,0),(16,'aa','pn123512356123','',2,10,0,2,'','0.00','',1509882610,1509882610);

/*Table structure for table `ygt_sms` */

DROP TABLE IF EXISTS `ygt_sms`;

CREATE TABLE `ygt_sms` (
  `id` int(11) unsigned NOT NULL AUTO_INCREMENT,
  `type` tinyint(1) unsigned NOT NULL DEFAULT '1' COMMENT '1注册 2找回密码 3修改密码',
  `mobile` varchar(15) NOT NULL DEFAULT '',
  `code` char(6) NOT NULL DEFAULT '0' COMMENT '发送的验证码',
  `content` varchar(200) NOT NULL DEFAULT '',
  `status` tinyint(1) unsigned NOT NULL DEFAULT '0' COMMENT '0未使用 1已使用',
  `updated_at` int(11) DEFAULT NULL,
  `created_at` int(11) DEFAULT NULL,
  `deleted_at` int(11) DEFAULT NULL,
  PRIMARY KEY (`id`)
) ENGINE=MyISAM AUTO_INCREMENT=32 DEFAULT CHARSET=utf8;

/*Data for the table `ygt_sms` */

insert  into `ygt_sms`(`id`,`type`,`mobile`,`code`,`content`,`status`,`updated_at`,`created_at`,`deleted_at`) values (4,2,'13211111111','362233','',0,1508908880,1508908880,NULL),(3,2,'13211111111','223358','',0,1508905750,1508905750,NULL),(5,2,'13211111111','365904','',0,1508914375,1508914375,NULL),(6,2,'13211111111','740128','',0,1509106182,1509106182,NULL),(7,1,'17681822664','509706','',0,1509430449,1509430449,NULL),(8,1,'17681822664','4800','',0,1509431581,1509431581,NULL),(9,1,'17681822664','1454','',0,1509432170,1509432170,NULL),(10,2,'17681822664','5700','',0,1509436877,1509436877,NULL),(11,1,'18203623732','3366','',0,1509438861,1509438861,NULL),(12,1,'18203623732','6073','',0,1509439179,1509439179,NULL),(13,1,'18203623732','7731','',0,1509439263,1509439263,NULL),(14,1,'18658129657','7639','',0,1509440159,1509440159,NULL),(15,1,'18203623732','4346','',0,1509440195,1509440195,NULL),(16,1,'18658129657','3263','',0,1509500205,1509500205,NULL),(17,1,'18658129657','5853','',0,1509500874,1509500874,NULL),(18,1,'18658129657','4944','',0,1509501019,1509501019,NULL),(19,1,'18658129657','3885','',0,1509502261,1509502261,NULL),(20,1,'18658129657','6048','',0,1509504549,1509504549,NULL),(21,2,'18658129657','2008','',0,1509518320,1509518320,NULL),(22,1,'58756488','3056','',0,1509520870,1509520870,NULL),(23,1,'58756488','5284','',0,1509520886,1509520886,NULL),(24,1,'18658129657','7788','',0,1509614547,1509614547,NULL),(25,1,'17723583124','5528','',0,1509624832,1509624832,NULL),(26,1,'17723583124','7852','',0,1509624839,1509624839,NULL),(27,1,'17723583124','4705','',0,1509624856,1509624856,NULL),(28,1,'17723583124','7205','',0,1509624889,1509624889,NULL),(29,1,'17723583124','5210','',0,1509625073,1509625073,NULL),(30,2,'17723583124','3348','',0,1509625444,1509625444,NULL),(31,2,'18658129657','7314','',0,1509673997,1509673997,NULL);

/*Table structure for table `ygt_stock` */

DROP TABLE IF EXISTS `ygt_stock`;

CREATE TABLE `ygt_stock` (
  `id` int(10) unsigned NOT NULL AUTO_INCREMENT,
  `water_no` varchar(10) NOT NULL DEFAULT '' COMMENT '流水号',
  `product_id` int(10) NOT NULL DEFAULT '0' COMMENT '产品ID',
  `number` int(10) NOT NULL DEFAULT '0' COMMENT '数量',
  `type` tinyint(1) NOT NULL DEFAULT '1' COMMENT '1:入库：2：入库',
  `created_at` int(10) unsigned NOT NULL DEFAULT '0' COMMENT '创建时间',
  `updated_at` int(10) unsigned NOT NULL DEFAULT '0' COMMENT '更新时间',
  `deleted_at` int(10) DEFAULT NULL,
  PRIMARY KEY (`id`),
  UNIQUE KEY `username_UNIQUE` (`water_no`) USING BTREE
) ENGINE=MyISAM AUTO_INCREMENT=52 DEFAULT CHARSET=utf8 COMMENT='产品出入库表';

/*Data for the table `ygt_stock` */

insert  into `ygt_stock`(`id`,`water_no`,`product_id`,`number`,`type`,`created_at`,`updated_at`,`deleted_at`) values (42,'555767',13,1000,1,0,0,NULL),(43,'277182',13,2222,1,0,0,NULL),(44,'628799',13,2222,1,0,0,NULL),(45,'570626',13,2222,1,0,0,NULL),(46,'472409',13,2222,1,0,0,NULL),(47,'183798',13,2222,1,0,0,NULL),(48,'664807',14,111,1,0,0,NULL),(49,'959185',15,444,1,0,0,NULL),(50,'666125',7,2,1,1509882511,1509882511,NULL),(51,'681973',16,2,1,1509882610,1509882610,NULL),(35,'807711',9,2,1,1492153824,0,NULL),(36,'492568',9,2,1,0,0,NULL),(37,'271386',9,2,1,0,0,NULL),(38,'240130',10,1222,1,0,0,NULL),(39,'786618',11,10000,1,0,0,NULL),(40,'113513',12,1000,1,0,0,NULL),(41,'758822',9,2,1,0,0,NULL);

/*Table structure for table `ygt_stockin` */

DROP TABLE IF EXISTS `ygt_stockin`;

CREATE TABLE `ygt_stockin` (
  `id` int(10) unsigned NOT NULL AUTO_INCREMENT,
  `stock_id` int(10) NOT NULL DEFAULT '0' COMMENT '主表ID',
  `unit_price` decimal(10,2) NOT NULL DEFAULT '0.00' COMMENT '单价',
  `distribution_company` varchar(11) NOT NULL DEFAULT '' COMMENT '配送单位',
  `contact_number` varchar(50) NOT NULL DEFAULT '' COMMENT '联系方式',
  `operator` varchar(20) NOT NULL DEFAULT '' COMMENT '操作员',
  `created_at` int(10) unsigned NOT NULL DEFAULT '0' COMMENT '创建时间',
  `updated_at` int(10) unsigned NOT NULL DEFAULT '0' COMMENT '更新时间',
  `deleted_at` int(10) DEFAULT NULL,
  PRIMARY KEY (`id`)
) ENGINE=MyISAM AUTO_INCREMENT=15 DEFAULT CHARSET=utf8 COMMENT='入库相关信息表';

/*Data for the table `ygt_stockin` */

insert  into `ygt_stockin`(`id`,`stock_id`,`unit_price`,`distribution_company`,`contact_number`,`operator`,`created_at`,`updated_at`,`deleted_at`) values (9,42,'16.00','Hahahah','18203623732','',1509503847,1509503847,NULL),(2,35,'222.00','配送单位','15205857505','',1509361138,1509361138,NULL),(3,36,'222.00','配送单位','15205857505','',1509361193,1509361193,NULL),(4,37,'222.00','配送单位','15205857505','',1509364026,1509364026,NULL),(5,38,'12.00','Ashdkjsahkj','18203623732','',1509364031,1509364031,NULL),(6,39,'15.00','BXUP','6666666','',1509364515,1509364515,NULL),(7,40,'12.00','ABXUP','18203623732','',1509367488,1509367488,NULL),(8,41,'222.00','配送单位','15205857505','',1509431389,1509431389,NULL),(10,47,'123.00','Wqewqewqe','6564564646','',1509503971,1509503971,NULL),(11,48,'222.00','333','13322556633','',1509539134,1509539134,NULL),(12,49,'333.00','777','888','',1509540934,1509540934,NULL),(13,50,'22.00','配送单位','88886666','',1509882511,1509882511,NULL),(14,51,'22.00','配送单位','88886666','',1509882610,1509882610,NULL);

/*Table structure for table `ygt_stockout` */

DROP TABLE IF EXISTS `ygt_stockout`;

CREATE TABLE `ygt_stockout` (
  `id` int(10) unsigned NOT NULL AUTO_INCREMENT,
  `waterno` varchar(10) NOT NULL DEFAULT '' COMMENT '流水号',
  `proid` int(10) NOT NULL DEFAULT '0' COMMENT '产品ID',
  `number` int(10) NOT NULL DEFAULT '0' COMMENT '出库数量',
  `price` decimal(10,2) NOT NULL DEFAULT '0.00' COMMENT '商品单价',
  `created_at` int(10) unsigned NOT NULL DEFAULT '0' COMMENT '创建时间',
  `updated_at` int(10) unsigned NOT NULL DEFAULT '0' COMMENT '更新时间',
  `deleted_at` int(10) DEFAULT NULL,
  PRIMARY KEY (`id`),
  UNIQUE KEY `username_UNIQUE` (`waterno`) USING BTREE
) ENGINE=MyISAM AUTO_INCREMENT=2 DEFAULT CHARSET=utf8 COMMENT='出库表';

/*Data for the table `ygt_stockout` */

insert  into `ygt_stockout`(`id`,`waterno`,`proid`,`number`,`price`,`created_at`,`updated_at`,`deleted_at`) values (1,'0',0,0,'0.00',1495766873,1495766873,NULL);

/*Table structure for table `ygt_type_info` */

DROP TABLE IF EXISTS `ygt_type_info`;

CREATE TABLE `ygt_type_info` (
  `id` smallint(6) unsigned NOT NULL AUTO_INCREMENT COMMENT '对各表的中type的一个说明表',
  `table_name` varchar(50) NOT NULL DEFAULT '' COMMENT '表名',
  `type_value` tinyint(3) NOT NULL DEFAULT '0' COMMENT '表中的type值',
  `type_title` varchar(50) NOT NULL DEFAULT '' COMMENT 'type值对应的注释',
  `updated_at` int(11) DEFAULT NULL,
  `created_at` int(11) DEFAULT NULL,
  `deleted_at` int(11) DEFAULT NULL,
  PRIMARY KEY (`id`)
) ENGINE=MyISAM AUTO_INCREMENT=7 DEFAULT CHARSET=utf8;

/*Data for the table `ygt_type_info` */

insert  into `ygt_type_info`(`id`,`table_name`,`type_value`,`type_title`,`updated_at`,`created_at`,`deleted_at`) values (1,'ygt_sms',1,'注册短信',NULL,NULL,NULL),(2,'ygt_sms',2,'找回密码短信',NULL,NULL,NULL),(3,'ygt_sms',3,'修改密码短信',NULL,NULL,NULL),(4,'ygt_message',1,'新订单需求',NULL,NULL,NULL),(5,'ygt_message',2,'新材料入库',NULL,NULL,NULL),(6,'ygt_message',3,'新材料需求',NULL,NULL,NULL);

/*Table structure for table `ygt_user` */

DROP TABLE IF EXISTS `ygt_user`;

CREATE TABLE `ygt_user` (
  `id` int(11) unsigned NOT NULL AUTO_INCREMENT,
  `mobile` varchar(15) NOT NULL DEFAULT '',
  `mobile_hide` tinyint(1) unsigned NOT NULL DEFAULT '0' COMMENT '1手机号仅自己可见',
  `truename` varchar(30) NOT NULL DEFAULT '' COMMENT '真实姓名',
  `truename_hide` tinyint(1) unsigned NOT NULL DEFAULT '0' COMMENT '1真实姓名仅自己可见',
  `salt` char(6) NOT NULL DEFAULT '' COMMENT '加密前缀',
  `password` varchar(32) NOT NULL DEFAULT '' COMMENT '未加密的密码',
  `password_md5` varchar(32) NOT NULL DEFAULT '' COMMENT 'md5加密密码',
  `add_time` int(11) unsigned NOT NULL DEFAULT '0' COMMENT '注册时间',
  `status` tinyint(1) unsigned NOT NULL DEFAULT '1' COMMENT '1正常',
  `updated_at` int(11) DEFAULT NULL,
  `created_at` int(11) DEFAULT NULL,
  `deleted_at` int(11) DEFAULT NULL,
  PRIMARY KEY (`id`)
) ENGINE=MyISAM AUTO_INCREMENT=23 DEFAULT CHARSET=utf8;

/*Data for the table `ygt_user` */

insert  into `ygt_user`(`id`,`mobile`,`mobile_hide`,`truename`,`truename_hide`,`salt`,`password`,`password_md5`,`add_time`,`status`,`updated_at`,`created_at`,`deleted_at`) values (2,'13211111112',0,'姓名2',0,'484241','3b3cfbad8a7674e9d4cd8a3050c90c33','',0,1,NULL,NULL,NULL),(1,'13211111111',0,'姓名1',0,'484241','3b3cfbad8a7674e9d4cd8a3050c90c33','',0,1,NULL,NULL,NULL),(3,'13211111113',0,'姓名3',0,'484241','3b3cfbad8a7674e9d4cd8a3050c90c33','',0,1,NULL,NULL,NULL),(4,'13211111114',0,'姓名4',0,'484241','3b3cfbad8a7674e9d4cd8a3050c90c33','',0,1,NULL,NULL,NULL),(5,'13211111115',0,'姓名5',0,'484241','3b3cfbad8a7674e9d4cd8a3050c90c33','',0,1,NULL,NULL,NULL),(6,'13211111116',0,'姓名6',0,'484241','3b3cfbad8a7674e9d4cd8a3050c90c33','',0,1,NULL,NULL,NULL),(7,'13211111117',0,'姓名7',0,'484241','3b3cfbad8a7674e9d4cd8a3050c90c33','',0,1,NULL,NULL,NULL),(8,'13211111118',0,'姓名8',0,'484241','3b3cfbad8a7674e9d4cd8a3050c90c33','',0,1,NULL,NULL,NULL),(9,'17681822664',0,'Rcl123456',0,'6816','1b411c63042b4234c8207270d4096e8d','',0,1,NULL,NULL,NULL),(13,'18203623732',0,'Mao',0,'965278','35e1511132e8e813002677526d1ae5c9','',0,1,NULL,NULL,NULL),(14,'18655662233',0,'123',0,'584489','07d04d661836019c4f5ea32a8dc2800d','',0,1,NULL,NULL,NULL),(15,'18155662233',0,'123',0,'555196','97af6de9cd1706b3a7bcdc92d5249332','',0,1,NULL,NULL,NULL),(16,'18255662233',0,'123',0,'584907','225d573482f5a57cc9b9b5ce71556475','',0,1,NULL,NULL,NULL),(17,'13322336655',0,'00000',0,'419864','5aedde7112d580b90e45e99144720b88','',0,1,NULL,NULL,NULL),(18,'13322111122',0,'！！',0,'614783','f5867fb941e7f642dd830aab348a72fa','',0,1,NULL,NULL,NULL),(19,'13322113122',0,'，，',0,'526235','2f2a4020b641979bc4d0a7efa4d087b3','',0,1,NULL,NULL,NULL),(21,'18658129657',0,'aaa',0,'6137','b4f275161751bc492702e64cf70a3d16','',0,1,NULL,NULL,NULL),(22,'17723583124',0,'yh',0,'829500','78eea61aade989a6943fcbd47c4cd8a0','',0,1,NULL,NULL,NULL);

/*Table structure for table `ygt_user_friend` */

DROP TABLE IF EXISTS `ygt_user_friend`;

CREATE TABLE `ygt_user_friend` (
  `from_user_id` int(11) unsigned NOT NULL DEFAULT '0',
  `to_user_id` int(11) unsigned NOT NULL DEFAULT '0',
  `group_id` int(11) unsigned NOT NULL DEFAULT '0',
  `add_time` int(11) unsigned NOT NULL,
  `agree_time` int(11) unsigned NOT NULL DEFAULT '0',
  `status` tinyint(1) unsigned NOT NULL DEFAULT '0' COMMENT '1未同意 2已同意',
  `updated_at` int(11) DEFAULT NULL,
  `created_at` int(11) DEFAULT NULL,
  `deleted_at` int(11) DEFAULT NULL
) ENGINE=MyISAM DEFAULT CHARSET=utf8;

/*Data for the table `ygt_user_friend` */

/*Table structure for table `ygt_user_group` */

DROP TABLE IF EXISTS `ygt_user_group`;

CREATE TABLE `ygt_user_group` (
  `id` int(11) unsigned NOT NULL AUTO_INCREMENT,
  `user_id` int(11) unsigned NOT NULL DEFAULT '0',
  `title` varchar(30) NOT NULL DEFAULT '',
  `status` tinyint(1) unsigned NOT NULL DEFAULT '1',
  `updated_at` int(11) DEFAULT NULL,
  `created_at` int(11) DEFAULT NULL,
  `deleted_at` int(11) DEFAULT NULL,
  PRIMARY KEY (`id`)
) ENGINE=MyISAM AUTO_INCREMENT=3 DEFAULT CHARSET=utf8;

/*Data for the table `ygt_user_group` */

insert  into `ygt_user_group`(`id`,`user_id`,`title`,`status`,`updated_at`,`created_at`,`deleted_at`) values (1,2,'分组一',1,NULL,NULL,NULL),(2,2,'分组二',1,NULL,NULL,NULL);

/*Table structure for table `ygt_user_message` */

DROP TABLE IF EXISTS `ygt_user_message`;

CREATE TABLE `ygt_user_message` (
  `user_id` int(11) unsigned NOT NULL DEFAULT '0',
  `message_id` int(11) unsigned NOT NULL DEFAULT '0',
  `updated_at` int(11) DEFAULT NULL,
  `created_at` int(11) DEFAULT NULL,
  `deleted_at` int(11) DEFAULT NULL
) ENGINE=MyISAM DEFAULT CHARSET=utf8;

/*Data for the table `ygt_user_message` */

insert  into `ygt_user_message`(`user_id`,`message_id`,`updated_at`,`created_at`,`deleted_at`) values (1,9,NULL,NULL,NULL),(2,9,NULL,NULL,NULL),(1,8,NULL,NULL,NULL),(2,8,NULL,NULL,NULL),(1,7,NULL,NULL,NULL),(2,7,NULL,NULL,NULL),(1,6,NULL,NULL,NULL),(2,6,NULL,NULL,NULL),(2,10,NULL,NULL,NULL),(1,10,NULL,NULL,NULL),(5,11,NULL,NULL,NULL),(6,11,NULL,NULL,NULL),(3,11,NULL,NULL,NULL),(4,11,NULL,NULL,NULL),(1,11,NULL,NULL,NULL),(2,11,NULL,NULL,NULL),(7,11,NULL,NULL,NULL),(8,11,NULL,NULL,NULL),(13,11,NULL,NULL,NULL),(5,12,NULL,NULL,NULL),(6,12,NULL,NULL,NULL),(3,12,NULL,NULL,NULL),(4,12,NULL,NULL,NULL),(1,12,NULL,NULL,NULL),(2,12,NULL,NULL,NULL),(7,12,NULL,NULL,NULL),(8,12,NULL,NULL,NULL),(13,12,NULL,NULL,NULL),(5,13,NULL,NULL,NULL),(6,13,NULL,NULL,NULL),(3,13,NULL,NULL,NULL),(4,13,NULL,NULL,NULL),(1,13,NULL,NULL,NULL),(2,13,NULL,NULL,NULL),(7,13,NULL,NULL,NULL),(8,13,NULL,NULL,NULL),(13,13,NULL,NULL,NULL),(5,14,NULL,NULL,NULL),(6,14,NULL,NULL,NULL),(3,14,NULL,NULL,NULL),(4,14,NULL,NULL,NULL),(1,14,NULL,NULL,NULL),(2,14,NULL,NULL,NULL),(7,14,NULL,NULL,NULL),(8,14,NULL,NULL,NULL),(13,14,NULL,NULL,NULL),(5,15,NULL,NULL,NULL),(6,15,NULL,NULL,NULL),(3,15,NULL,NULL,NULL),(4,15,NULL,NULL,NULL),(1,15,NULL,NULL,NULL),(2,15,NULL,NULL,NULL),(7,15,NULL,NULL,NULL),(8,15,NULL,NULL,NULL),(13,15,NULL,NULL,NULL),(5,16,NULL,NULL,NULL),(6,16,NULL,NULL,NULL),(3,16,NULL,NULL,NULL),(4,16,NULL,NULL,NULL),(1,16,NULL,NULL,NULL),(2,16,NULL,NULL,NULL),(7,16,NULL,NULL,NULL),(8,16,NULL,NULL,NULL),(13,16,NULL,NULL,NULL),(5,17,NULL,NULL,NULL),(6,17,NULL,NULL,NULL),(3,17,NULL,NULL,NULL),(4,17,NULL,NULL,NULL),(1,17,NULL,NULL,NULL),(2,17,NULL,NULL,NULL),(7,17,NULL,NULL,NULL),(8,17,NULL,NULL,NULL),(13,17,NULL,NULL,NULL),(5,18,NULL,NULL,NULL),(6,18,NULL,NULL,NULL),(3,18,NULL,NULL,NULL),(4,18,NULL,NULL,NULL),(1,18,NULL,NULL,NULL),(2,18,NULL,NULL,NULL),(7,18,NULL,NULL,NULL),(8,18,NULL,NULL,NULL),(13,18,NULL,NULL,NULL),(5,19,NULL,NULL,NULL),(6,19,NULL,NULL,NULL),(3,19,NULL,NULL,NULL),(4,19,NULL,NULL,NULL),(1,19,NULL,NULL,NULL),(2,19,NULL,NULL,NULL),(7,19,NULL,NULL,NULL),(8,19,NULL,NULL,NULL),(13,19,NULL,NULL,NULL),(5,20,NULL,NULL,NULL),(6,20,NULL,NULL,NULL),(3,20,NULL,NULL,NULL),(4,20,NULL,NULL,NULL),(1,20,NULL,NULL,NULL),(2,20,NULL,NULL,NULL),(7,20,NULL,NULL,NULL),(8,20,NULL,NULL,NULL),(13,20,NULL,NULL,NULL),(5,21,NULL,NULL,NULL),(6,21,NULL,NULL,NULL),(3,21,NULL,NULL,NULL),(4,21,NULL,NULL,NULL),(1,21,NULL,NULL,NULL),(2,21,NULL,NULL,NULL),(7,21,NULL,NULL,NULL),(8,21,NULL,NULL,NULL),(13,21,NULL,NULL,NULL),(5,22,NULL,NULL,NULL),(6,22,NULL,NULL,NULL),(3,22,NULL,NULL,NULL),(4,22,NULL,NULL,NULL),(1,22,NULL,NULL,NULL),(2,22,NULL,NULL,NULL),(7,22,NULL,NULL,NULL),(8,22,NULL,NULL,NULL),(13,22,NULL,NULL,NULL),(5,23,NULL,NULL,NULL),(6,23,NULL,NULL,NULL),(3,23,NULL,NULL,NULL),(4,23,NULL,NULL,NULL),(1,23,NULL,NULL,NULL),(2,23,NULL,NULL,NULL),(7,23,NULL,NULL,NULL),(8,23,NULL,NULL,NULL),(13,23,NULL,NULL,NULL),(5,24,NULL,NULL,NULL),(6,24,NULL,NULL,NULL),(3,24,NULL,NULL,NULL),(4,24,NULL,NULL,NULL),(1,24,NULL,NULL,NULL),(2,24,NULL,NULL,NULL),(7,24,NULL,NULL,NULL),(8,24,NULL,NULL,NULL),(13,24,NULL,NULL,NULL),(5,25,NULL,NULL,NULL),(6,25,NULL,NULL,NULL),(3,25,NULL,NULL,NULL),(4,25,NULL,NULL,NULL),(1,25,NULL,NULL,NULL),(2,25,NULL,NULL,NULL),(7,25,NULL,NULL,NULL),(8,25,NULL,NULL,NULL),(13,25,NULL,NULL,NULL),(5,26,NULL,NULL,NULL),(6,26,NULL,NULL,NULL),(3,26,NULL,NULL,NULL),(4,26,NULL,NULL,NULL),(1,26,NULL,NULL,NULL),(2,26,NULL,NULL,NULL),(7,26,NULL,NULL,NULL),(8,26,NULL,NULL,NULL),(13,26,NULL,NULL,NULL),(5,27,NULL,NULL,NULL),(6,27,NULL,NULL,NULL),(3,27,NULL,NULL,NULL),(4,27,NULL,NULL,NULL),(1,27,NULL,NULL,NULL),(2,27,NULL,NULL,NULL),(7,27,NULL,NULL,NULL),(8,27,NULL,NULL,NULL),(13,27,NULL,NULL,NULL),(5,28,NULL,NULL,NULL),(6,28,NULL,NULL,NULL),(3,28,NULL,NULL,NULL),(4,28,NULL,NULL,NULL),(1,28,NULL,NULL,NULL),(2,28,NULL,NULL,NULL),(7,28,NULL,NULL,NULL),(8,28,NULL,NULL,NULL),(13,28,NULL,NULL,NULL),(5,29,NULL,NULL,NULL),(6,29,NULL,NULL,NULL),(3,29,NULL,NULL,NULL),(4,29,NULL,NULL,NULL),(1,29,NULL,NULL,NULL),(2,29,NULL,NULL,NULL),(7,29,NULL,NULL,NULL),(8,29,NULL,NULL,NULL),(13,29,NULL,NULL,NULL),(5,30,NULL,NULL,NULL),(6,30,NULL,NULL,NULL),(3,30,NULL,NULL,NULL),(4,30,NULL,NULL,NULL),(1,30,NULL,NULL,NULL),(2,30,NULL,NULL,NULL),(7,30,NULL,NULL,NULL),(8,30,NULL,NULL,NULL),(13,30,NULL,NULL,NULL),(5,31,NULL,NULL,NULL),(6,31,NULL,NULL,NULL),(3,31,NULL,NULL,NULL),(4,31,NULL,NULL,NULL),(1,31,NULL,NULL,NULL),(2,31,NULL,NULL,NULL),(7,31,NULL,NULL,NULL),(8,31,NULL,NULL,NULL),(13,31,NULL,NULL,NULL),(2,32,NULL,NULL,NULL),(4,32,NULL,NULL,NULL),(3,33,NULL,NULL,NULL),(5,33,NULL,NULL,NULL),(6,33,NULL,NULL,NULL),(1,34,NULL,NULL,NULL),(7,34,NULL,NULL,NULL),(8,34,NULL,NULL,NULL),(13,34,NULL,NULL,NULL),(2,35,NULL,NULL,NULL),(4,35,NULL,NULL,NULL),(3,36,NULL,NULL,NULL),(5,36,NULL,NULL,NULL),(6,36,NULL,NULL,NULL),(1,37,NULL,NULL,NULL),(7,37,NULL,NULL,NULL),(8,37,NULL,NULL,NULL),(13,37,NULL,NULL,NULL),(2,38,NULL,NULL,NULL),(3,39,NULL,NULL,NULL),(1,40,NULL,NULL,NULL),(13,40,NULL,NULL,NULL),(2,41,NULL,NULL,NULL),(3,42,NULL,NULL,NULL),(1,43,NULL,NULL,NULL),(13,43,NULL,NULL,NULL),(2,44,NULL,NULL,NULL),(3,45,NULL,NULL,NULL),(1,46,NULL,NULL,NULL),(13,46,NULL,NULL,NULL),(2,47,NULL,NULL,NULL),(3,48,NULL,NULL,NULL),(1,49,NULL,NULL,NULL),(13,49,NULL,NULL,NULL),(2,50,NULL,NULL,NULL),(3,51,NULL,NULL,NULL),(1,52,NULL,NULL,NULL),(13,52,NULL,NULL,NULL),(2,53,NULL,NULL,NULL),(3,54,NULL,NULL,NULL),(1,55,NULL,NULL,NULL),(13,55,NULL,NULL,NULL),(2,56,NULL,NULL,NULL),(3,57,NULL,NULL,NULL),(1,58,NULL,NULL,NULL),(13,58,NULL,NULL,NULL);

/*Table structure for table `ygt_user_token` */

DROP TABLE IF EXISTS `ygt_user_token`;

CREATE TABLE `ygt_user_token` (
  `user_id` int(11) unsigned NOT NULL DEFAULT '0',
  `imei` varchar(100) NOT NULL DEFAULT '' COMMENT '手机唯一的imei码',
  `salt` char(6) NOT NULL DEFAULT '' COMMENT '加密前缀',
  `app_version` varchar(30) NOT NULL DEFAULT '' COMMENT 'app版本号',
  `platform` tinyint(1) NOT NULL DEFAULT '0' COMMENT '1android  2ios',
  `platform_version` varchar(100) NOT NULL DEFAULT '' COMMENT 'android/ios的版本号',
  `updated_at` int(11) DEFAULT NULL,
  `created_at` int(11) DEFAULT NULL,
  `deleted_at` int(11) DEFAULT NULL,
  `is_login` tinyint(1) unsigned NOT NULL DEFAULT '1' COMMENT '0退出状态 1登录状态'
) ENGINE=MyISAM DEFAULT CHARSET=utf8;

/*Data for the table `ygt_user_token` */

insert  into `ygt_user_token`(`user_id`,`imei`,`salt`,`app_version`,`platform`,`platform_version`,`updated_at`,`created_at`,`deleted_at`,`is_login`) values (2,'6E59529216AA41A39D3FF0AE5D78CAF9','866711','1.0',2,'11.0',1509936102,1508486063,NULL,0),(3,'312C597471304453AD1EAA09EA9FE66B','671828','1.0',2,'10.2',1509889930,1508917372,NULL,1),(9,'6E59529216AA41A39D3FF0AE5D78CAF9','417378','1.0',2,'11.0',1509935795,1509433205,NULL,0),(11,'48ACCDE7DCF14005A2E5E36163C325EE','177324','1.0',2,'11.0',1509439197,1509439197,NULL,1),(12,'48ACCDE7DCF14005A2E5E36163C325EE','655375','1.0',2,'11.0',1509439285,1509439285,NULL,1),(13,'62FB2FBFF5DD4DF19BD9DDCC461571B1','800980','1.0',2,'11.0',1509936168,1509440212,NULL,1),(21,'BDF5674C433543D7AFC50A2730428F88','871614','1.0',2,'10.3.3',1509886478,1509614573,NULL,1),(22,'99000712359913','327120','1.0',1,'7.0',1509693387,1509625113,NULL,1),(1,'6E59529216AA41A39D3FF0AE5D78CAF9','378271','1.0',2,'11.0',1509935843,1509858329,NULL,0),(8,'6E59529216AA41A39D3FF0AE5D78CAF9','765675','1.0',2,'11.0',1509936174,1509860527,NULL,0),(7,'6E59529216AA41A39D3FF0AE5D78CAF9','866366','1.0',2,'11.0',1509936199,1509860676,NULL,0),(5,'6E59529216AA41A39D3FF0AE5D78CAF9','255589','1.0',2,'11.0',1509936230,1509936230,NULL,1);

/*Table structure for table `ygt_user_token_log` */

DROP TABLE IF EXISTS `ygt_user_token_log`;

CREATE TABLE `ygt_user_token_log` (
  `id` int(11) unsigned NOT NULL AUTO_INCREMENT,
  `user_id` int(11) unsigned NOT NULL DEFAULT '0',
  `imei` varchar(100) NOT NULL DEFAULT '' COMMENT '手机唯一的imei码',
  `salt` char(6) NOT NULL DEFAULT '' COMMENT '加密前缀',
  `app_version` varchar(30) NOT NULL DEFAULT '' COMMENT 'app版本号',
  `platform` tinyint(1) NOT NULL DEFAULT '0' COMMENT '1android  2ios',
  `platform_version` varchar(100) NOT NULL DEFAULT '' COMMENT 'android/ios的版本号',
  `updated_at` int(11) DEFAULT NULL,
  `created_at` int(11) DEFAULT NULL,
  `deleted_at` int(11) DEFAULT NULL,
  PRIMARY KEY (`id`)
) ENGINE=MyISAM AUTO_INCREMENT=790 DEFAULT CHARSET=utf8;

/*Data for the table `ygt_user_token_log` */

insert  into `ygt_user_token_log`(`id`,`user_id`,`imei`,`salt`,`app_version`,`platform`,`platform_version`,`updated_at`,`created_at`,`deleted_at`) values (1,2,'xxxx','217988','',0,'',1508916084,1508916084,NULL),(2,2,'xxxx','910888','',0,'',1508916108,1508916108,NULL),(3,2,'wqewqew','623832','1.0',0,'',1508916251,1508916251,NULL),(4,2,'wqewqew','420630','1.0',0,'',1508917351,1508917351,NULL),(5,3,'wqewqew','711756','1.0',0,'',1508917372,1508917372,NULL),(6,2,'wqewqew','247996','1.0',0,'',1508917622,1508917622,NULL),(7,2,'wqewqew','622169','2',0,'',1509104680,1509104680,NULL),(8,9,'xxx','722508','11',2,'xxxx',1509433205,1509433205,NULL),(9,9,'xxxxxxx','384386','111',2,'111',1509433615,1509433615,NULL),(10,9,'xxxxxxx','614093','111',2,'111',1509433658,1509433658,NULL),(11,9,'xxxxxxx','927008','111',2,'111',1509434460,1509434460,NULL),(12,9,'xxxxxxx','365676','111',2,'111',1509434491,1509434491,NULL),(13,9,'xxxxxxx','545478','111',2,'111',1509434780,1509434780,NULL),(14,9,'xxxxxxx','143159','111',2,'111',1509435042,1509435042,NULL),(15,9,'2','164834','2',2,'2',1509436023,1509436023,NULL),(16,9,'2','659216','2',2,'11.0',1509436105,1509436105,NULL),(17,9,'2','551208','1.0',2,'11.0',1509436136,1509436136,NULL),(18,9,'74AE9771E48E43D1BE38FFFF8E9C4D7C','607646','1.0',2,'11.0',1509436423,1509436423,NULL),(19,9,'74AE9771E48E43D1BE38FFFF8E9C4D7C','639554','1.0',2,'11.0',1509436625,1509436625,NULL),(20,9,'74AE9771E48E43D1BE38FFFF8E9C4D7C','493851','1.0',2,'11.0',1509436639,1509436639,NULL),(21,9,'74AE9771E48E43D1BE38FFFF8E9C4D7C','505774','1.0',2,'11.0',1509436944,1509436944,NULL),(22,9,'74AE9771E48E43D1BE38FFFF8E9C4D7C','214531','1.0',2,'11.0',1509437012,1509437012,NULL),(23,9,'74AE9771E48E43D1BE38FFFF8E9C4D7C','744532','1.0',2,'11.0',1509437243,1509437243,NULL),(24,9,'74AE9771E48E43D1BE38FFFF8E9C4D7C','902844','1.0',2,'11.0',1509437263,1509437263,NULL),(25,9,'74AE9771E48E43D1BE38FFFF8E9C4D7C','862101','1.0',2,'11.0',1509437391,1509437391,NULL),(26,9,'74AE9771E48E43D1BE38FFFF8E9C4D7C','376595','1.0',2,'11.0',1509437466,1509437466,NULL),(27,9,'74AE9771E48E43D1BE38FFFF8E9C4D7C','381842','1.0',2,'11.0',1509437678,1509437678,NULL),(28,9,'74AE9771E48E43D1BE38FFFF8E9C4D7C','960702','1.0',2,'11.0',1509437786,1509437786,NULL),(29,9,'74AE9771E48E43D1BE38FFFF8E9C4D7C','826230','1.0',2,'11.0',1509438202,1509438202,NULL),(30,9,'74AE9771E48E43D1BE38FFFF8E9C4D7C','657007','1.0',2,'11.0',1509438378,1509438378,NULL),(31,9,'74AE9771E48E43D1BE38FFFF8E9C4D7C','472858','1.0',2,'11.0',1509438446,1509438446,NULL),(32,11,'48ACCDE7DCF14005A2E5E36163C325EE','177324','1.0',2,'11.0',1509439197,1509439197,NULL),(33,12,'48ACCDE7DCF14005A2E5E36163C325EE','655375','1.0',2,'11.0',1509439285,1509439285,NULL),(34,9,'74AE9771E48E43D1BE38FFFF8E9C4D7C','857858','1.0',2,'11.0',1509439834,1509439834,NULL),(35,9,'FA2D24A962A645E5A8E1DCD3B749A725','743248','1.0',2,'10.0.2',1509439884,1509439884,NULL),(36,13,'48ACCDE7DCF14005A2E5E36163C325EE','237548','1.0',2,'11.0',1509440212,1509440212,NULL),(37,13,'48ACCDE7DCF14005A2E5E36163C325EE','541249','1.0',2,'11.0',1509440311,1509440311,NULL),(38,13,'48ACCDE7DCF14005A2E5E36163C325EE','960653','1.0',2,'11.0',1509441850,1509441850,NULL),(39,13,'48ACCDE7DCF14005A2E5E36163C325EE','699468','1.0',2,'11.0',1509441912,1509441912,NULL),(40,13,'48ACCDE7DCF14005A2E5E36163C325EE','266047','1.0',2,'11.0',1509441952,1509441952,NULL),(41,9,'74AE9771E48E43D1BE38FFFF8E9C4D7C','950067','1.0',2,'11.0',1509442034,1509442034,NULL),(42,9,'74AE9771E48E43D1BE38FFFF8E9C4D7C','940989','1.0',2,'11.0',1509442124,1509442124,NULL),(43,9,'74AE9771E48E43D1BE38FFFF8E9C4D7C','704526','1.0',2,'11.0',1509442260,1509442260,NULL),(44,13,'48ACCDE7DCF14005A2E5E36163C325EE','568271','1.0',2,'11.0',1509442275,1509442275,NULL),(45,9,'74AE9771E48E43D1BE38FFFF8E9C4D7C','465159','1.0',2,'11.0',1509442331,1509442331,NULL),(46,9,'74AE9771E48E43D1BE38FFFF8E9C4D7C','974733','1.0',2,'11.0',1509442378,1509442378,NULL),(47,13,'48ACCDE7DCF14005A2E5E36163C325EE','330412','1.0',2,'11.0',1509442422,1509442422,NULL),(48,13,'48ACCDE7DCF14005A2E5E36163C325EE','408779','1.0',2,'11.0',1509442506,1509442506,NULL),(49,13,'48ACCDE7DCF14005A2E5E36163C325EE','131877','1.0',2,'11.0',1509442589,1509442589,NULL),(50,9,'74AE9771E48E43D1BE38FFFF8E9C4D7C','884353','1.0',2,'11.0',1509442732,1509442732,NULL),(51,9,'74AE9771E48E43D1BE38FFFF8E9C4D7C','295455','1.0',2,'11.0',1509442768,1509442768,NULL),(52,13,'48ACCDE7DCF14005A2E5E36163C325EE','799800','1.0',2,'11.0',1509442802,1509442802,NULL),(53,9,'74AE9771E48E43D1BE38FFFF8E9C4D7C','493975','1.0',2,'11.0',1509443057,1509443057,NULL),(54,9,'74AE9771E48E43D1BE38FFFF8E9C4D7C','333714','1.0',2,'11.0',1509443164,1509443164,NULL),(55,13,'48ACCDE7DCF14005A2E5E36163C325EE','708940','1.0',2,'11.0',1509444191,1509444191,NULL),(56,9,'74AE9771E48E43D1BE38FFFF8E9C4D7C','252094','1.0',2,'11.0',1509444544,1509444544,NULL),(57,13,'48ACCDE7DCF14005A2E5E36163C325EE','318198','1.0',2,'11.0',1509444582,1509444582,NULL),(58,9,'74AE9771E48E43D1BE38FFFF8E9C4D7C','510415','1.0',2,'11.0',1509444642,1509444642,NULL),(59,9,'74AE9771E48E43D1BE38FFFF8E9C4D7C','339356','1.0',2,'11.0',1509444712,1509444712,NULL),(60,9,'74AE9771E48E43D1BE38FFFF8E9C4D7C','172078','1.0',2,'11.0',1509444781,1509444781,NULL),(61,9,'74AE9771E48E43D1BE38FFFF8E9C4D7C','167352','1.0',2,'11.0',1509444847,1509444847,NULL),(62,9,'74AE9771E48E43D1BE38FFFF8E9C4D7C','988252','1.0',2,'11.0',1509444894,1509444894,NULL),(63,9,'74AE9771E48E43D1BE38FFFF8E9C4D7C','354185','1.0',2,'11.0',1509444999,1509444999,NULL),(64,13,'48ACCDE7DCF14005A2E5E36163C325EE','297561','1.0',2,'11.0',1509445014,1509445014,NULL),(65,9,'74AE9771E48E43D1BE38FFFF8E9C4D7C','203628','1.0',2,'11.0',1509445017,1509445017,NULL),(66,13,'48ACCDE7DCF14005A2E5E36163C325EE','542318','1.0',2,'11.0',1509445379,1509445379,NULL),(67,9,'74AE9771E48E43D1BE38FFFF8E9C4D7C','711588','1.0',2,'11.0',1509445749,1509445749,NULL),(68,13,'48ACCDE7DCF14005A2E5E36163C325EE','377119','1.0',2,'11.0',1509445852,1509445852,NULL),(69,9,'74AE9771E48E43D1BE38FFFF8E9C4D7C','147876','1.0',2,'11.0',1509445948,1509445948,NULL),(70,13,'48ACCDE7DCF14005A2E5E36163C325EE','144515','1.0',2,'11.0',1509445966,1509445966,NULL),(71,9,'74AE9771E48E43D1BE38FFFF8E9C4D7C','476034','1.0',2,'11.0',1509446018,1509446018,NULL),(72,9,'74AE9771E48E43D1BE38FFFF8E9C4D7C','527749','1.0',2,'11.0',1509446068,1509446068,NULL),(73,9,'74AE9771E48E43D1BE38FFFF8E9C4D7C','181775','1.0',2,'11.0',1509446233,1509446233,NULL),(74,13,'48ACCDE7DCF14005A2E5E36163C325EE','441277','1.0',2,'11.0',1509446250,1509446250,NULL),(75,9,'74AE9771E48E43D1BE38FFFF8E9C4D7C','729915','1.0',2,'11.0',1509446299,1509446299,NULL),(76,9,'74AE9771E48E43D1BE38FFFF8E9C4D7C','693089','1.0',2,'11.0',1509446360,1509446360,NULL),(77,13,'48ACCDE7DCF14005A2E5E36163C325EE','639253','1.0',2,'11.0',1509446538,1509446538,NULL),(78,13,'48ACCDE7DCF14005A2E5E36163C325EE','938729','1.0',2,'11.0',1509446593,1509446593,NULL),(79,9,'74AE9771E48E43D1BE38FFFF8E9C4D7C','289690','1.0',2,'11.0',1509447138,1509447138,NULL),(80,13,'48ACCDE7DCF14005A2E5E36163C325EE','168897','1.0',2,'11.0',1509448490,1509448490,NULL),(81,13,'48ACCDE7DCF14005A2E5E36163C325EE','469894','1.0',2,'11.0',1509448596,1509448596,NULL),(82,13,'48ACCDE7DCF14005A2E5E36163C325EE','331760','1.0',2,'11.0',1509448874,1509448874,NULL),(83,13,'48ACCDE7DCF14005A2E5E36163C325EE','729232','1.0',2,'11.0',1509448936,1509448936,NULL),(84,13,'48ACCDE7DCF14005A2E5E36163C325EE','502113','1.0',2,'11.0',1509449044,1509449044,NULL),(85,13,'48ACCDE7DCF14005A2E5E36163C325EE','733260','1.0',2,'11.0',1509449302,1509449302,NULL),(86,13,'48ACCDE7DCF14005A2E5E36163C325EE','561192','1.0',2,'11.0',1509449331,1509449331,NULL),(87,9,'74AE9771E48E43D1BE38FFFF8E9C4D7C','743203','1.0',2,'11.0',1509449965,1509449965,NULL),(88,13,'48ACCDE7DCF14005A2E5E36163C325EE','743753','1.0',2,'11.0',1509450081,1509450081,NULL),(89,13,'48ACCDE7DCF14005A2E5E36163C325EE','103890','1.0',2,'11.0',1509450105,1509450105,NULL),(90,9,'74AE9771E48E43D1BE38FFFF8E9C4D7C','670103','1.0',2,'11.0',1509450111,1509450111,NULL),(91,9,'74AE9771E48E43D1BE38FFFF8E9C4D7C','869008','1.0',2,'11.0',1509450373,1509450373,NULL),(92,9,'74AE9771E48E43D1BE38FFFF8E9C4D7C','473149','1.0',2,'11.0',1509450416,1509450416,NULL),(93,13,'48ACCDE7DCF14005A2E5E36163C325EE','220114','1.0',2,'11.0',1509450445,1509450445,NULL),(94,9,'74AE9771E48E43D1BE38FFFF8E9C4D7C','322517','1.0',2,'11.0',1509450448,1509450448,NULL),(95,13,'48ACCDE7DCF14005A2E5E36163C325EE','774414','1.0',2,'11.0',1509450516,1509450516,NULL),(96,9,'74AE9771E48E43D1BE38FFFF8E9C4D7C','512402','1.0',2,'11.0',1509450527,1509450527,NULL),(97,9,'74AE9771E48E43D1BE38FFFF8E9C4D7C','298863','1.0',2,'11.0',1509450627,1509450627,NULL),(98,9,'74AE9771E48E43D1BE38FFFF8E9C4D7C','617740','1.0',2,'11.0',1509450699,1509450699,NULL),(99,9,'74AE9771E48E43D1BE38FFFF8E9C4D7C','271809','1.0',2,'11.0',1509450939,1509450939,NULL),(100,9,'74AE9771E48E43D1BE38FFFF8E9C4D7C','126958','1.0',2,'11.0',1509451026,1509451026,NULL),(101,9,'74AE9771E48E43D1BE38FFFF8E9C4D7C','869488','1.0',2,'11.0',1509451035,1509451035,NULL),(102,9,'74AE9771E48E43D1BE38FFFF8E9C4D7C','512351','1.0',2,'11.0',1509451312,1509451312,NULL),(103,13,'48ACCDE7DCF14005A2E5E36163C325EE','298375','1.0',2,'11.0',1509451440,1509451440,NULL),(104,13,'48ACCDE7DCF14005A2E5E36163C325EE','993755','1.0',2,'11.0',1509451498,1509451498,NULL),(105,9,'74AE9771E48E43D1BE38FFFF8E9C4D7C','813329','1.0',2,'11.0',1509451600,1509451600,NULL),(106,13,'48ACCDE7DCF14005A2E5E36163C325EE','500382','1.0',2,'11.0',1509451794,1509451794,NULL),(107,9,'74AE9771E48E43D1BE38FFFF8E9C4D7C','401092','1.0',2,'11.0',1509451914,1509451914,NULL),(108,13,'48ACCDE7DCF14005A2E5E36163C325EE','107283','1.0',2,'11.0',1509451940,1509451940,NULL),(109,13,'48ACCDE7DCF14005A2E5E36163C325EE','849342','1.0',2,'11.0',1509452041,1509452041,NULL),(110,13,'48ACCDE7DCF14005A2E5E36163C325EE','263911','1.0',2,'11.0',1509452152,1509452152,NULL),(111,9,'361AEAF3A5AD425E8813EBBBCEB2D0E9','209627','1.0',2,'11.0.2',1509452163,1509452163,NULL),(112,13,'48ACCDE7DCF14005A2E5E36163C325EE','493214','1.0',2,'11.0',1509452184,1509452184,NULL),(113,13,'48ACCDE7DCF14005A2E5E36163C325EE','562757','1.0',2,'11.0',1509452239,1509452239,NULL),(114,9,'361AEAF3A5AD425E8813EBBBCEB2D0E9','630360','1.0',2,'11.0.2',1509452240,1509452240,NULL),(115,9,'361AEAF3A5AD425E8813EBBBCEB2D0E9','666533','1.0',2,'11.0.2',1509452282,1509452282,NULL),(116,13,'48ACCDE7DCF14005A2E5E36163C325EE','802664','1.0',2,'11.0',1509452329,1509452329,NULL),(117,13,'48ACCDE7DCF14005A2E5E36163C325EE','102562','1.0',2,'11.0',1509452702,1509452702,NULL),(118,13,'48ACCDE7DCF14005A2E5E36163C325EE','768221','1.0',2,'11.0',1509452760,1509452760,NULL),(119,13,'48ACCDE7DCF14005A2E5E36163C325EE','162425','1.0',2,'11.0',1509453092,1509453092,NULL),(120,13,'48ACCDE7DCF14005A2E5E36163C325EE','346438','1.0',2,'11.0',1509453134,1509453134,NULL),(121,13,'48ACCDE7DCF14005A2E5E36163C325EE','250158','1.0',2,'11.0',1509499435,1509499435,NULL),(122,13,'48ACCDE7DCF14005A2E5E36163C325EE','116692','1.0',2,'11.0',1509500011,1509500011,NULL),(123,13,'48ACCDE7DCF14005A2E5E36163C325EE','781468','1.0',2,'11.0',1509500055,1509500055,NULL),(124,13,'48ACCDE7DCF14005A2E5E36163C325EE','841133','1.0',2,'11.0',1509500076,1509500076,NULL),(125,13,'48ACCDE7DCF14005A2E5E36163C325EE','560427','1.0',2,'11.0',1509501017,1509501017,NULL),(126,9,'137708F9777A448496D01E4F64265430','991186','1.0',2,'11.0',1509501409,1509501409,NULL),(127,9,'137708F9777A448496D01E4F64265430','897264','1.0',2,'11.0',1509501518,1509501518,NULL),(128,13,'48ACCDE7DCF14005A2E5E36163C325EE','971415','1.0',2,'11.0',1509501606,1509501606,NULL),(129,13,'48ACCDE7DCF14005A2E5E36163C325EE','480685','1.0',2,'11.0',1509501643,1509501643,NULL),(130,13,'48ACCDE7DCF14005A2E5E36163C325EE','280396','1.0',2,'11.0',1509502104,1509502104,NULL),(131,13,'48ACCDE7DCF14005A2E5E36163C325EE','281411','1.0',2,'11.0',1509502229,1509502229,NULL),(132,13,'48ACCDE7DCF14005A2E5E36163C325EE','670317','1.0',2,'11.0',1509502713,1509502713,NULL),(133,13,'48ACCDE7DCF14005A2E5E36163C325EE','918625','1.0',2,'11.0',1509502826,1509502826,NULL),(134,9,'137708F9777A448496D01E4F64265430','578602','1.0',2,'11.0',1509502989,1509502989,NULL),(135,9,'361AEAF3A5AD425E8813EBBBCEB2D0E9','985492','1.0',2,'11.0.2',1509503101,1509503101,NULL),(136,13,'48ACCDE7DCF14005A2E5E36163C325EE','843290','1.0',2,'11.0',1509503112,1509503112,NULL),(137,13,'48ACCDE7DCF14005A2E5E36163C325EE','976634','1.0',2,'11.0',1509503351,1509503351,NULL),(138,13,'48ACCDE7DCF14005A2E5E36163C325EE','158517','1.0',2,'11.0',1509503726,1509503726,NULL),(139,9,'361AEAF3A5AD425E8813EBBBCEB2D0E9','831504','1.0',2,'11.0.2',1509503796,1509503796,NULL),(140,9,'361AEAF3A5AD425E8813EBBBCEB2D0E9','317829','1.0',2,'11.0.2',1509504010,1509504010,NULL),(141,9,'361AEAF3A5AD425E8813EBBBCEB2D0E9','416779','1.0',2,'11.0.2',1509504397,1509504397,NULL),(142,9,'361AEAF3A5AD425E8813EBBBCEB2D0E9','797477','1.0',2,'11.0.2',1509504513,1509504513,NULL),(143,13,'48ACCDE7DCF14005A2E5E36163C325EE','256679','1.0',2,'11.0',1509504646,1509504646,NULL),(144,13,'48ACCDE7DCF14005A2E5E36163C325EE','243612','1.0',2,'11.0',1509504803,1509504803,NULL),(145,13,'48ACCDE7DCF14005A2E5E36163C325EE','326240','1.0',2,'11.0',1509504818,1509504818,NULL),(146,13,'48ACCDE7DCF14005A2E5E36163C325EE','474539','1.0',2,'11.0',1509504963,1509504963,NULL),(147,9,'361AEAF3A5AD425E8813EBBBCEB2D0E9','388416','1.0',2,'11.0.2',1509505407,1509505407,NULL),(148,9,'361AEAF3A5AD425E8813EBBBCEB2D0E9','921616','1.0',2,'11.0.2',1509505415,1509505415,NULL),(149,9,'361AEAF3A5AD425E8813EBBBCEB2D0E9','794672','1.0',2,'11.0.2',1509505631,1509505631,NULL),(150,13,'48ACCDE7DCF14005A2E5E36163C325EE','423705','1.0',2,'11.0',1509505674,1509505674,NULL),(151,9,'361AEAF3A5AD425E8813EBBBCEB2D0E9','324941','1.0',2,'11.0.2',1509505785,1509505785,NULL),(152,13,'48ACCDE7DCF14005A2E5E36163C325EE','269101','1.0',2,'11.0',1509505892,1509505892,NULL),(153,13,'48ACCDE7DCF14005A2E5E36163C325EE','162090','1.0',2,'11.0',1509506424,1509506424,NULL),(154,13,'48ACCDE7DCF14005A2E5E36163C325EE','601377','1.0',2,'11.0',1509506440,1509506440,NULL),(155,20,'A1000055E18FE7','102186','1.0',1,'5.1.1',1509506780,1509506780,NULL),(156,9,'361AEAF3A5AD425E8813EBBBCEB2D0E9','775601','1.0',2,'11.0.2',1509506894,1509506894,NULL),(157,9,'361AEAF3A5AD425E8813EBBBCEB2D0E9','563171','1.0',2,'11.0.2',1509506941,1509506941,NULL),(158,20,'A1000055E18FE7','895766','1.0',1,'5.1.1',1509507219,1509507219,NULL),(159,9,'361AEAF3A5AD425E8813EBBBCEB2D0E9','533201','1.0',2,'11.0.2',1509507262,1509507262,NULL),(160,20,'A1000055E18FE7','531296','1.0',1,'5.1.1',1509508222,1509508222,NULL),(161,9,'361AEAF3A5AD425E8813EBBBCEB2D0E9','212671','1.0',2,'11.0.2',1509508416,1509508416,NULL),(162,9,'361AEAF3A5AD425E8813EBBBCEB2D0E9','640990','1.0',2,'11.0.2',1509508518,1509508518,NULL),(163,20,'A1000055E18FE7','586151','1.0',1,'5.1.1',1509514137,1509514137,NULL),(164,9,'137708F9777A448496D01E4F64265430','689682','1.0',2,'11.0',1509515197,1509515197,NULL),(165,20,'A1000055E18FE7','287692','1.0',1,'5.1.1',1509515357,1509515357,NULL),(166,20,'A1000055E18FE7','318559','1.0',1,'5.1.1',1509515373,1509515373,NULL),(167,9,'137708F9777A448496D01E4F64265430','322001','1.0',2,'11.0',1509516356,1509516356,NULL),(168,9,'137708F9777A448496D01E4F64265430','198492','1.0',2,'11.0',1509516371,1509516371,NULL),(169,20,'A1000055E18FE7','731748','1.0',1,'5.1.1',1509516822,1509516822,NULL),(170,13,'48ACCDE7DCF14005A2E5E36163C325EE','188217','1.0',2,'11.0',1509517838,1509517838,NULL),(171,13,'48ACCDE7DCF14005A2E5E36163C325EE','316472','1.0',2,'11.0',1509518020,1509518020,NULL),(172,9,'137708F9777A448496D01E4F64265430','529740','1.0',2,'11.0',1509518052,1509518052,NULL),(173,13,'48ACCDE7DCF14005A2E5E36163C325EE','165672','1.0',2,'11.0',1509518236,1509518236,NULL),(174,20,'A1000055E18FE7','992347','1.0',1,'5.1.1',1509518362,1509518362,NULL),(175,9,'C093C335EC8D4F54B4FD29A92AC07FE5','818659','1.0',2,'11.0',1509518507,1509518507,NULL),(176,9,'C093C335EC8D4F54B4FD29A92AC07FE5','337764','1.0',2,'11.0',1509518605,1509518605,NULL),(177,9,'6E59529216AA41A39D3FF0AE5D78CAF9','250484','1.0',2,'11.0',1509518657,1509518657,NULL),(178,9,'A13ADB1C54A840D49CB9116462F11463','203818','1.0',2,'10.3.3',1509519292,1509519292,NULL),(179,9,'361AEAF3A5AD425E8813EBBBCEB2D0E9','277602','1.0',2,'11.0.2',1509519444,1509519444,NULL),(180,9,'6E59529216AA41A39D3FF0AE5D78CAF9','726609','1.0',2,'11.0',1509519966,1509519966,NULL),(181,9,'6E59529216AA41A39D3FF0AE5D78CAF9','811917','1.0',2,'11.0',1509520006,1509520006,NULL),(182,20,'A1000055E18FE7','972799','1.0',1,'5.1.1',1509520818,1509520818,NULL),(183,9,'361AEAF3A5AD425E8813EBBBCEB2D0E9','584714','1.0',2,'11.0.2',1509521493,1509521493,NULL),(184,9,'361AEAF3A5AD425E8813EBBBCEB2D0E9','454694','1.0',2,'11.0.2',1509521790,1509521790,NULL),(185,9,'361AEAF3A5AD425E8813EBBBCEB2D0E9','468026','1.0',2,'11.0.2',1509521870,1509521870,NULL),(186,9,'6E59529216AA41A39D3FF0AE5D78CAF9','813696','1.0',2,'11.0',1509521930,1509521930,NULL),(187,13,'48ACCDE7DCF14005A2E5E36163C325EE','797441','1.0',2,'11.0',1509522597,1509522597,NULL),(188,13,'48ACCDE7DCF14005A2E5E36163C325EE','604293','1.0',2,'11.0',1509522794,1509522794,NULL),(189,9,'6E59529216AA41A39D3FF0AE5D78CAF9','868840','1.0',2,'11.0',1509523414,1509523414,NULL),(190,9,'6E59529216AA41A39D3FF0AE5D78CAF9','267112','1.0',2,'11.0',1509523458,1509523458,NULL),(191,13,'48ACCDE7DCF14005A2E5E36163C325EE','740003','1.0',2,'11.0',1509523811,1509523811,NULL),(192,13,'48ACCDE7DCF14005A2E5E36163C325EE','924278','1.0',2,'11.0',1509524109,1509524109,NULL),(193,9,'6E59529216AA41A39D3FF0AE5D78CAF9','830996','1.0',2,'11.0',1509524413,1509524413,NULL),(194,13,'48ACCDE7DCF14005A2E5E36163C325EE','603851','1.0',2,'11.0',1509524421,1509524421,NULL),(195,9,'6E59529216AA41A39D3FF0AE5D78CAF9','563270','1.0',2,'11.0',1509526314,1509526314,NULL),(196,20,'A1000055E18FE7','870544','1.0',1,'5.1.1',1509526557,1509526557,NULL),(197,9,'6E59529216AA41A39D3FF0AE5D78CAF9','882077','1.0',2,'11.0',1509526643,1509526643,NULL),(198,13,'48ACCDE7DCF14005A2E5E36163C325EE','678646','1.0',2,'11.0',1509526685,1509526685,NULL),(199,9,'6E59529216AA41A39D3FF0AE5D78CAF9','549673','1.0',2,'11.0',1509526945,1509526945,NULL),(200,13,'48ACCDE7DCF14005A2E5E36163C325EE','766199','1.0',2,'11.0',1509527463,1509527463,NULL),(201,9,'6E59529216AA41A39D3FF0AE5D78CAF9','621408','1.0',2,'11.0',1509527477,1509527477,NULL),(202,9,'6E59529216AA41A39D3FF0AE5D78CAF9','175642','1.0',2,'11.0',1509527569,1509527569,NULL),(203,13,'48ACCDE7DCF14005A2E5E36163C325EE','294477','1.0',2,'11.0',1509527651,1509527651,NULL),(204,9,'6E59529216AA41A39D3FF0AE5D78CAF9','393110','1.0',2,'11.0',1509527681,1509527681,NULL),(205,9,'6E59529216AA41A39D3FF0AE5D78CAF9','274415','1.0',2,'11.0',1509527705,1509527705,NULL),(206,13,'48ACCDE7DCF14005A2E5E36163C325EE','405807','1.0',2,'11.0',1509527799,1509527799,NULL),(207,13,'48ACCDE7DCF14005A2E5E36163C325EE','674205','1.0',2,'11.0',1509527896,1509527896,NULL),(208,9,'6E59529216AA41A39D3FF0AE5D78CAF9','604403','1.0',2,'11.0',1509527915,1509527915,NULL),(209,13,'48ACCDE7DCF14005A2E5E36163C325EE','793539','1.0',2,'11.0',1509528250,1509528250,NULL),(210,13,'48ACCDE7DCF14005A2E5E36163C325EE','809734','1.0',2,'11.0',1509528603,1509528603,NULL),(211,20,'A1000055E18FE7','322476','1.0',1,'5.1.1',1509529201,1509529201,NULL),(212,9,'6E59529216AA41A39D3FF0AE5D78CAF9','715351','1.0',2,'11.0',1509530348,1509530348,NULL),(213,13,'48ACCDE7DCF14005A2E5E36163C325EE','672677','1.0',2,'11.0',1509530733,1509530733,NULL),(214,9,'6E59529216AA41A39D3FF0AE5D78CAF9','865757','1.0',2,'11.0',1509530751,1509530751,NULL),(215,9,'6E59529216AA41A39D3FF0AE5D78CAF9','708304','1.0',2,'11.0',1509530810,1509530810,NULL),(216,13,'48ACCDE7DCF14005A2E5E36163C325EE','366377','1.0',2,'11.0',1509530838,1509530838,NULL),(217,9,'6E59529216AA41A39D3FF0AE5D78CAF9','985930','1.0',2,'11.0',1509530842,1509530842,NULL),(218,13,'48ACCDE7DCF14005A2E5E36163C325EE','406651','1.0',2,'11.0',1509530867,1509530867,NULL),(219,13,'48ACCDE7DCF14005A2E5E36163C325EE','407796','1.0',2,'11.0',1509530971,1509530971,NULL),(220,9,'6E59529216AA41A39D3FF0AE5D78CAF9','959253','1.0',2,'11.0',1509531034,1509531034,NULL),(221,13,'48ACCDE7DCF14005A2E5E36163C325EE','517291','1.0',2,'11.0',1509531048,1509531048,NULL),(222,9,'6E59529216AA41A39D3FF0AE5D78CAF9','490223','1.0',2,'11.0',1509531131,1509531131,NULL),(223,9,'6E59529216AA41A39D3FF0AE5D78CAF9','828591','1.0',2,'11.0',1509531164,1509531164,NULL),(224,9,'6E59529216AA41A39D3FF0AE5D78CAF9','194010','1.0',2,'11.0',1509532500,1509532500,NULL),(225,13,'48ACCDE7DCF14005A2E5E36163C325EE','263209','1.0',2,'11.0',1509532779,1509532779,NULL),(226,9,'6E59529216AA41A39D3FF0AE5D78CAF9','947616','1.0',2,'11.0',1509535490,1509535490,NULL),(227,9,'6E59529216AA41A39D3FF0AE5D78CAF9','487621','1.0',2,'11.0',1509535618,1509535618,NULL),(228,9,'6E59529216AA41A39D3FF0AE5D78CAF9','973783','1.0',2,'11.0',1509535649,1509535649,NULL),(229,9,'6E59529216AA41A39D3FF0AE5D78CAF9','661084','1.0',2,'11.0',1509535738,1509535738,NULL),(230,13,'48ACCDE7DCF14005A2E5E36163C325EE','859194','1.0',2,'11.0',1509535818,1509535818,NULL),(231,13,'48ACCDE7DCF14005A2E5E36163C325EE','499692','1.0',2,'11.0',1509535967,1509535967,NULL),(232,9,'6E59529216AA41A39D3FF0AE5D78CAF9','786992','1.0',2,'11.0',1509536570,1509536570,NULL),(233,13,'48ACCDE7DCF14005A2E5E36163C325EE','293204','1.0',2,'11.0',1509537059,1509537059,NULL),(234,9,'6E59529216AA41A39D3FF0AE5D78CAF9','442423','1.0',2,'11.0',1509537063,1509537063,NULL),(235,13,'48ACCDE7DCF14005A2E5E36163C325EE','577229','1.0',2,'11.0',1509537356,1509537356,NULL),(236,13,'48ACCDE7DCF14005A2E5E36163C325EE','581583','1.0',2,'11.0',1509537417,1509537417,NULL),(237,13,'48ACCDE7DCF14005A2E5E36163C325EE','280029','1.0',2,'11.0',1509537577,1509537577,NULL),(238,13,'48ACCDE7DCF14005A2E5E36163C325EE','192208','1.0',2,'11.0',1509537717,1509537717,NULL),(239,13,'48ACCDE7DCF14005A2E5E36163C325EE','448986','1.0',2,'11.0',1509537984,1509537984,NULL),(240,9,'6E59529216AA41A39D3FF0AE5D78CAF9','248961','1.0',2,'11.0',1509538108,1509538108,NULL),(241,9,'6E59529216AA41A39D3FF0AE5D78CAF9','365027','1.0',2,'11.0',1509538640,1509538640,NULL),(242,9,'6E59529216AA41A39D3FF0AE5D78CAF9','462655','1.0',2,'11.0',1509538704,1509538704,NULL),(243,13,'48ACCDE7DCF14005A2E5E36163C325EE','528934','1.0',2,'11.0',1509538867,1509538867,NULL),(244,13,'48ACCDE7DCF14005A2E5E36163C325EE','766579','1.0',2,'11.0',1509539480,1509539480,NULL),(245,13,'48ACCDE7DCF14005A2E5E36163C325EE','762975','1.0',2,'11.0',1509586174,1509586174,NULL),(246,13,'48ACCDE7DCF14005A2E5E36163C325EE','986503','1.0',2,'11.0',1509586580,1509586580,NULL),(247,13,'48ACCDE7DCF14005A2E5E36163C325EE','311342','1.0',2,'11.0',1509586743,1509586743,NULL),(248,13,'48ACCDE7DCF14005A2E5E36163C325EE','651342','1.0',2,'11.0',1509587027,1509587027,NULL),(249,9,'6E59529216AA41A39D3FF0AE5D78CAF9','862284','1.0',2,'11.0',1509587914,1509587914,NULL),(250,9,'6E59529216AA41A39D3FF0AE5D78CAF9','794598','1.0',2,'11.0',1509588167,1509588167,NULL),(251,9,'6E59529216AA41A39D3FF0AE5D78CAF9','697215','1.0',2,'11.0',1509588700,1509588700,NULL),(252,9,'6E59529216AA41A39D3FF0AE5D78CAF9','424744','1.0',2,'11.0',1509588807,1509588807,NULL),(253,9,'6E59529216AA41A39D3FF0AE5D78CAF9','953566','1.0',2,'11.0',1509589406,1509589406,NULL),(254,9,'6E59529216AA41A39D3FF0AE5D78CAF9','238648','1.0',2,'11.0',1509589509,1509589509,NULL),(255,9,'6E59529216AA41A39D3FF0AE5D78CAF9','568681','1.0',2,'11.0',1509589585,1509589585,NULL),(256,9,'6E59529216AA41A39D3FF0AE5D78CAF9','263111','1.0',2,'11.0',1509589670,1509589670,NULL),(257,9,'6E59529216AA41A39D3FF0AE5D78CAF9','110558','1.0',2,'11.0',1509589831,1509589831,NULL),(258,9,'6E59529216AA41A39D3FF0AE5D78CAF9','222151','1.0',2,'11.0',1509590068,1509590068,NULL),(259,13,'48ACCDE7DCF14005A2E5E36163C325EE','920560','1.0',2,'11.0',1509590126,1509590126,NULL),(260,9,'6E59529216AA41A39D3FF0AE5D78CAF9','239406','1.0',2,'11.0',1509590227,1509590227,NULL),(261,9,'6E59529216AA41A39D3FF0AE5D78CAF9','236352','1.0',2,'11.0',1509590359,1509590359,NULL),(262,13,'48ACCDE7DCF14005A2E5E36163C325EE','251277','1.0',2,'11.0',1509590512,1509590512,NULL),(263,20,'1D477D18A69A43049B7D62664BB2A25A','632775','1.0',2,'10.3.3',1509590904,1509590904,NULL),(264,20,'1D477D18A69A43049B7D62664BB2A25A','859893','1.0',2,'10.3.3',1509591134,1509591134,NULL),(265,9,'74AE9771E48E43D1BE38FFFF8E9C4D7C','511347','1.0',2,'11.0',1509591333,1509591333,NULL),(266,9,'74AE9771E48E43D1BE38FFFF8E9C4D7C','248184','1.0',2,'11.0',1509591663,1509591663,NULL),(267,9,'74AE9771E48E43D1BE38FFFF8E9C4D7C','340898','1.0',2,'11.0',1509591715,1509591715,NULL),(268,20,'1D477D18A69A43049B7D62664BB2A25A','996435','1.0',2,'10.3.3',1509591956,1509591956,NULL),(269,9,'74AE9771E48E43D1BE38FFFF8E9C4D7C','871153','1.0',2,'11.0',1509592354,1509592354,NULL),(270,9,'74AE9771E48E43D1BE38FFFF8E9C4D7C','998629','1.0',2,'11.0',1509592526,1509592526,NULL),(271,9,'74AE9771E48E43D1BE38FFFF8E9C4D7C','169909','1.0',2,'11.0',1509592537,1509592537,NULL),(272,9,'74AE9771E48E43D1BE38FFFF8E9C4D7C','668560','1.0',2,'11.0',1509592548,1509592548,NULL),(273,9,'74AE9771E48E43D1BE38FFFF8E9C4D7C','944707','1.0',2,'11.0',1509592556,1509592556,NULL),(274,9,'74AE9771E48E43D1BE38FFFF8E9C4D7C','932373','1.0',2,'11.0',1509592917,1509592917,NULL),(275,9,'74AE9771E48E43D1BE38FFFF8E9C4D7C','134644','1.0',2,'11.0',1509593222,1509593222,NULL),(276,9,'74AE9771E48E43D1BE38FFFF8E9C4D7C','371852','1.0',2,'11.0',1509593276,1509593276,NULL),(277,9,'74AE9771E48E43D1BE38FFFF8E9C4D7C','265083','1.0',2,'11.0',1509593413,1509593413,NULL),(278,13,'48ACCDE7DCF14005A2E5E36163C325EE','708992','1.0',2,'11.0',1509593728,1509593728,NULL),(279,13,'48ACCDE7DCF14005A2E5E36163C325EE','220045','1.0',2,'11.0',1509602494,1509602494,NULL),(280,13,'48ACCDE7DCF14005A2E5E36163C325EE','583623','1.0',2,'11.0',1509602598,1509602598,NULL),(281,13,'48ACCDE7DCF14005A2E5E36163C325EE','736367','1.0',2,'11.0',1509602639,1509602639,NULL),(282,13,'48ACCDE7DCF14005A2E5E36163C325EE','493427','1.0',2,'11.0',1509602785,1509602785,NULL),(283,13,'48ACCDE7DCF14005A2E5E36163C325EE','992533','1.0',2,'11.0',1509604404,1509604404,NULL),(284,13,'48ACCDE7DCF14005A2E5E36163C325EE','676858','1.0',2,'11.0',1509604688,1509604688,NULL),(285,13,'48ACCDE7DCF14005A2E5E36163C325EE','247275','1.0',2,'11.0',1509604888,1509604888,NULL),(286,9,'361AEAF3A5AD425E8813EBBBCEB2D0E9','775373','1.0',2,'11.0.2',1509605146,1509605146,NULL),(287,13,'48ACCDE7DCF14005A2E5E36163C325EE','340961','1.0',2,'11.0',1509605222,1509605222,NULL),(288,9,'6E59529216AA41A39D3FF0AE5D78CAF9','896449','1.0',2,'11.0',1509605330,1509605330,NULL),(289,9,'6E59529216AA41A39D3FF0AE5D78CAF9','375789','1.0',2,'11.0',1509605351,1509605351,NULL),(290,13,'48ACCDE7DCF14005A2E5E36163C325EE','779143','1.0',2,'11.0',1509605373,1509605373,NULL),(291,13,'48ACCDE7DCF14005A2E5E36163C325EE','856626','1.0',2,'11.0',1509605389,1509605389,NULL),(292,9,'6E59529216AA41A39D3FF0AE5D78CAF9','105835','1.0',2,'11.0',1509605532,1509605532,NULL),(293,13,'48ACCDE7DCF14005A2E5E36163C325EE','448268','1.0',2,'11.0',1509605934,1509605934,NULL),(294,9,'6E59529216AA41A39D3FF0AE5D78CAF9','592220','1.0',2,'11.0',1509605977,1509605977,NULL),(295,13,'48ACCDE7DCF14005A2E5E36163C325EE','720251','1.0',2,'11.0',1509605988,1509605988,NULL),(296,9,'6E59529216AA41A39D3FF0AE5D78CAF9','822251','1.0',2,'11.0',1509605990,1509605990,NULL),(297,9,'6E59529216AA41A39D3FF0AE5D78CAF9','433874','1.0',2,'11.0',1509606125,1509606125,NULL),(298,9,'6E59529216AA41A39D3FF0AE5D78CAF9','387030','1.0',2,'11.0',1509606176,1509606176,NULL),(299,20,'1D477D18A69A43049B7D62664BB2A25A','603133','1.0',2,'10.3.3',1509606378,1509606378,NULL),(300,13,'48ACCDE7DCF14005A2E5E36163C325EE','265581','1.0',2,'11.0',1509606396,1509606396,NULL),(301,9,'6E59529216AA41A39D3FF0AE5D78CAF9','998592','1.0',2,'11.0',1509606431,1509606431,NULL),(302,9,'6E59529216AA41A39D3FF0AE5D78CAF9','415574','1.0',2,'11.0',1509606478,1509606478,NULL),(303,9,'6E59529216AA41A39D3FF0AE5D78CAF9','654380','1.0',2,'11.0',1509606501,1509606501,NULL),(304,13,'48ACCDE7DCF14005A2E5E36163C325EE','363615','1.0',2,'11.0',1509606962,1509606962,NULL),(305,13,'48ACCDE7DCF14005A2E5E36163C325EE','172051','1.0',2,'11.0',1509607226,1509607226,NULL),(306,9,'6E59529216AA41A39D3FF0AE5D78CAF9','143012','1.0',2,'11.0',1509607234,1509607234,NULL),(307,13,'48ACCDE7DCF14005A2E5E36163C325EE','402958','1.0',2,'11.0',1509607328,1509607328,NULL),(308,13,'48ACCDE7DCF14005A2E5E36163C325EE','557653','1.0',2,'11.0',1509607389,1509607389,NULL),(309,9,'6E59529216AA41A39D3FF0AE5D78CAF9','355664','1.0',2,'11.0',1509607580,1509607580,NULL),(310,13,'48ACCDE7DCF14005A2E5E36163C325EE','352915','1.0',2,'11.0',1509607776,1509607776,NULL),(311,13,'48ACCDE7DCF14005A2E5E36163C325EE','271227','1.0',2,'11.0',1509607899,1509607899,NULL),(312,13,'48ACCDE7DCF14005A2E5E36163C325EE','618044','1.0',2,'11.0',1509607958,1509607958,NULL),(313,13,'48ACCDE7DCF14005A2E5E36163C325EE','144498','1.0',2,'11.0',1509608086,1509608086,NULL),(314,13,'48ACCDE7DCF14005A2E5E36163C325EE','732012','1.0',2,'11.0',1509608409,1509608409,NULL),(315,9,'6E59529216AA41A39D3FF0AE5D78CAF9','662464','1.0',2,'11.0',1509608577,1509608577,NULL),(316,9,'6E59529216AA41A39D3FF0AE5D78CAF9','165270','1.0',2,'11.0',1509608769,1509608769,NULL),(317,9,'6E59529216AA41A39D3FF0AE5D78CAF9','215532','1.0',2,'11.0',1509609547,1509609547,NULL),(318,9,'6E59529216AA41A39D3FF0AE5D78CAF9','915489','1.0',2,'11.0',1509609722,1509609722,NULL),(319,9,'6E59529216AA41A39D3FF0AE5D78CAF9','666291','1.0',2,'11.0',1509609784,1509609784,NULL),(320,9,'6E59529216AA41A39D3FF0AE5D78CAF9','576462','1.0',2,'11.0',1509609925,1509609925,NULL),(321,13,'48ACCDE7DCF14005A2E5E36163C325EE','294320','1.0',2,'11.0',1509609944,1509609944,NULL),(322,9,'6E59529216AA41A39D3FF0AE5D78CAF9','481469','1.0',2,'11.0',1509609978,1509609978,NULL),(323,13,'48ACCDE7DCF14005A2E5E36163C325EE','768393','1.0',2,'11.0',1509610148,1509610148,NULL),(324,13,'48ACCDE7DCF14005A2E5E36163C325EE','555922','1.0',2,'11.0',1509610265,1509610265,NULL),(325,9,'6E59529216AA41A39D3FF0AE5D78CAF9','439439','1.0',2,'11.0',1509610520,1509610520,NULL),(326,9,'6E59529216AA41A39D3FF0AE5D78CAF9','767980','1.0',2,'11.0',1509610621,1509610621,NULL),(327,9,'6E59529216AA41A39D3FF0AE5D78CAF9','329188','1.0',2,'11.0',1509610806,1509610806,NULL),(328,9,'6E59529216AA41A39D3FF0AE5D78CAF9','446417','1.0',2,'11.0',1509610909,1509610909,NULL),(329,9,'6E59529216AA41A39D3FF0AE5D78CAF9','243850','1.0',2,'11.0',1509610962,1509610962,NULL),(330,13,'48ACCDE7DCF14005A2E5E36163C325EE','922331','1.0',2,'11.0',1509611092,1509611092,NULL),(331,13,'48ACCDE7DCF14005A2E5E36163C325EE','178396','1.0',2,'11.0',1509611297,1509611297,NULL),(332,13,'48ACCDE7DCF14005A2E5E36163C325EE','813341','1.0',2,'11.0',1509611344,1509611344,NULL),(333,13,'48ACCDE7DCF14005A2E5E36163C325EE','810490','1.0',2,'11.0',1509612080,1509612080,NULL),(334,13,'48ACCDE7DCF14005A2E5E36163C325EE','927040','1.0',2,'11.0',1509612165,1509612165,NULL),(335,13,'48ACCDE7DCF14005A2E5E36163C325EE','684541','1.0',2,'11.0',1509612393,1509612393,NULL),(336,13,'48ACCDE7DCF14005A2E5E36163C325EE','508875','1.0',2,'11.0',1509612453,1509612453,NULL),(337,9,'6E59529216AA41A39D3FF0AE5D78CAF9','391795','1.0',2,'11.0',1509612874,1509612874,NULL),(338,13,'48ACCDE7DCF14005A2E5E36163C325EE','871624','1.0',2,'11.0',1509612967,1509612967,NULL),(339,9,'6E59529216AA41A39D3FF0AE5D78CAF9','817086','1.0',2,'11.0',1509613066,1509613066,NULL),(340,9,'6E59529216AA41A39D3FF0AE5D78CAF9','283497','1.0',2,'11.0',1509613471,1509613471,NULL),(341,9,'6E59529216AA41A39D3FF0AE5D78CAF9','558646','1.0',2,'11.0',1509613673,1509613673,NULL),(342,9,'6E59529216AA41A39D3FF0AE5D78CAF9','455018','1.0',2,'11.0',1509613722,1509613722,NULL),(343,9,'6E59529216AA41A39D3FF0AE5D78CAF9','649684','1.0',2,'11.0',1509613777,1509613777,NULL),(344,13,'48ACCDE7DCF14005A2E5E36163C325EE','175223','1.0',2,'11.0',1509613799,1509613799,NULL),(345,9,'6E59529216AA41A39D3FF0AE5D78CAF9','893957','1.0',2,'11.0',1509613864,1509613864,NULL),(346,9,'6E59529216AA41A39D3FF0AE5D78CAF9','313942','1.0',2,'11.0',1509613901,1509613901,NULL),(347,9,'6E59529216AA41A39D3FF0AE5D78CAF9','296762','1.0',2,'11.0',1509613931,1509613931,NULL),(348,13,'48ACCDE7DCF14005A2E5E36163C325EE','506651','1.0',2,'11.0',1509614116,1509614116,NULL),(349,9,'6E59529216AA41A39D3FF0AE5D78CAF9','119927','1.0',2,'11.0',1509614168,1509614168,NULL),(350,9,'6E59529216AA41A39D3FF0AE5D78CAF9','102119','1.0',2,'11.0',1509614270,1509614270,NULL),(351,9,'6E59529216AA41A39D3FF0AE5D78CAF9','850536','1.0',2,'11.0',1509614393,1509614393,NULL),(352,9,'6E59529216AA41A39D3FF0AE5D78CAF9','666858','1.0',2,'11.0',1509614401,1509614401,NULL),(353,9,'6E59529216AA41A39D3FF0AE5D78CAF9','888288','1.0',2,'11.0',1509614428,1509614428,NULL),(354,9,'6E59529216AA41A39D3FF0AE5D78CAF9','733356','1.0',2,'11.0',1509614436,1509614436,NULL),(355,9,'6E59529216AA41A39D3FF0AE5D78CAF9','528115','1.0',2,'11.0',1509614444,1509614444,NULL),(356,9,'6E59529216AA41A39D3FF0AE5D78CAF9','312555','1.0',2,'11.0',1509614450,1509614450,NULL),(357,9,'6E59529216AA41A39D3FF0AE5D78CAF9','952603','1.0',2,'11.0',1509614457,1509614457,NULL),(358,9,'6E59529216AA41A39D3FF0AE5D78CAF9','635027','1.0',2,'11.0',1509614471,1509614471,NULL),(359,9,'6E59529216AA41A39D3FF0AE5D78CAF9','400773','1.0',2,'11.0',1509614478,1509614478,NULL),(360,9,'6E59529216AA41A39D3FF0AE5D78CAF9','335164','1.0',2,'11.0',1509614485,1509614485,NULL),(361,9,'6E59529216AA41A39D3FF0AE5D78CAF9','497837','1.0',2,'11.0',1509614493,1509614493,NULL),(362,9,'6E59529216AA41A39D3FF0AE5D78CAF9','657740','1.0',2,'11.0',1509614499,1509614499,NULL),(363,9,'6E59529216AA41A39D3FF0AE5D78CAF9','873995','1.0',2,'11.0',1509614506,1509614506,NULL),(364,9,'6E59529216AA41A39D3FF0AE5D78CAF9','792271','1.0',2,'11.0',1509614513,1509614513,NULL),(365,9,'6E59529216AA41A39D3FF0AE5D78CAF9','780884','1.0',2,'11.0',1509614524,1509614524,NULL),(366,9,'6E59529216AA41A39D3FF0AE5D78CAF9','336463','1.0',2,'11.0',1509614530,1509614530,NULL),(367,21,'A1000055E18FE7','179180','1.0',1,'5.1.1',1509614573,1509614573,NULL),(368,9,'6E59529216AA41A39D3FF0AE5D78CAF9','385363','1.0',2,'11.0',1509614593,1509614593,NULL),(369,9,'6E59529216AA41A39D3FF0AE5D78CAF9','351584','1.0',2,'11.0',1509614604,1509614604,NULL),(370,13,'48ACCDE7DCF14005A2E5E36163C325EE','672130','1.0',2,'11.0',1509614655,1509614655,NULL),(371,9,'6E59529216AA41A39D3FF0AE5D78CAF9','926475','1.0',2,'11.0',1509615388,1509615388,NULL),(372,13,'48ACCDE7DCF14005A2E5E36163C325EE','484824','1.0',2,'11.0',1509615810,1509615810,NULL),(373,9,'6E59529216AA41A39D3FF0AE5D78CAF9','185483','1.0',2,'11.0',1509617423,1509617423,NULL),(374,9,'6E59529216AA41A39D3FF0AE5D78CAF9','159288','1.0',2,'11.0',1509620949,1509620949,NULL),(375,9,'6E59529216AA41A39D3FF0AE5D78CAF9','581456','1.0',2,'11.0',1509621654,1509621654,NULL),(376,9,'6E59529216AA41A39D3FF0AE5D78CAF9','807823','1.0',2,'11.0',1509621734,1509621734,NULL),(377,9,'6E59529216AA41A39D3FF0AE5D78CAF9','879341','1.0',2,'11.0',1509621969,1509621969,NULL),(378,9,'6E59529216AA41A39D3FF0AE5D78CAF9','867849','1.0',2,'11.0',1509623213,1509623213,NULL),(379,21,'A1000055E18FE7','991966','1.0',1,'5.1.1',1509624350,1509624350,NULL),(380,21,'A1000055E18FE7','575674','1.0',1,'5.1.1',1509624729,1509624729,NULL),(381,22,'865166025730550','371233','1.0',1,'5.1.1',1509625113,1509625113,NULL),(382,9,'AFB623F2758F4047B46D24F6B3362BA6','300015','1.0',2,'11.0',1509625562,1509625562,NULL),(383,22,'865166025730550','422944','1.0',1,'5.1.1',1509625562,1509625562,NULL),(384,22,'865166025730550','310351','1.0',1,'5.1.1',1509625808,1509625808,NULL),(385,9,'AFB623F2758F4047B46D24F6B3362BA6','250204','1.0',2,'11.0',1509625994,1509625994,NULL),(386,22,'865166025730550','846242','1.0',1,'5.1.1',1509626047,1509626047,NULL),(387,22,'865166025730550','765072','1.0',1,'5.1.1',1509627099,1509627099,NULL),(388,22,'865166025730550','354390','1.0',1,'5.1.1',1509627493,1509627493,NULL),(389,22,'865166025730550','575303','1.0',1,'5.1.1',1509627560,1509627560,NULL),(390,22,'865166025730550','644403','1.0',1,'5.1.1',1509628880,1509628880,NULL),(391,22,'865166025730550','779381','1.0',1,'5.1.1',1509628922,1509628922,NULL),(392,22,'865166025730550','335617','1.0',1,'5.1.1',1509629030,1509629030,NULL),(393,22,'865166025730550','163392','1.0',1,'5.1.1',1509629226,1509629226,NULL),(394,22,'865166025730550','107672','1.0',1,'5.1.1',1509629251,1509629251,NULL),(395,9,'6E59529216AA41A39D3FF0AE5D78CAF9','704297','1.0',2,'11.0',1509671509,1509671509,NULL),(396,22,'99000712359913','813000','1.0',1,'7.0',1509672087,1509672087,NULL),(397,22,'99000712359913','779135','1.0',1,'7.0',1509672275,1509672275,NULL),(398,9,'6E59529216AA41A39D3FF0AE5D78CAF9','257118','1.0',2,'11.0',1509672882,1509672882,NULL),(399,9,'6E59529216AA41A39D3FF0AE5D78CAF9','870459','1.0',2,'11.0',1509672964,1509672964,NULL),(400,21,'A1000055E18FE7','217813','1.0',1,'5.1.1',1509672985,1509672985,NULL),(401,9,'6E59529216AA41A39D3FF0AE5D78CAF9','625258','1.0',2,'11.0',1509673046,1509673046,NULL),(402,13,'48ACCDE7DCF14005A2E5E36163C325EE','367988','1.0',2,'11.0',1509673067,1509673067,NULL),(403,9,'6E59529216AA41A39D3FF0AE5D78CAF9','854180','1.0',2,'11.0',1509673122,1509673122,NULL),(404,9,'6E59529216AA41A39D3FF0AE5D78CAF9','486785','1.0',2,'11.0',1509673186,1509673186,NULL),(405,9,'6E59529216AA41A39D3FF0AE5D78CAF9','315455','1.0',2,'11.0',1509673200,1509673200,NULL),(406,9,'6E59529216AA41A39D3FF0AE5D78CAF9','262738','1.0',2,'11.0',1509673541,1509673541,NULL),(407,21,'1D477D18A69A43049B7D62664BB2A25A','348182','1.0',2,'10.3.3',1509673769,1509673769,NULL),(408,21,'A1000055E18FE7','518495','1.0',1,'5.1.1',1509674106,1509674106,NULL),(409,21,'A1000055E18FE7','783404','1.0',1,'5.1.1',1509674257,1509674257,NULL),(410,21,'A1000055E18FE7','930542','1.0',1,'5.1.1',1509674646,1509674646,NULL),(411,21,'A1000055E18FE7','156625','1.0',1,'5.1.1',1509674741,1509674741,NULL),(412,21,'A1000055E18FE7','265076','1.0',1,'5.1.1',1509674784,1509674784,NULL),(413,21,'A1000055E18FE7','670016','1.0',1,'5.1.1',1509674821,1509674821,NULL),(414,21,'A1000055E18FE7','967391','1.0',1,'5.1.1',1509674873,1509674873,NULL),(415,21,'A1000055E18FE7','588100','1.0',1,'5.1.1',1509674963,1509674963,NULL),(416,22,'865166025730550','472010','1.0',1,'5.1.1',1509675212,1509675212,NULL),(417,9,'6E59529216AA41A39D3FF0AE5D78CAF9','473695','1.0',2,'11.0',1509675621,1509675621,NULL),(418,9,'6E59529216AA41A39D3FF0AE5D78CAF9','733786','1.0',2,'11.0',1509675691,1509675691,NULL),(419,9,'6E59529216AA41A39D3FF0AE5D78CAF9','520559','1.0',2,'11.0',1509675753,1509675753,NULL),(420,9,'6E59529216AA41A39D3FF0AE5D78CAF9','842978','1.0',2,'11.0',1509675907,1509675907,NULL),(421,9,'6E59529216AA41A39D3FF0AE5D78CAF9','458199','1.0',2,'11.0',1509675919,1509675919,NULL),(422,9,'6E59529216AA41A39D3FF0AE5D78CAF9','766397','1.0',2,'11.0',1509675949,1509675949,NULL),(423,9,'6E59529216AA41A39D3FF0AE5D78CAF9','995479','1.0',2,'11.0',1509676092,1509676092,NULL),(424,9,'6E59529216AA41A39D3FF0AE5D78CAF9','222348','1.0',2,'11.0',1509676266,1509676266,NULL),(425,9,'6E59529216AA41A39D3FF0AE5D78CAF9','701834','1.0',2,'11.0',1509676312,1509676312,NULL),(426,22,'865166025730550','786319','1.0',1,'5.1.1',1509676440,1509676440,NULL),(427,9,'6E59529216AA41A39D3FF0AE5D78CAF9','370958','1.0',2,'11.0',1509676444,1509676444,NULL),(428,22,'865166025730550','314317','1.0',1,'5.1.1',1509676908,1509676908,NULL),(429,22,'865166025730550','698864','1.0',1,'5.1.1',1509676951,1509676951,NULL),(430,9,'6E59529216AA41A39D3FF0AE5D78CAF9','489619','1.0',2,'11.0',1509678862,1509678862,NULL),(431,9,'6E59529216AA41A39D3FF0AE5D78CAF9','435430','1.0',2,'11.0',1509678931,1509678931,NULL),(432,9,'6E59529216AA41A39D3FF0AE5D78CAF9','996821','1.0',2,'11.0',1509679525,1509679525,NULL),(433,9,'6E59529216AA41A39D3FF0AE5D78CAF9','922189','1.0',2,'11.0',1509680510,1509680510,NULL),(434,13,'48ACCDE7DCF14005A2E5E36163C325EE','938523','1.0',2,'11.0',1509680479,1509680479,NULL),(435,22,'865166025730550','928004','1.0',1,'5.1.1',1509680529,1509680529,NULL),(436,13,'48ACCDE7DCF14005A2E5E36163C325EE','868313','1.0',2,'11.0',1509680919,1509680919,NULL),(437,9,'6E59529216AA41A39D3FF0AE5D78CAF9','536034','1.0',2,'11.0',1509681366,1509681366,NULL),(438,13,'48ACCDE7DCF14005A2E5E36163C325EE','609362','1.0',2,'11.0',1509681311,1509681311,NULL),(439,9,'6E59529216AA41A39D3FF0AE5D78CAF9','877545','1.0',2,'11.0',1509681422,1509681422,NULL),(440,9,'6E59529216AA41A39D3FF0AE5D78CAF9','269452','1.0',2,'11.0',1509681490,1509681490,NULL),(441,9,'6E59529216AA41A39D3FF0AE5D78CAF9','905631','1.0',2,'11.0',1509681542,1509681542,NULL),(442,9,'6E59529216AA41A39D3FF0AE5D78CAF9','983351','1.0',2,'11.0',1509681618,1509681618,NULL),(443,22,'99000712359913','677809','1.0',1,'7.0',1509683128,1509683128,NULL),(444,22,'99000712359913','623631','1.0',1,'7.0',1509683174,1509683174,NULL),(445,22,'99000712359913','271336','1.0',1,'7.0',1509683218,1509683218,NULL),(446,13,'48ACCDE7DCF14005A2E5E36163C325EE','544382','1.0',2,'11.0',1509683378,1509683378,NULL),(447,22,'99000712359913','711424','1.0',1,'7.0',1509683438,1509683438,NULL),(448,13,'48ACCDE7DCF14005A2E5E36163C325EE','315416','1.0',2,'11.0',1509683815,1509683815,NULL),(449,22,'99000712359913','254440','1.0',1,'7.0',1509686605,1509686605,NULL),(450,13,'48ACCDE7DCF14005A2E5E36163C325EE','478930','1.0',2,'11.0',1509686812,1509686812,NULL),(451,13,'48ACCDE7DCF14005A2E5E36163C325EE','246115','1.0',2,'11.0',1509686993,1509686993,NULL),(452,22,'99000712359913','337551','1.0',1,'7.0',1509687011,1509687011,NULL),(453,22,'865166025730550','249808','1.0',1,'5.1.1',1509687708,1509687708,NULL),(454,22,'99000712359913','517493','1.0',1,'7.0',1509688529,1509688529,NULL),(455,22,'99000712359913','987561','1.0',1,'7.0',1509688677,1509688677,NULL),(456,9,'6E59529216AA41A39D3FF0AE5D78CAF9','173458','1.0',2,'11.0',1509688760,1509688760,NULL),(457,9,'361AEAF3A5AD425E8813EBBBCEB2D0E9','106746','1.0',2,'11.0.2',1509688704,1509688704,NULL),(458,9,'6E59529216AA41A39D3FF0AE5D78CAF9','257876','1.0',2,'11.0',1509688839,1509688839,NULL),(459,9,'6E59529216AA41A39D3FF0AE5D78CAF9','307927','1.0',2,'11.0',1509688887,1509688887,NULL),(460,9,'6E59529216AA41A39D3FF0AE5D78CAF9','683562','1.0',2,'11.0',1509688923,1509688923,NULL),(461,9,'6E59529216AA41A39D3FF0AE5D78CAF9','876649','1.0',2,'11.0',1509688970,1509688970,NULL),(462,9,'6E59529216AA41A39D3FF0AE5D78CAF9','404128','1.0',2,'11.0',1509688986,1509688986,NULL),(463,9,'6E59529216AA41A39D3FF0AE5D78CAF9','622268','1.0',2,'11.0',1509689003,1509689003,NULL),(464,9,'6E59529216AA41A39D3FF0AE5D78CAF9','297815','1.0',2,'11.0',1509689030,1509689030,NULL),(465,9,'6E59529216AA41A39D3FF0AE5D78CAF9','559838','1.0',2,'11.0',1509689057,1509689057,NULL),(466,9,'6E59529216AA41A39D3FF0AE5D78CAF9','297785','1.0',2,'11.0',1509689119,1509689119,NULL),(467,9,'6E59529216AA41A39D3FF0AE5D78CAF9','149590','1.0',2,'11.0',1509689144,1509689144,NULL),(468,22,'865166025730550','753344','1.0',1,'5.1.1',1509689220,1509689220,NULL),(469,9,'6E59529216AA41A39D3FF0AE5D78CAF9','905610','1.0',2,'11.0',1509689337,1509689337,NULL),(470,9,'6E59529216AA41A39D3FF0AE5D78CAF9','579810','1.0',2,'11.0',1509689380,1509689380,NULL),(471,9,'6E59529216AA41A39D3FF0AE5D78CAF9','880078','1.0',2,'11.0',1509689790,1509689790,NULL),(472,9,'6E59529216AA41A39D3FF0AE5D78CAF9','493173','1.0',2,'11.0',1509689841,1509689841,NULL),(473,9,'6E59529216AA41A39D3FF0AE5D78CAF9','913246','1.0',2,'11.0',1509690140,1509690140,NULL),(474,9,'6E59529216AA41A39D3FF0AE5D78CAF9','753232','1.0',2,'11.0',1509690199,1509690199,NULL),(475,21,'A1000055E18FE7','868076','1.0',1,'5.1.1',1509690535,1509690535,NULL),(476,22,'865166025730550','484248','1.0',1,'5.1.1',1509690598,1509690598,NULL),(477,9,'6E59529216AA41A39D3FF0AE5D78CAF9','930886','1.0',2,'11.0',1509690620,1509690620,NULL),(478,9,'6E59529216AA41A39D3FF0AE5D78CAF9','808331','1.0',2,'11.0',1509690709,1509690709,NULL),(479,9,'6E59529216AA41A39D3FF0AE5D78CAF9','593476','1.0',2,'11.0',1509690808,1509690808,NULL),(480,9,'6E59529216AA41A39D3FF0AE5D78CAF9','894223','1.0',2,'11.0',1509690908,1509690908,NULL),(481,22,'865166025730550','961356','1.0',1,'5.1.1',1509691675,1509691675,NULL),(482,22,'865166025730550','167144','1.0',1,'5.1.1',1509692198,1509692198,NULL),(483,22,'865166025730550','173597','1.0',1,'5.1.1',1509692213,1509692213,NULL),(484,22,'865166025730550','106811','1.0',1,'5.1.1',1509692396,1509692396,NULL),(485,22,'99000712359913','627551','1.0',1,'7.0',1509692498,1509692498,NULL),(486,9,'6E59529216AA41A39D3FF0AE5D78CAF9','166452','1.0',2,'11.0',1509692846,1509692846,NULL),(487,9,'6E59529216AA41A39D3FF0AE5D78CAF9','644285','1.0',2,'11.0',1509693292,1509693292,NULL),(488,22,'99000712359913','248468','1.0',1,'7.0',1509693315,1509693315,NULL),(489,22,'99000712359913','327120','1.0',1,'7.0',1509693387,1509693387,NULL),(490,9,'6E59529216AA41A39D3FF0AE5D78CAF9','482947','1.0',2,'11.0',1509693405,1509693405,NULL),(491,9,'6E59529216AA41A39D3FF0AE5D78CAF9','172707','1.0',2,'11.0',1509694143,1509694143,NULL),(492,9,'6E59529216AA41A39D3FF0AE5D78CAF9','728618','1.0',2,'11.0',1509694221,1509694221,NULL),(493,9,'6E59529216AA41A39D3FF0AE5D78CAF9','880815','1.0',2,'11.0',1509694969,1509694969,NULL),(494,9,'6E59529216AA41A39D3FF0AE5D78CAF9','317981','1.0',2,'11.0',1509694992,1509694992,NULL),(495,13,'48ACCDE7DCF14005A2E5E36163C325EE','917869','1.0',2,'11.0',1509695028,1509695028,NULL),(496,9,'6E59529216AA41A39D3FF0AE5D78CAF9','537474','1.0',2,'11.0',1509695241,1509695241,NULL),(497,9,'6E59529216AA41A39D3FF0AE5D78CAF9','404087','1.0',2,'11.0',1509695322,1509695322,NULL),(498,13,'48ACCDE7DCF14005A2E5E36163C325EE','362307','1.0',2,'11.0',1509695355,1509695355,NULL),(499,9,'6E59529216AA41A39D3FF0AE5D78CAF9','994185','1.0',2,'11.0',1509695375,1509695375,NULL),(500,9,'6E59529216AA41A39D3FF0AE5D78CAF9','383102','1.0',2,'11.0',1509696551,1509696551,NULL),(501,9,'6E59529216AA41A39D3FF0AE5D78CAF9','199161','1.0',2,'11.0',1509696634,1509696634,NULL),(502,9,'6E59529216AA41A39D3FF0AE5D78CAF9','378299','1.0',2,'11.0',1509696888,1509696888,NULL),(503,9,'6E59529216AA41A39D3FF0AE5D78CAF9','310109','1.0',2,'11.0',1509697052,1509697052,NULL),(504,13,'48ACCDE7DCF14005A2E5E36163C325EE','189383','1.0',2,'11.0',1509697855,1509697855,NULL),(505,9,'6E59529216AA41A39D3FF0AE5D78CAF9','921003','1.0',2,'11.0',1509697906,1509697906,NULL),(506,9,'6E59529216AA41A39D3FF0AE5D78CAF9','835830','1.0',2,'11.0',1509698098,1509698098,NULL),(507,9,'6E59529216AA41A39D3FF0AE5D78CAF9','373790','1.0',2,'11.0',1509698187,1509698187,NULL),(508,9,'6E59529216AA41A39D3FF0AE5D78CAF9','695393','1.0',2,'11.0',1509698605,1509698605,NULL),(509,9,'6E59529216AA41A39D3FF0AE5D78CAF9','286036','1.0',2,'11.0',1509698638,1509698638,NULL),(510,9,'6E59529216AA41A39D3FF0AE5D78CAF9','984921','1.0',2,'11.0',1509698813,1509698813,NULL),(511,9,'6E59529216AA41A39D3FF0AE5D78CAF9','935412','1.0',2,'11.0',1509698864,1509698864,NULL),(512,13,'48ACCDE7DCF14005A2E5E36163C325EE','309346','1.0',2,'11.0',1509699015,1509699015,NULL),(513,13,'48ACCDE7DCF14005A2E5E36163C325EE','451237','1.0',2,'11.0',1509699309,1509699309,NULL),(514,13,'48ACCDE7DCF14005A2E5E36163C325EE','531462','1.0',2,'11.0',1509699845,1509699845,NULL),(515,13,'48ACCDE7DCF14005A2E5E36163C325EE','552165','1.0',2,'11.0',1509700313,1509700313,NULL),(516,13,'48ACCDE7DCF14005A2E5E36163C325EE','753360','1.0',2,'11.0',1509700381,1509700381,NULL),(517,13,'48ACCDE7DCF14005A2E5E36163C325EE','454263','1.0',2,'11.0',1509700466,1509700466,NULL),(518,13,'48ACCDE7DCF14005A2E5E36163C325EE','891623','1.0',2,'11.0',1509700582,1509700582,NULL),(519,9,'6E59529216AA41A39D3FF0AE5D78CAF9','562375','1.0',2,'11.0',1509700927,1509700927,NULL),(520,9,'6E59529216AA41A39D3FF0AE5D78CAF9','872412','1.0',2,'11.0',1509700951,1509700951,NULL),(521,9,'6E59529216AA41A39D3FF0AE5D78CAF9','429452','1.0',2,'11.0',1509700997,1509700997,NULL),(522,9,'6E59529216AA41A39D3FF0AE5D78CAF9','798563','1.0',2,'11.0',1509701092,1509701092,NULL),(523,9,'6E59529216AA41A39D3FF0AE5D78CAF9','105717','1.0',2,'11.0',1509701209,1509701209,NULL),(524,13,'48ACCDE7DCF14005A2E5E36163C325EE','433115','1.0',2,'11.0',1509701288,1509701288,NULL),(525,13,'48ACCDE7DCF14005A2E5E36163C325EE','544463','1.0',2,'11.0',1509701335,1509701335,NULL),(526,9,'6E59529216AA41A39D3FF0AE5D78CAF9','392844','1.0',2,'11.0',1509701444,1509701444,NULL),(527,13,'48ACCDE7DCF14005A2E5E36163C325EE','458008','1.0',2,'11.0',1509701592,1509701592,NULL),(528,21,'6E59529216AA41A39D3FF0AE5D78CAF9','916322','1.0',2,'11.0',1509702131,1509702131,NULL),(529,13,'48ACCDE7DCF14005A2E5E36163C325EE','295702','1.0',2,'11.0',1509702437,1509702437,NULL),(530,9,'6E59529216AA41A39D3FF0AE5D78CAF9','378468','1.0',2,'11.0',1509703042,1509703042,NULL),(531,13,'48ACCDE7DCF14005A2E5E36163C325EE','934029','1.0',2,'11.0',1509704212,1509704212,NULL),(532,13,'48ACCDE7DCF14005A2E5E36163C325EE','596664','1.0',2,'11.0',1509704295,1509704295,NULL),(533,13,'48ACCDE7DCF14005A2E5E36163C325EE','314813','1.0',2,'11.0',1509704339,1509704339,NULL),(534,13,'48ACCDE7DCF14005A2E5E36163C325EE','286875','1.0',2,'11.0',1509704411,1509704411,NULL),(535,13,'48ACCDE7DCF14005A2E5E36163C325EE','699418','1.0',2,'11.0',1509704537,1509704537,NULL),(536,13,'48ACCDE7DCF14005A2E5E36163C325EE','945131','1.0',2,'11.0',1509704662,1509704662,NULL),(537,13,'48ACCDE7DCF14005A2E5E36163C325EE','473263','1.0',2,'11.0',1509704818,1509704818,NULL),(538,13,'48ACCDE7DCF14005A2E5E36163C325EE','906726','1.0',2,'11.0',1509704881,1509704881,NULL),(539,13,'48ACCDE7DCF14005A2E5E36163C325EE','606332','1.0',2,'11.0',1509705329,1509705329,NULL),(540,13,'48ACCDE7DCF14005A2E5E36163C325EE','111974','1.0',2,'11.0',1509705420,1509705420,NULL),(541,13,'48ACCDE7DCF14005A2E5E36163C325EE','819752','1.0',2,'11.0',1509705616,1509705616,NULL),(542,13,'48ACCDE7DCF14005A2E5E36163C325EE','129162','1.0',2,'11.0',1509706626,1509706626,NULL),(543,13,'48ACCDE7DCF14005A2E5E36163C325EE','690740','1.0',2,'11.0',1509706728,1509706728,NULL),(544,13,'48ACCDE7DCF14005A2E5E36163C325EE','864001','1.0',2,'11.0',1509706779,1509706779,NULL),(545,13,'48ACCDE7DCF14005A2E5E36163C325EE','784119','1.0',2,'11.0',1509708130,1509708130,NULL),(546,13,'48ACCDE7DCF14005A2E5E36163C325EE','973597','1.0',2,'11.0',1509708167,1509708167,NULL),(547,13,'48ACCDE7DCF14005A2E5E36163C325EE','883053','1.0',2,'11.0',1509708267,1509708267,NULL),(548,9,'6E59529216AA41A39D3FF0AE5D78CAF9','937119','1.0',2,'11.0',1509774161,1509774161,NULL),(549,9,'6E59529216AA41A39D3FF0AE5D78CAF9','719985','1.0',2,'11.0',1509774459,1509774459,NULL),(550,13,'48ACCDE7DCF14005A2E5E36163C325EE','710497','1.0',2,'11.0',1509774460,1509774460,NULL),(551,13,'48ACCDE7DCF14005A2E5E36163C325EE','141254','1.0',2,'11.0',1509775180,1509775180,NULL),(552,13,'48ACCDE7DCF14005A2E5E36163C325EE','349106','1.0',2,'11.0',1509775581,1509775581,NULL),(553,13,'48ACCDE7DCF14005A2E5E36163C325EE','789170','1.0',2,'11.0',1509775844,1509775844,NULL),(554,13,'48ACCDE7DCF14005A2E5E36163C325EE','752504','1.0',2,'11.0',1509778858,1509778858,NULL),(555,9,'6E59529216AA41A39D3FF0AE5D78CAF9','147290','1.0',2,'11.0',1509778961,1509778961,NULL),(556,9,'6E59529216AA41A39D3FF0AE5D78CAF9','225258','1.0',2,'11.0',1509779082,1509779082,NULL),(557,13,'48ACCDE7DCF14005A2E5E36163C325EE','225195','1.0',2,'11.0',1509779241,1509779241,NULL),(558,9,'6E59529216AA41A39D3FF0AE5D78CAF9','882965','1.0',2,'11.0',1509780316,1509780316,NULL),(559,13,'48ACCDE7DCF14005A2E5E36163C325EE','800956','1.0',2,'11.0',1509780691,1509780691,NULL),(560,9,'6E59529216AA41A39D3FF0AE5D78CAF9','283569','1.0',2,'11.0',1509780710,1509780710,NULL),(561,9,'6E59529216AA41A39D3FF0AE5D78CAF9','443434','1.0',2,'11.0',1509780746,1509780746,NULL),(562,9,'6E59529216AA41A39D3FF0AE5D78CAF9','808212','1.0',2,'11.0',1509780862,1509780862,NULL),(563,13,'48ACCDE7DCF14005A2E5E36163C325EE','367364','1.0',2,'11.0',1509780984,1509780984,NULL),(564,13,'48ACCDE7DCF14005A2E5E36163C325EE','284296','1.0',2,'11.0',1509781217,1509781217,NULL),(565,9,'6E59529216AA41A39D3FF0AE5D78CAF9','289836','1.0',2,'11.0',1509781449,1509781449,NULL),(566,9,'6E59529216AA41A39D3FF0AE5D78CAF9','891271','1.0',2,'11.0',1509781534,1509781534,NULL),(567,9,'6E59529216AA41A39D3FF0AE5D78CAF9','504624','1.0',2,'11.0',1509781683,1509781683,NULL),(568,13,'48ACCDE7DCF14005A2E5E36163C325EE','641382','1.0',2,'11.0',1509782466,1509782466,NULL),(569,13,'48ACCDE7DCF14005A2E5E36163C325EE','890822','1.0',2,'11.0',1509782698,1509782698,NULL),(570,13,'48ACCDE7DCF14005A2E5E36163C325EE','197206','1.0',2,'11.0',1509783505,1509783505,NULL),(571,13,'48ACCDE7DCF14005A2E5E36163C325EE','375558','1.0',2,'11.0',1509783543,1509783543,NULL),(572,13,'48ACCDE7DCF14005A2E5E36163C325EE','685960','1.0',2,'11.0',1509783771,1509783771,NULL),(573,13,'48ACCDE7DCF14005A2E5E36163C325EE','564091','1.0',2,'11.0',1509784522,1509784522,NULL),(574,13,'48ACCDE7DCF14005A2E5E36163C325EE','279134','1.0',2,'11.0',1509784621,1509784621,NULL),(575,13,'48ACCDE7DCF14005A2E5E36163C325EE','304712','1.0',2,'11.0',1509784661,1509784661,NULL),(576,13,'48ACCDE7DCF14005A2E5E36163C325EE','217361','1.0',2,'11.0',1509784721,1509784721,NULL),(577,13,'48ACCDE7DCF14005A2E5E36163C325EE','633298','1.0',2,'11.0',1509784790,1509784790,NULL),(578,13,'48ACCDE7DCF14005A2E5E36163C325EE','225604','1.0',2,'11.0',1509785331,1509785331,NULL),(579,13,'48ACCDE7DCF14005A2E5E36163C325EE','271861','1.0',2,'11.0',1509785479,1509785479,NULL),(580,13,'48ACCDE7DCF14005A2E5E36163C325EE','694630','1.0',2,'11.0',1509785651,1509785651,NULL),(581,13,'48ACCDE7DCF14005A2E5E36163C325EE','556975','1.0',2,'11.0',1509785778,1509785778,NULL),(582,13,'48ACCDE7DCF14005A2E5E36163C325EE','298270','1.0',2,'11.0',1509785852,1509785852,NULL),(583,13,'48ACCDE7DCF14005A2E5E36163C325EE','269096','1.0',2,'11.0',1509786003,1509786003,NULL),(584,13,'48ACCDE7DCF14005A2E5E36163C325EE','580800','1.0',2,'11.0',1509786075,1509786075,NULL),(585,13,'48ACCDE7DCF14005A2E5E36163C325EE','794088','1.0',2,'11.0',1509786780,1509786780,NULL),(586,9,'6E59529216AA41A39D3FF0AE5D78CAF9','599928','1.0',2,'11.0',1509786861,1509786861,NULL),(587,9,'6E59529216AA41A39D3FF0AE5D78CAF9','872790','1.0',2,'11.0',1509787103,1509787103,NULL),(588,9,'6E59529216AA41A39D3FF0AE5D78CAF9','181954','1.0',2,'11.0',1509787604,1509787604,NULL),(589,9,'6E59529216AA41A39D3FF0AE5D78CAF9','280761','1.0',2,'11.0',1509789572,1509789572,NULL),(590,13,'48ACCDE7DCF14005A2E5E36163C325EE','779928','1.0',2,'11.0',1509789632,1509789632,NULL),(591,13,'48ACCDE7DCF14005A2E5E36163C325EE','907395','1.0',2,'11.0',1509790959,1509790959,NULL),(592,13,'48ACCDE7DCF14005A2E5E36163C325EE','434194','1.0',2,'11.0',1509791165,1509791165,NULL),(593,13,'48ACCDE7DCF14005A2E5E36163C325EE','367752','1.0',2,'11.0',1509791292,1509791292,NULL),(594,13,'48ACCDE7DCF14005A2E5E36163C325EE','329928','1.0',2,'11.0',1509791399,1509791399,NULL),(595,9,'361AEAF3A5AD425E8813EBBBCEB2D0E9','718882','1.0',2,'11.0.2',1509795977,1509795977,NULL),(596,21,'A3B72E3E004D492B88B7797DEEADEDBF','430743','1.0',2,'10.3.3',1509796879,1509796879,NULL),(597,13,'48ACCDE7DCF14005A2E5E36163C325EE','440676','1.0',2,'11.0',1509797157,1509797157,NULL),(598,13,'48ACCDE7DCF14005A2E5E36163C325EE','518456','1.0',2,'11.0',1509797220,1509797220,NULL),(599,9,'6E59529216AA41A39D3FF0AE5D78CAF9','797522','1.0',2,'11.0',1509797544,1509797544,NULL),(600,13,'48ACCDE7DCF14005A2E5E36163C325EE','561110','1.0',2,'11.0',1509798348,1509798348,NULL),(601,13,'48ACCDE7DCF14005A2E5E36163C325EE','661462','1.0',2,'11.0',1509799094,1509799094,NULL),(602,9,'6E59529216AA41A39D3FF0AE5D78CAF9','958358','1.0',2,'11.0',1509799417,1509799417,NULL),(603,9,'6E59529216AA41A39D3FF0AE5D78CAF9','282236','1.0',2,'11.0',1509799781,1509799781,NULL),(604,9,'6E59529216AA41A39D3FF0AE5D78CAF9','919700','1.0',2,'11.0',1509799924,1509799924,NULL),(605,9,'6E59529216AA41A39D3FF0AE5D78CAF9','502046','1.0',2,'11.0',1509799963,1509799963,NULL),(606,9,'6E59529216AA41A39D3FF0AE5D78CAF9','265913','1.0',2,'11.0',1509800141,1509800141,NULL),(607,9,'6E59529216AA41A39D3FF0AE5D78CAF9','642656','1.0',2,'11.0',1509800155,1509800155,NULL),(608,9,'6E59529216AA41A39D3FF0AE5D78CAF9','678576','1.0',2,'11.0',1509849431,1509849431,NULL),(609,9,'6E59529216AA41A39D3FF0AE5D78CAF9','664890','1.0',2,'11.0',1509849962,1509849962,NULL),(610,9,'6E59529216AA41A39D3FF0AE5D78CAF9','600444','1.0',2,'11.0',1509850012,1509850012,NULL),(611,9,'6E59529216AA41A39D3FF0AE5D78CAF9','639865','1.0',2,'11.0',1509850088,1509850088,NULL),(612,9,'6E59529216AA41A39D3FF0AE5D78CAF9','907728','1.0',2,'11.0',1509850173,1509850173,NULL),(613,9,'6E59529216AA41A39D3FF0AE5D78CAF9','277675','1.0',2,'11.0',1509851100,1509851100,NULL),(614,21,'A3B72E3E004D492B88B7797DEEADEDBF','470241','1.0',2,'10.3.3',1509851965,1509851965,NULL),(615,9,'361AEAF3A5AD425E8813EBBBCEB2D0E9','597902','1.0',2,'11.0.2',1509853265,1509853265,NULL),(616,13,'48ACCDE7DCF14005A2E5E36163C325EE','796067','1.0',2,'11.0',1509853883,1509853883,NULL),(617,13,'48ACCDE7DCF14005A2E5E36163C325EE','276941','1.0',2,'11.0',1509853984,1509853984,NULL),(618,13,'48ACCDE7DCF14005A2E5E36163C325EE','537341','1.0',2,'11.0',1509854098,1509854098,NULL),(619,9,'6E59529216AA41A39D3FF0AE5D78CAF9','524628','1.0',2,'11.0',1509854468,1509854468,NULL),(620,9,'6E59529216AA41A39D3FF0AE5D78CAF9','668188','1.0',2,'11.0',1509854613,1509854613,NULL),(621,13,'48ACCDE7DCF14005A2E5E36163C325EE','245518','1.0',2,'11.0',1509854622,1509854622,NULL),(622,13,'48ACCDE7DCF14005A2E5E36163C325EE','395755','1.0',2,'11.0',1509854668,1509854668,NULL),(623,9,'6E59529216AA41A39D3FF0AE5D78CAF9','382707','1.0',2,'11.0',1509854697,1509854697,NULL),(624,13,'48ACCDE7DCF14005A2E5E36163C325EE','173245','1.0',2,'11.0',1509854740,1509854740,NULL),(625,13,'48ACCDE7DCF14005A2E5E36163C325EE','410858','1.0',2,'11.0',1509854813,1509854813,NULL),(626,13,'48ACCDE7DCF14005A2E5E36163C325EE','846794','1.0',2,'11.0',1509854834,1509854834,NULL),(627,13,'48ACCDE7DCF14005A2E5E36163C325EE','734632','1.0',2,'11.0',1509854854,1509854854,NULL),(628,9,'6E59529216AA41A39D3FF0AE5D78CAF9','877100','1.0',2,'11.0',1509854856,1509854856,NULL),(629,9,'6E59529216AA41A39D3FF0AE5D78CAF9','869232','1.0',2,'11.0',1509855040,1509855040,NULL),(630,13,'48ACCDE7DCF14005A2E5E36163C325EE','256851','1.0',2,'11.0',1509855588,1509855588,NULL),(631,13,'48ACCDE7DCF14005A2E5E36163C325EE','487632','1.0',2,'11.0',1509856505,1509856505,NULL),(632,13,'48ACCDE7DCF14005A2E5E36163C325EE','320841','1.0',2,'11.0',1509856626,1509856626,NULL),(633,13,'48ACCDE7DCF14005A2E5E36163C325EE','308430','1.0',2,'11.0',1509856749,1509856749,NULL),(634,13,'48ACCDE7DCF14005A2E5E36163C325EE','667408','1.0',2,'11.0',1509857051,1509857051,NULL),(635,13,'48ACCDE7DCF14005A2E5E36163C325EE','538596','1.0',2,'11.0',1509857101,1509857101,NULL),(636,13,'48ACCDE7DCF14005A2E5E36163C325EE','641799','1.0',2,'11.0',1509857142,1509857142,NULL),(637,9,'6E59529216AA41A39D3FF0AE5D78CAF9','711051','1.0',2,'11.0',1509857918,1509857918,NULL),(638,9,'6E59529216AA41A39D3FF0AE5D78CAF9','664902','1.0',2,'11.0',1509857992,1509857992,NULL),(639,9,'6E59529216AA41A39D3FF0AE5D78CAF9','663864','1.0',2,'11.0',1509858047,1509858047,NULL),(640,9,'6E59529216AA41A39D3FF0AE5D78CAF9','471519','1.0',2,'11.0',1509858078,1509858078,NULL),(641,13,'48ACCDE7DCF14005A2E5E36163C325EE','181508','1.0',2,'11.0',1509858177,1509858177,NULL),(642,9,'6E59529216AA41A39D3FF0AE5D78CAF9','273560','1.0',2,'11.0',1509858273,1509858273,NULL),(643,13,'48ACCDE7DCF14005A2E5E36163C325EE','901626','1.0',2,'11.0',1509858284,1509858284,NULL),(644,1,'865166025730550','906524','1.0',1,'5.1.1',1509858329,1509858329,NULL),(645,13,'48ACCDE7DCF14005A2E5E36163C325EE','786024','1.0',2,'11.0',1509858340,1509858340,NULL),(646,9,'6E59529216AA41A39D3FF0AE5D78CAF9','640244','1.0',2,'11.0',1509858471,1509858471,NULL),(647,13,'48ACCDE7DCF14005A2E5E36163C325EE','907860','1.0',2,'11.0',1509858473,1509858473,NULL),(648,2,'865166025730550','268248','1.0',1,'5.1.1',1509858503,1509858503,NULL),(649,2,'865166025730550','926966','1.0',1,'5.1.1',1509858594,1509858594,NULL),(650,13,'48ACCDE7DCF14005A2E5E36163C325EE','937947','1.0',2,'11.0',1509858597,1509858597,NULL),(651,2,'865166025730550','393202','1.0',1,'5.1.1',1509858784,1509858784,NULL),(652,13,'48ACCDE7DCF14005A2E5E36163C325EE','208407','1.0',2,'11.0',1509859464,1509859464,NULL),(653,13,'48ACCDE7DCF14005A2E5E36163C325EE','919973','1.0',2,'11.0',1509859517,1509859517,NULL),(654,13,'48ACCDE7DCF14005A2E5E36163C325EE','923245','1.0',2,'11.0',1509860489,1509860489,NULL),(655,13,'48ACCDE7DCF14005A2E5E36163C325EE','953396','1.0',2,'11.0',1509860509,1509860509,NULL),(656,8,'865166025730550','358840','1.0',1,'5.1.1',1509860527,1509860527,NULL),(657,13,'48ACCDE7DCF14005A2E5E36163C325EE','569462','1.0',2,'11.0',1509860592,1509860592,NULL),(658,13,'48ACCDE7DCF14005A2E5E36163C325EE','805376','1.0',2,'11.0',1509860655,1509860655,NULL),(659,7,'865166025730550','678370','1.0',1,'5.1.1',1509860676,1509860676,NULL),(660,9,'6E59529216AA41A39D3FF0AE5D78CAF9','975114','1.0',2,'11.0',1509861290,1509861290,NULL),(661,13,'48ACCDE7DCF14005A2E5E36163C325EE','615127','1.0',2,'11.0',1509861303,1509861303,NULL),(662,7,'6E59529216AA41A39D3FF0AE5D78CAF9','990705','1.0',2,'11.0',1509861311,1509861311,NULL),(663,13,'48ACCDE7DCF14005A2E5E36163C325EE','921240','1.0',2,'11.0',1509861442,1509861442,NULL),(664,13,'48ACCDE7DCF14005A2E5E36163C325EE','443843','1.0',2,'11.0',1509861476,1509861476,NULL),(665,13,'48ACCDE7DCF14005A2E5E36163C325EE','170767','1.0',2,'11.0',1509861503,1509861503,NULL),(666,13,'48ACCDE7DCF14005A2E5E36163C325EE','772565','1.0',2,'11.0',1509861715,1509861715,NULL),(667,13,'48ACCDE7DCF14005A2E5E36163C325EE','963894','1.0',2,'11.0',1509861838,1509861838,NULL),(668,13,'48ACCDE7DCF14005A2E5E36163C325EE','380506','1.0',2,'11.0',1509861982,1509861982,NULL),(669,1,'865166025730550','253760','1.0',1,'5.1.1',1509862045,1509862045,NULL),(670,13,'48ACCDE7DCF14005A2E5E36163C325EE','909396','1.0',2,'11.0',1509862112,1509862112,NULL),(671,9,'6E59529216AA41A39D3FF0AE5D78CAF9','654174','1.0',2,'11.0',1509862433,1509862433,NULL),(672,9,'6E59529216AA41A39D3FF0AE5D78CAF9','517516','1.0',2,'11.0',1509862683,1509862683,NULL),(673,7,'865166025730550','518578','1.0',1,'5.1.1',1509864162,1509864162,NULL),(674,9,'6E59529216AA41A39D3FF0AE5D78CAF9','601899','1.0',2,'11.0',1509864165,1509864165,NULL),(675,1,'865166025730550','870171','1.0',1,'5.1.1',1509864255,1509864255,NULL),(676,7,'865166025730550','992355','1.0',1,'5.1.1',1509864469,1509864469,NULL),(677,9,'6E59529216AA41A39D3FF0AE5D78CAF9','170499','1.0',2,'11.0',1509864576,1509864576,NULL),(678,7,'865166025730550','562116','1.0',1,'5.1.1',1509864577,1509864577,NULL),(679,9,'6E59529216AA41A39D3FF0AE5D78CAF9','332162','1.0',2,'11.0',1509864832,1509864832,NULL),(680,7,'865166025730550','449841','1.0',1,'5.1.1',1509864848,1509864848,NULL),(681,7,'865166025730550','436219','1.0',1,'5.1.1',1509864960,1509864960,NULL),(682,7,'865166025730550','928760','1.0',1,'5.1.1',1509865016,1509865016,NULL),(683,9,'6E59529216AA41A39D3FF0AE5D78CAF9','209235','1.0',2,'11.0',1509865208,1509865208,NULL),(684,7,'865166025730550','846725','1.0',1,'5.1.1',1509865195,1509865195,NULL),(685,1,'865166025730550','347440','1.0',1,'5.1.1',1509865241,1509865241,NULL),(686,1,'865166025730550','466303','1.0',1,'5.1.1',1509865411,1509865411,NULL),(687,1,'99000712359913','282447','1.0',1,'7.0',1509865507,1509865507,NULL),(688,1,'99000712359913','901760','1.0',1,'7.0',1509865692,1509865692,NULL),(689,1,'865166025730550','445793','1.0',1,'5.1.1',1509866081,1509866081,NULL),(690,1,'865166025730550','169244','1.0',1,'5.1.1',1509866215,1509866215,NULL),(691,9,'6E59529216AA41A39D3FF0AE5D78CAF9','628349','1.0',2,'11.0',1509866293,1509866293,NULL),(692,9,'6E59529216AA41A39D3FF0AE5D78CAF9','322946','1.0',2,'11.0',1509867218,1509867218,NULL),(693,13,'48ACCDE7DCF14005A2E5E36163C325EE','914278','1.0',2,'11.0',1509867457,1509867457,NULL),(694,9,'6E59529216AA41A39D3FF0AE5D78CAF9','269245','1.0',2,'11.0',1509867565,1509867565,NULL),(695,13,'48ACCDE7DCF14005A2E5E36163C325EE','869831','1.0',2,'11.0',1509868496,1509868496,NULL),(696,13,'48ACCDE7DCF14005A2E5E36163C325EE','542493','1.0',2,'11.0',1509868574,1509868574,NULL),(697,9,'6E59529216AA41A39D3FF0AE5D78CAF9','162877','1.0',2,'11.0',1509868580,1509868580,NULL),(698,13,'48ACCDE7DCF14005A2E5E36163C325EE','339528','1.0',2,'11.0',1509868776,1509868776,NULL),(699,9,'6E59529216AA41A39D3FF0AE5D78CAF9','625954','1.0',2,'11.0',1509868822,1509868822,NULL),(700,13,'48ACCDE7DCF14005A2E5E36163C325EE','224836','1.0',2,'11.0',1509868854,1509868854,NULL),(701,13,'48ACCDE7DCF14005A2E5E36163C325EE','273385','1.0',2,'11.0',1509869022,1509869022,NULL),(702,9,'6E59529216AA41A39D3FF0AE5D78CAF9','136962','1.0',2,'11.0',1509869027,1509869027,NULL),(703,13,'48ACCDE7DCF14005A2E5E36163C325EE','430812','1.0',2,'11.0',1509869555,1509869555,NULL),(704,9,'6E59529216AA41A39D3FF0AE5D78CAF9','571300','1.0',2,'11.0',1509869600,1509869600,NULL),(705,9,'6E59529216AA41A39D3FF0AE5D78CAF9','769724','1.0',2,'11.0',1509869763,1509869763,NULL),(706,9,'6E59529216AA41A39D3FF0AE5D78CAF9','865746','1.0',2,'11.0',1509869781,1509869781,NULL),(707,13,'48ACCDE7DCF14005A2E5E36163C325EE','843323','1.0',2,'11.0',1509869800,1509869800,NULL),(708,9,'6E59529216AA41A39D3FF0AE5D78CAF9','316947','1.0',2,'11.0',1509869911,1509869911,NULL),(709,9,'6E59529216AA41A39D3FF0AE5D78CAF9','695126','1.0',2,'11.0',1509870012,1509870012,NULL),(710,13,'48ACCDE7DCF14005A2E5E36163C325EE','949389','1.0',2,'11.0',1509870172,1509870172,NULL),(711,1,'865166025730550','978632','1.0',1,'5.1.1',1509870458,1509870458,NULL),(712,1,'865166025730550','536486','1.0',1,'5.1.1',1509871122,1509871122,NULL),(713,13,'48ACCDE7DCF14005A2E5E36163C325EE','718376','1.0',2,'11.0',1509871296,1509871296,NULL),(714,1,'865166025730550','175894','1.0',1,'5.1.1',1509871347,1509871347,NULL),(715,13,'48ACCDE7DCF14005A2E5E36163C325EE','749750','1.0',2,'11.0',1509872059,1509872059,NULL),(716,13,'48ACCDE7DCF14005A2E5E36163C325EE','209911','1.0',2,'11.0',1509872137,1509872137,NULL),(717,1,'865166025730550','926028','1.0',1,'5.1.1',1509872402,1509872402,NULL),(718,13,'48ACCDE7DCF14005A2E5E36163C325EE','518123','1.0',2,'11.0',1509872460,1509872460,NULL),(719,1,'865166025730550','798318','1.0',1,'5.1.1',1509872532,1509872532,NULL),(720,13,'48ACCDE7DCF14005A2E5E36163C325EE','168396','1.0',2,'11.0',1509873102,1509873102,NULL),(721,13,'48ACCDE7DCF14005A2E5E36163C325EE','728286','1.0',2,'11.0',1509873651,1509873651,NULL),(722,9,'6E59529216AA41A39D3FF0AE5D78CAF9','640159','1.0',2,'11.0',1509873735,1509873735,NULL),(723,13,'48ACCDE7DCF14005A2E5E36163C325EE','636118','1.0',2,'11.0',1509873780,1509873780,NULL),(724,13,'48ACCDE7DCF14005A2E5E36163C325EE','762792','1.0',2,'11.0',1509874264,1509874264,NULL),(725,1,'865166025730550','188579','1.0',1,'5.1.1',1509875371,1509875371,NULL),(726,8,'865166025730550','680202','1.0',1,'5.1.1',1509875402,1509875402,NULL),(727,1,'865166025730550','579120','1.0',1,'5.1.1',1509875552,1509875552,NULL),(728,1,'865166025730550','500795','1.0',1,'5.1.1',1509875599,1509875599,NULL),(729,13,'48ACCDE7DCF14005A2E5E36163C325EE','835490','1.0',2,'11.0',1509875736,1509875736,NULL),(730,1,'865166025730550','299225','1.0',1,'5.1.1',1509875847,1509875847,NULL),(731,1,'99000712359913','341871','1.0',1,'7.0',1509875936,1509875936,NULL),(732,13,'48ACCDE7DCF14005A2E5E36163C325EE','424195','1.0',2,'11.0',1509876038,1509876038,NULL),(733,13,'48ACCDE7DCF14005A2E5E36163C325EE','858147','1.0',2,'11.0',1509876053,1509876053,NULL),(734,13,'48ACCDE7DCF14005A2E5E36163C325EE','374334','1.0',2,'11.0',1509876512,1509876512,NULL),(735,9,'6E59529216AA41A39D3FF0AE5D78CAF9','755777','1.0',2,'11.0',1509876992,1509876992,NULL),(736,13,'48ACCDE7DCF14005A2E5E36163C325EE','181427','1.0',2,'11.0',1509877083,1509877083,NULL),(737,1,'865166025730550','716255','1.0',1,'5.1.1',1509877088,1509877088,NULL),(738,13,'48ACCDE7DCF14005A2E5E36163C325EE','271227','1.0',2,'11.0',1509877456,1509877456,NULL),(739,13,'48ACCDE7DCF14005A2E5E36163C325EE','675343','1.0',2,'11.0',1509877466,1509877466,NULL),(740,13,'48ACCDE7DCF14005A2E5E36163C325EE','552093','1.0',2,'11.0',1509877604,1509877604,NULL),(741,13,'48ACCDE7DCF14005A2E5E36163C325EE','506680','1.0',2,'11.0',1509877698,1509877698,NULL),(742,13,'48ACCDE7DCF14005A2E5E36163C325EE','655024','1.0',2,'11.0',1509877793,1509877793,NULL),(743,13,'48ACCDE7DCF14005A2E5E36163C325EE','784978','1.0',2,'11.0',1509877859,1509877859,NULL),(744,13,'48ACCDE7DCF14005A2E5E36163C325EE','148452','1.0',2,'11.0',1509877893,1509877893,NULL),(745,13,'48ACCDE7DCF14005A2E5E36163C325EE','347457','1.0',2,'11.0',1509877955,1509877955,NULL),(746,13,'48ACCDE7DCF14005A2E5E36163C325EE','641184','1.0',2,'11.0',1509878283,1509878283,NULL),(747,13,'48ACCDE7DCF14005A2E5E36163C325EE','711319','1.0',2,'11.0',1509878296,1509878296,NULL),(748,13,'48ACCDE7DCF14005A2E5E36163C325EE','402243','1.0',2,'11.0',1509878333,1509878333,NULL),(749,13,'48ACCDE7DCF14005A2E5E36163C325EE','706152','1.0',2,'11.0',1509878342,1509878342,NULL),(750,13,'48ACCDE7DCF14005A2E5E36163C325EE','909628','1.0',2,'11.0',1509878694,1509878694,NULL),(751,9,'6E59529216AA41A39D3FF0AE5D78CAF9','600582','1.0',2,'11.0',1509878713,1509878713,NULL),(752,9,'6E59529216AA41A39D3FF0AE5D78CAF9','177327','1.0',2,'11.0',1509878736,1509878736,NULL),(753,9,'6E59529216AA41A39D3FF0AE5D78CAF9','377559','1.0',2,'11.0',1509878763,1509878763,NULL),(754,9,'6E59529216AA41A39D3FF0AE5D78CAF9','331019','1.0',2,'11.0',1509878928,1509878928,NULL),(755,9,'6E59529216AA41A39D3FF0AE5D78CAF9','441068','1.0',2,'11.0',1509879020,1509879020,NULL),(756,9,'6E59529216AA41A39D3FF0AE5D78CAF9','648316','1.0',2,'11.0',1509879105,1509879105,NULL),(757,9,'6E59529216AA41A39D3FF0AE5D78CAF9','911805','1.0',2,'11.0',1509879162,1509879162,NULL),(758,9,'6E59529216AA41A39D3FF0AE5D78CAF9','599848','1.0',2,'11.0',1509879190,1509879190,NULL),(759,9,'6E59529216AA41A39D3FF0AE5D78CAF9','842427','1.0',2,'11.0',1509879280,1509879280,NULL),(760,9,'6E59529216AA41A39D3FF0AE5D78CAF9','982660','1.0',2,'11.0',1509879302,1509879302,NULL),(761,13,'48ACCDE7DCF14005A2E5E36163C325EE','987850','1.0',2,'11.0',1509879645,1509879645,NULL),(762,13,'48ACCDE7DCF14005A2E5E36163C325EE','305588','1.0',2,'11.0',1509879766,1509879766,NULL),(763,13,'48ACCDE7DCF14005A2E5E36163C325EE','691973','1.0',2,'11.0',1509880049,1509880049,NULL),(764,13,'48ACCDE7DCF14005A2E5E36163C325EE','672914','1.0',2,'11.0',1509880150,1509880150,NULL),(765,13,'48ACCDE7DCF14005A2E5E36163C325EE','283959','1.0',2,'11.0',1509880406,1509880406,NULL),(766,1,'865166025730550','133748','1.0',1,'5.1.1',1509880962,1509880962,NULL),(767,9,'40ACFA183C114654A02297A4184E3573','233422','1.0',2,'10.0.2',1509883273,1509883273,NULL),(768,9,'6E59529216AA41A39D3FF0AE5D78CAF9','534999','1.0',2,'11.0',1509883324,1509883324,NULL),(769,9,'361AEAF3A5AD425E8813EBBBCEB2D0E9','419673','1.0',2,'11.0.2',1509885061,1509885061,NULL),(770,1,'865166025730550','784484','1.0',1,'5.1.1',1509886183,1509886183,NULL),(771,1,'865166025730550','746160','1.0',1,'5.1.1',1509886420,1509886420,NULL),(772,21,'BDF5674C433543D7AFC50A2730428F88','871614','1.0',2,'10.3.3',1509886478,1509886478,NULL),(773,13,'40ACFA183C114654A02297A4184E3573','744565','1.0',2,'10.0.2',1509887501,1509887501,NULL),(774,13,'361AEAF3A5AD425E8813EBBBCEB2D0E9','766011','1.0',2,'11.0.2',1509887733,1509887733,NULL),(775,13,'361AEAF3A5AD425E8813EBBBCEB2D0E9','841755','1.0',2,'11.0.2',1509889726,1509889726,NULL),(776,1,'403F6BBC9C7442489FE830C4F03CD7A0','821666','1.0',2,'10.3.3',1509889789,1509889789,NULL),(777,3,'312C597471304453AD1EAA09EA9FE66B','671828','1.0',2,'10.2',1509889930,1509889930,NULL),(778,9,'6E59529216AA41A39D3FF0AE5D78CAF9','417378','1.0',2,'11.0',1509890174,1509890174,NULL),(779,1,'B4340BBD2F584DA0BA3EBF8A89A730E6','539851','1.0',2,'11.0.1',1509890179,1509890179,NULL),(780,2,'B4340BBD2F584DA0BA3EBF8A89A730E6','944101','1.0',2,'11.0.1',1509890446,1509890446,NULL),(781,1,'B4340BBD2F584DA0BA3EBF8A89A730E6','360924','1.0',2,'11.0.1',1509890719,1509890719,NULL),(782,1,'6E59529216AA41A39D3FF0AE5D78CAF9','378271','1.0',2,'11.0',1509935811,1509935811,NULL),(783,13,'6E59529216AA41A39D3FF0AE5D78CAF9','878775','1.0',2,'11.0',1509935876,1509935876,NULL),(784,8,'6E59529216AA41A39D3FF0AE5D78CAF9','416090','1.0',2,'11.0',1509935985,1509935985,NULL),(785,2,'6E59529216AA41A39D3FF0AE5D78CAF9','866711','1.0',2,'11.0',1509936096,1509936096,NULL),(786,8,'6E59529216AA41A39D3FF0AE5D78CAF9','765675','1.0',2,'11.0',1509936168,1509936168,NULL),(787,13,'62FB2FBFF5DD4DF19BD9DDCC461571B1','800980','1.0',2,'11.0',1509936168,1509936168,NULL),(788,7,'6E59529216AA41A39D3FF0AE5D78CAF9','866366','1.0',2,'11.0',1509936188,1509936188,NULL),(789,5,'6E59529216AA41A39D3FF0AE5D78CAF9','255589','1.0',2,'11.0',1509936230,1509936230,NULL);

/*!40101 SET SQL_MODE=@OLD_SQL_MODE */;
/*!40014 SET FOREIGN_KEY_CHECKS=@OLD_FOREIGN_KEY_CHECKS */;
/*!40014 SET UNIQUE_CHECKS=@OLD_UNIQUE_CHECKS */;
/*!40111 SET SQL_NOTES=@OLD_SQL_NOTES */;
